Rank,Host/device,Type,Operation,#Occurrences,Total time (us),Avg. time (us),Total self-time (us),Avg. self-time (us),Total self-time on Device (%),Cumulative total-self time on Device (%),Total self-time on Host (%),Cumulative total-self time on Host (%)
1,Device,IDLE,IDLE,0,4950.188,0.0,4950.188,0.0,0.2524328889306365,0.2524328889306365,0.0,0.0
2,Device,Conv2D,sequential/conv2d_1/Conv2D,4,1527.386,381.8465,1527.386,381.8465,0.07788844797252328,0.3303213369031598,0.0,0.0
3,Device,Conv2DBackpropFilter,gradient_tape/sequential/conv2d_1/Conv2DBackpropFilter,4,1525.627,381.40675,1525.627,381.40675,0.07779874845977165,0.40812008536293143,0.0,0.0
4,Device,Conv2DBackpropInput,gradient_tape/sequential/conv2d_1/Conv2DBackpropInput,4,1452.029,363.00725,1452.029,363.00725,0.07404564741400996,0.4821657327769414,0.0,0.0
5,Device,Conv2DBackpropFilter,gradient_tape/sequential/conv2d/Conv2DBackpropFilter,2,1304.572,652.286,1304.572,652.286,0.06652613573020222,0.5486918685071436,0.0,0.0
6,Device,ResourceApplyAdadelta,Adadelta/Adadelta/update_4/ResourceApplyAdadelta,2,817.373,408.6865,817.373,408.6865,0.04168161446068334,0.5903734829678269,0.0,0.0
7,Device,MatMul,gradient_tape/sequential/dense/MatMul,2,649.438,324.719,649.438,324.719,0.033117835225921655,0.6234913181937485,0.0,0.0
8,Device,MatMul,sequential/dense/MatMul,2,641.822,320.911,641.822,320.911,0.032729460303172114,0.6562207784969206,0.0,0.0
9,Device,MatMul,gradient_tape/sequential/dense/MatMul_1,2,626.654,313.327,626.654,313.327,0.03195597411248604,0.6881767526094067,0.0,0.0
10,Device,MaxPoolGrad,gradient_tape/sequential/max_pooling2d/MaxPool/MaxPoolGrad,2,594.494,297.247,594.494,297.247,0.030315987568942795,0.7184927401783495,0.0,0.0
11,Device,MaxPoolGrad,gradient_tape/sequential/max_pooling2d_1/MaxPool/MaxPoolGrad,2,585.822,292.911,585.822,292.911,0.029873762341778395,0.7483665025201279,0.0,0.0
12,Device,Conv2D,sequential/conv2d/Conv2D,2,573.054,286.527,573.054,286.527,0.029222663206580627,0.7775891657267086,0.0,0.0
13,Device,BiasAdd,sequential/conv2d/BiasAdd,2,545.278,272.639,545.278,272.639,0.027806237017729343,0.8053954027444379,0.0,0.0
14,Device,ReluGrad,gradient_tape/sequential/conv2d/ReluGrad,2,478.527,239.2635,478.527,239.2635,0.024402296042354485,0.8297976987867923,0.0,0.0
15,Device,Relu,sequential/conv2d/Relu,2,297.054,148.527,297.054,148.527,0.015148151825425877,0.8449458506122182,0.0,0.0
16,Device,MatMul,sequential/dense_1/MatMul,2,296.766,148.383,296.766,148.383,0.015133465378767284,0.8600793159909854,0.0,0.0
17,Device,SoftmaxCrossEntropyWithLogits,categorical_crossentropy/softmax_cross_entropy_with_logits,2,287.072,143.536,287.072,143.536,0.014639123663807449,0.8747184396547929,0.0,0.0
18,Device,MaxPool,sequential/max_pooling2d/MaxPool,2,267.232,133.616,267.232,133.616,0.01362739067177082,0.8883458303265637,0.0,0.0
19,Device,BiasAddGrad,gradient_tape/sequential/conv2d/BiasAdd/BiasAddGrad,2,192.543,96.2715,192.543,96.2715,0.009818654510368402,0.8981644848369321,0.0,0.0
20,Device,BiasAdd,sequential/conv2d_1/BiasAdd,2,133.856,66.928,133.856,66.928,0.0068259340414342385,0.9049904188783664,0.0,0.0
21,Device,ReluGrad,gradient_tape/sequential/conv2d_1/ReluGrad,2,111.327,55.6635,111.327,55.6635,0.005677076552644256,0.9106674954310107,0.0,0.0
22,Device,_Send,IteratorGetNext/_1,2,107.456,53.728,107.456,53.728,0.0054796764310629156,0.9161471718620736,0.0,0.0
23,Device,BiasAddGrad,gradient_tape/sequential/conv2d_1/BiasAdd/BiasAddGrad,2,106.336,53.168,106.336,53.168,0.005422562471835041,0.9215697343339087,0.0,0.0
24,Device,MatMul,gradient_tape/sequential/dense_1/MatMul_1,2,87.072,43.536,87.072,43.536,0.0044402023731156025,0.9260099367070243,0.0,0.0
25,Device,ResourceApplyAdadelta,Adadelta/Adadelta/update_2/ResourceApplyAdadelta,2,78.208,39.104,78.208,39.104,0.00398818618151214,0.9299981228885363,0.0,0.0
26,Device,MaxPool,sequential/max_pooling2d_1/MaxPool,2,71.71,35.855,71.71,35.855,0.003656823228777561,0.9336549461173139,0.0,0.0
27,Device,Relu,sequential/conv2d_1/Relu,2,61.6,30.8,61.6,30.8,0.003141267757533089,0.936796213874847,0.0,0.0
28,Device,ResourceApplyAdadelta,Adadelta/Adadelta/update_6/ResourceApplyAdadelta,2,60.864,30.432,60.864,30.432,0.0031037357271833424,0.9398999496020304,0.0,0.0
29,Device,ResourceApplyAdadelta,Adadelta/Adadelta/update_7/ResourceApplyAdadelta,2,59.488,29.744,59.488,29.744,0.003033567148703383,0.9429335167507338,0.0,0.0
30,Device,MatMul,gradient_tape/sequential/dense_1/MatMul,2,57.824,28.912,57.824,28.912,0.002948712123564827,0.9458822288742986,0.0,0.0
31,Device,Unknown,gradient_tape/sequential/max_pooling2d_1/MaxPool/MaxPoolGrad-2-TransposeNHWCToNCHW-LayoutOptimizer:Transpose,2,56.192,28.096,56.192,28.096,0.0028654889258327813,0.9487477178001315,0.0,0.0
32,Device,Softmax,sequential/dense_1/Softmax,2,55.839,27.9195,55.839,27.9195,0.00284748782975471,0.9515952056298862,0.0,0.0
33,Device,Unknown,sequential/max_pooling2d_1/MaxPool-0-2-TransposeNCHWToNHWC-LayoutOptimizer:Transpose,2,53.28,26.64,53.28,26.64,0.002716992631840308,0.9543121982617265,0.0,0.0
34,Device,ResourceApplyAdadelta,Adadelta/Adadelta/update_5/ResourceApplyAdadelta,2,52.288,26.144,52.288,26.144,0.002666405982238476,0.956978604243965,0.0,0.0
35,Device,ResourceApplyAdadelta,Adadelta/Adadelta/update/ResourceApplyAdadelta,2,51.744,25.872,51.744,25.872,0.0026386649163277947,0.9596172691602928,0.0,0.0
36,Device,ResourceApplyAdadelta,Adadelta/Adadelta/update_1/ResourceApplyAdadelta,2,48.863,24.4315,48.863,24.4315,0.0024917494551353783,0.9621090186154282,0.0,0.0
37,Device,ResourceApplyAdadelta,Adadelta/Adadelta/update_3/ResourceApplyAdadelta,2,48.576,24.288,48.576,24.288,0.002477114003083236,0.9645861326185114,0.0,0.0
38,Device,BiasAddGrad,gradient_tape/sequential/dense_1/BiasAdd/BiasAddGrad,2,41.696,20.848,41.696,20.848,0.0021262711106834363,0.9667124037291949,0.0,0.0
39,Device,RandomUniform,sequential/dropout/dropout/random_uniform/RandomUniform,2,41.696,20.848,41.696,20.848,0.0021262711106834363,0.9688386748398783,0.0,0.0
40,Device,GreaterEqual,sequential/dropout/dropout/GreaterEqual,2,33.312,16.656,33.312,16.656,0.0016987323301776338,0.9705374071700559,0.0,0.0
41,Device,BiasAdd,sequential/dense/BiasAdd,2,32.64,16.32,32.64,16.32,0.0016644639546409094,0.9722018711246968,0.0,0.0
42,Device,BiasAddGrad,gradient_tape/sequential/dense/BiasAdd/BiasAddGrad,2,30.975,15.4875,30.975,15.4875,0.0015795579348959,0.9737814290595928,0.0,0.0
43,Device,ReluGrad,gradient_tape/sequential/dense/ReluGrad,2,30.272,15.136,30.272,15.136,0.0015437087265591177,0.9753251377861518,0.0,0.0
44,Device,Mul,sequential/dropout/dropout/Mul_1,2,26.4,13.2,26.4,13.2,0.0013462576103713236,0.9766713953965231,0.0,0.0
45,Device,Mul,gradient_tape/sequential/dropout/dropout/Mul_1,2,25.504,12.752,25.504,12.752,0.0013005664429890243,0.9779719618395122,0.0,0.0
46,Device,Mul,sequential/dropout/dropout/Mul,2,22.24,11.12,22.24,11.12,0.0011341200475249332,0.9791060818870371,0.0,0.0
47,Device,Mul,gradient_tape/sequential/dropout/dropout/Mul,2,21.856,10.928,21.856,10.928,0.001114538118646805,0.9802206200056839,0.0,0.0
48,Device,ArgMax,ArgMax,2,21.472,10.736,21.472,10.736,0.0010949561897686767,0.9813155761954525,0.0,0.0
49,Device,ArgMax,ArgMax_1,2,20.608,10.304,20.608,10.304,0.001050896849792888,0.9823664730452454,0.0,0.0
50,Device,Relu,sequential/dense/Relu,2,19.488,9.744,19.488,9.744,0.0009937828905650136,0.9833602559358104,0.0,0.0
51,Device,Cast,sequential/dropout/dropout/Cast,2,18.272,9.136,18.272,9.136,0.000931773449117607,0.9842920293849281,0.0,0.0
52,Device,Mul,gradient_tape/categorical_crossentropy/softmax_cross_entropy_with_logits/mul,2,17.696,8.848,17.696,8.848,0.0009024005558004146,0.9851944299407285,0.0,0.0
53,Device,Tile,gradient_tape/categorical_crossentropy/weighted_loss/Tile_1,2,16.864,8.432,16.864,8.432,0.0008599730432311365,0.9860544029839596,0.0,0.0
54,Device,DivNoNan,gradient_tape/categorical_crossentropy/weighted_loss/value/div_no_nan,2,16.48,8.24,16.48,8.24,0.0008403911143530082,0.9868947940983126,0.0,0.0
55,Device,Sum,categorical_crossentropy/weighted_loss/Sum,2,15.072,7.536,15.072,7.536,0.0007685907084665375,0.9876633848067792,0.0,0.0
56,Device,DivNoNan,div_no_nan_1,2,14.048,7.024,14.048,7.024,0.0007163722314581953,0.9883797570382373,0.0,0.0
57,Device,DivNoNan,categorical_crossentropy/weighted_loss/value,2,13.696,6.848,13.696,6.848,0.0006984221299865777,0.9890781791682239,0.0,0.0
58,Device,AssignAddVariableOp,AssignAddVariableOp_2,2,13.472,6.736,13.472,6.736,0.0006869993381410028,0.9897651785063649,0.0,0.0
59,Device,Mul,Mul,2,13.312,6.656,13.312,6.656,0.0006788402011084493,0.9904440187074733,0.0,0.0
60,Device,DivNoNan,div_no_nan,2,13.312,6.656,13.312,6.656,0.0006788402011084493,0.9911228589085818,0.0,0.0
61,Device,BiasAdd,sequential/dense_1/BiasAdd,2,12.64,6.32,12.64,6.32,0.0006445718255717247,0.9917674307341535,0.0,0.0
62,Device,Equal,Equal,2,12.512,6.256,12.512,6.256,0.000638044515945682,0.9924054752500993,0.0,0.0
63,Device,AssignAddVariableOp,AssignAddVariableOp_4,2,12.448,6.224,12.448,6.224,0.0006347808611326606,0.9930402561112319,0.0,0.0
64,Device,Sum,Sum_2,2,12.448,6.224,12.448,6.224,0.0006347808611326606,0.9936750369723646,0.0,0.0
65,Device,AssignAddVariableOp,Adadelta/Adadelta/AssignAddVariableOp,2,12.384,6.192,12.384,6.192,0.0006315172063196392,0.9943065541786842,0.0,0.0
66,Device,Cast,Cast,2,12.384,6.192,12.384,6.192,0.0006315172063196392,0.9949380713850038,0.0,0.0
67,Device,AssignAddVariableOp,AssignAddVariableOp_3,2,12.16,6.08,12.16,6.08,0.0006200944144740643,0.9955581657994779,0.0,0.0
68,Device,AssignAddVariableOp,AssignAddVariableOp,2,12.0,6.0,12.0,6.0,0.0006119352774415108,0.9961701010769194,0.0,0.0
69,Device,AssignAddVariableOp,AssignAddVariableOp_1,2,11.936,5.968,11.936,5.968,0.0006086716226284894,0.9967787726995478,0.0,0.0
70,Device,Cast,Cast_1,2,11.648,5.824,11.648,5.824,0.0005939851759698932,0.9973727578755177,0.0,0.0
71,Device,Cast,categorical_crossentropy/weighted_loss/num_elements/Cast,2,11.648,5.824,11.648,5.824,0.0005939851759698932,0.9979667430514876,0.0,0.0
72,Device,Cast,Cast_2,2,10.752,5.376,10.752,5.376,0.0005482940085875937,0.9985150370600752,0.0,0.0
73,Device,LogicalAnd,LogicalAnd,1,6.976,6.976,6.976,6.976,0.0003557383746193316,0.9988707754346945,0.0,0.0
74,Device,_Recv,categorical_crossentropy/weighted_loss/num_elements/_14,2,6.816,3.408,6.816,3.408,0.00034757923758677815,0.9992183546722813,0.0,0.0
75,Device,_Recv,Size/_16,2,5.536,2.768,5.536,2.768,0.00028230614132635027,0.9995006608136077,0.0,0.0
76,Device,_Send,IteratorGetNext/_3,2,5.312,2.656,5.312,2.656,0.00027088334948077546,0.9997715441630884,0.0,0.0
77,Device,_Recv,strided_slice/_12,2,4.48,2.24,4.48,2.24,0.0002284558369114974,0.9999999999999999,0.0,0.0
78,Host,IDLE,IDLE,0,56989.964,0.0,56989.964,0.0,0.0,0.0,0.9382819044819857,0.9382819044819857
79,Host,_Send,IteratorGetNext/_3,2,1253.493,626.7465,1253.493,626.7465,0.0,0.0,0.0206374897744248,0.9589193942564105
80,Host,_Send,IteratorGetNext/_1,2,1198.931,599.4655,1198.931,599.4655,0.0,0.0,0.01973918183248004,0.9786585760888905
81,Host,_Send,IteratorGetNext/_6,2,461.277,230.6385,461.277,230.6385,0.0,0.0,0.007594457544379864,0.9862530336332703
82,Host,GatherV2,GatherV2,2,346.832,173.416,346.832,173.416,0.0,0.0,0.005710236797048969,0.9919632704303193
83,Host,LogicalAnd,LogicalAnd,1,95.759,95.759,95.759,95.759,0.0,0.0,0.0015765747262323322,0.9935398451565516
84,Host,FlushSummaryWriter,FlushSummaryWriter,1,54.457,54.457,54.457,54.457,0.0,0.0,0.0008965792235344365,0.9944364243800861
85,Host,Dataset,Iterator::Model::ParallelMapV2::Zip[1]::ForeverRepeat,2,71.376,35.688,50.384,25.192,0.0,0.0,0.0008295214131986531,0.9952659457932848
86,Host,Dataset,Iterator::Model,2,79.094,39.547,41.432,20.716,0.0,0.0,0.0006821358207297276,0.9959480816140145
87,Host,GatherV2,GatherV2_1,2,39.837,19.9185,39.837,19.9185,0.0,0.0,0.0006558757648776346,0.9966039573788922
88,Host,Dataset,Iterator::Model::ParallelMapV2,2,37.662,18.831,37.662,18.831,0.0,0.0,0.0006200665978065988,0.9972240239766987
89,Host,Dataset,Iterator::Model::ParallelMapV2::Zip[0]::FlatMap[1]::Concatenate,2,51.073,25.5365,34.107,17.0535,0.0,0.0,0.0005615371316284229,0.9977855611083272
90,Host,IteratorGetNext,IteratorGetNext,2,26.786,13.393,26.786,13.393,0.0,0.0,0.0004410042984665593,0.9982265654067938
91,Host,WriteSummary,WriteSummary,1,25.417,25.417,25.417,25.417,0.0,0.0,0.000418465103192882,0.9986450305099867
92,Host,Dataset,Iterator::Model::ParallelMapV2::Zip[1]::ForeverRepeat::FromTensor,4,20.992,5.248,20.992,5.248,0.0,0.0,0.00034561197018629183,0.998990642480173
93,Host,Dataset,Iterator::Model::ParallelMapV2::Zip,2,152.241,76.1205,19.62,9.81,0.0,0.0,0.0003230233829580338,0.9993136658631311
94,Host,Dataset,Iterator::Model::ParallelMapV2::Zip[0]::FlatMap[1]::Concatenate[0]::TensorSlice,2,16.966,8.483,16.966,8.483,0.0,0.0,0.0002793279671389399,0.99959299383027
95,Host,_HostSend,categorical_crossentropy/softmax_cross_entropy_with_logits/Shape_2/_9,2,13.111,6.5555,13.111,6.5555,0.0,0.0,0.00021585930550269017,0.9998088531357727
96,Host,Dataset,Iterator::Model::ParallelMapV2::Zip[0]::FlatMap,2,61.245,30.6225,10.172,5.086,0.0,0.0,0.0001674716539984261,0.9999763247897712
97,Host,Identity,Identity,1,1.438,1.438,1.438,1.438,0.0,0.0,2.3675210229034277e-05,1.0000000000000002
