Rank,Host/device,Type,Operation,#Occurrences,Total time (us),Avg. time (us),Total self-time (us),Avg. self-time (us),Total self-time on Device (%),Cumulative total-self time on Device (%),Total self-time on Host (%),Cumulative total-self time on Host (%)
1,Device,IDLE,IDLE,0,4098.585,0.0,4098.585,0.0,0.3595396338938708,0.3595396338938708,0.0,0.0
2,Device,ResourceApplyAdadelta,Adadelta/Adadelta/update_4/ResourceApplyAdadelta,2,823.487,411.7435,823.487,411.7435,0.07223864199384956,0.43177827588772033,0.0,0.0
3,Device,Conv2D,sequential/conv2d_1/Conv2D,4,610.463,152.61575,610.463,152.61575,0.05355156560758262,0.48532984149530295,0.0,0.0
4,Device,Conv2DBackpropFilter,gradient_tape/sequential/conv2d_1/Conv2DBackpropFilter,4,594.111,148.52775,594.111,148.52775,0.052117121258268756,0.5374469627535717,0.0,0.0
5,Device,Conv2DBackpropInput,gradient_tape/sequential/conv2d_1/Conv2DBackpropInput,4,566.783,141.69575,566.783,141.69575,0.0497198307018812,0.587166793455453,0.0,0.0
6,Device,Conv2DBackpropFilter,gradient_tape/sequential/conv2d/Conv2DBackpropFilter,2,541.407,270.7035,541.407,270.7035,0.047493775185235614,0.6346605686406885,0.0,0.0
7,Device,MatMul,gradient_tape/sequential/dense/MatMul,2,467.807,233.9035,467.807,233.9035,0.041037372047423686,0.6756979406881122,0.0,0.0
8,Device,MatMul,sequential/dense/MatMul,2,443.935,221.9675,443.935,221.9675,0.03894325172533338,0.7146411924134456,0.0,0.0
9,Device,MatMul,gradient_tape/sequential/dense/MatMul_1,2,374.592,187.296,374.592,187.296,0.03286028483966365,0.7475014772531092,0.0,0.0
10,Device,MatMul,sequential/dense_1/MatMul,2,289.792,144.896,289.792,144.896,0.02542138557218469,0.7729228628252939,0.0,0.0
11,Device,SoftmaxCrossEntropyWithLogits,categorical_crossentropy/softmax_cross_entropy_with_logits,2,281.856,140.928,281.856,140.928,0.024725216886020623,0.7976480797113145,0.0,0.0
12,Device,Conv2D,sequential/conv2d/Conv2D,2,189.919,94.9595,189.919,94.9595,0.016660239504485096,0.8143083192157996,0.0,0.0
13,Device,MaxPoolGrad,gradient_tape/sequential/max_pooling2d/MaxPool/MaxPoolGrad,2,164.512,82.256,164.512,82.256,0.014431464578909177,0.8287397837947088,0.0,0.0
14,Device,MaxPoolGrad,gradient_tape/sequential/max_pooling2d_1/MaxPool/MaxPoolGrad,2,160.224,80.112,160.224,80.112,0.014055308917836655,0.8427950927125455,0.0,0.0
15,Device,BiasAdd,sequential/conv2d/BiasAdd,2,148.992,74.496,148.992,74.496,0.013070005656370573,0.8558650983689161,0.0,0.0
16,Device,ReluGrad,gradient_tape/sequential/conv2d/ReluGrad,2,127.583,63.7915,127.583,63.7915,0.0111919467599383,0.8670570451288544,0.0,0.0
17,Device,MaxPool,sequential/max_pooling2d/MaxPool,2,89.44,44.72,89.44,44.72,0.007845933378341012,0.8749029785071955,0.0,0.0
18,Device,ResourceApplyAdadelta,Adadelta/Adadelta/update_2/ResourceApplyAdadelta,2,77.248,38.624,77.248,38.624,0.006776416162903473,0.8816793946700989,0.0,0.0
19,Device,Relu,sequential/conv2d/Relu,2,72.32,36.16,72.32,36.16,0.0063441178658499775,0.8880235125359489,0.0,0.0
20,Device,BiasAddGrad,gradient_tape/sequential/conv2d/BiasAdd/BiasAddGrad,2,61.44,30.72,61.44,30.72,0.005389693054173433,0.8934132055901224,0.0,0.0
21,Device,ResourceApplyAdadelta,Adadelta/Adadelta/update_6/ResourceApplyAdadelta,2,60.704,30.352,60.704,30.352,0.005325129022795314,0.8987383346129177,0.0,0.0
22,Device,ResourceApplyAdadelta,Adadelta/Adadelta/update_7/ResourceApplyAdadelta,2,58.624,29.312,58.624,29.312,0.005142665455857151,0.9038810000687749,0.0,0.0
23,Device,MatMul,gradient_tape/sequential/dense_1/MatMul_1,2,56.928,28.464,56.928,28.464,0.004993887470507571,0.9088748875392825,0.0,0.0
24,Device,Softmax,sequential/dense_1/Softmax,2,54.208,27.104,54.208,27.104,0.004755281267588435,0.9136301688068709,0.0,0.0
25,Device,ResourceApplyAdadelta,Adadelta/Adadelta/update/ResourceApplyAdadelta,2,53.76,26.88,53.76,26.88,0.0047159814224017535,0.9183461502292726,0.0,0.0
26,Device,ResourceApplyAdadelta,Adadelta/Adadelta/update_5/ResourceApplyAdadelta,2,51.648,25.824,51.648,25.824,0.004530710723664543,0.9228768609529371,0.0,0.0
27,Device,ResourceApplyAdadelta,Adadelta/Adadelta/update_3/ResourceApplyAdadelta,2,48.416,24.208,48.416,24.208,0.004247190411960627,0.9271240513648977,0.0,0.0
28,Device,ResourceApplyAdadelta,Adadelta/Adadelta/update_1/ResourceApplyAdadelta,2,47.968,23.984,47.968,23.984,0.004207890566773946,0.9313319419316717,0.0,0.0
29,Device,BiasAddGrad,gradient_tape/sequential/conv2d_1/BiasAdd/BiasAddGrad,2,47.072,23.536,47.072,23.536,0.004129290876400584,0.9354612328080723,0.0,0.0
30,Device,MatMul,gradient_tape/sequential/dense_1/MatMul,2,46.464,23.232,46.464,23.232,0.004075955372218659,0.9395371881802909,0.0,0.0
31,Device,BiasAdd,sequential/conv2d_1/BiasAdd,2,37.792,18.896,37.792,18.896,0.003315222654676471,0.9428524108349673,0.0,0.0
32,Device,RandomUniform,sequential/dropout/dropout/random_uniform/RandomUniform,2,30.08,15.04,30.08,15.04,0.002638703891105743,0.9454911147260731,0.0,0.0
33,Device,Unknown,gradient_tape/sequential/max_pooling2d_1/MaxPool/MaxPoolGrad-2-TransposeNHWCToNCHW-LayoutOptimizer:Transpose,2,28.672,14.336,28.672,14.336,0.002515190091947602,0.9480063048180206,0.0,0.0
34,Device,MaxPool,sequential/max_pooling2d_1/MaxPool,2,26.912,13.456,26.912,13.456,0.0023607978429999255,0.9503671026610205,0.0,0.0
35,Device,Unknown,sequential/max_pooling2d_1/MaxPool-0-1-TransposeNCHWToNHWC-LayoutOptimizer:Transpose,2,26.496,13.248,26.496,13.248,0.0023243051296122927,0.9526914077906329,0.0,0.0
36,Device,BiasAddGrad,gradient_tape/sequential/dense_1/BiasAdd/BiasAddGrad,2,22.592,11.296,22.592,11.296,0.001981835050128356,0.9546732428407613,0.0,0.0
37,Device,ReluGrad,gradient_tape/sequential/conv2d_1/ReluGrad,2,22.528,11.264,22.528,11.264,0.0019762207865302588,0.9566494636272915,0.0,0.0
38,Device,ArgMax,ArgMax_1,2,22.336,11.168,22.336,11.168,0.0019593779957359668,0.9586088416230275,0.0,0.0
39,Device,ArgMax,ArgMax,2,21.248,10.624,21.248,10.624,0.0018639355145683124,0.9604727771375958,0.0,0.0
40,Device,BiasAddGrad,gradient_tape/sequential/dense/BiasAdd/BiasAddGrad,2,19.616,9.808,19.616,9.808,0.0017207717928168305,0.9621935489304126,0.0,0.0
41,Device,Relu,sequential/conv2d_1/Relu,2,19.424,9.712,19.424,9.712,0.0017039290020225385,0.9638974779324352,0.0,0.0
42,Device,BiasAdd,sequential/dense/BiasAdd,2,17.92,8.96,17.92,8.96,0.0015719938074672515,0.9654694717399024,0.0,0.0
43,Device,Mul,gradient_tape/categorical_crossentropy/softmax_cross_entropy_with_logits/mul,2,17.568,8.784,17.568,8.784,0.001541115357677716,0.9670105870975801,0.0,0.0
44,Device,GreaterEqual,sequential/dropout/dropout/GreaterEqual,2,17.536,8.768,17.536,8.768,0.0015383082258786675,0.9685488953234588,0.0,0.0
45,Device,Mul,sequential/dropout/dropout/Mul_1,2,17.536,8.768,17.536,8.768,0.0015383082258786675,0.9700872035493374,0.0,0.0
46,Device,ReluGrad,gradient_tape/sequential/dense/ReluGrad,2,17.088,8.544,17.088,8.544,0.0014990083806919862,0.9715862119300294,0.0,0.0
47,Device,_Send,IteratorGetNext/_1,1,16.864,16.864,16.864,16.864,0.0014793584580986455,0.973065570388128,0.0,0.0
48,Device,Mul,sequential/dropout/dropout/Mul,2,16.864,8.432,16.864,8.432,0.0014793584580986455,0.9745449288462267,0.0,0.0
49,Device,_Recv,IteratorGetNext/_2,1,16.64,16.64,16.64,16.64,0.001459708535505305,0.9760046373817319,0.0,0.0
50,Device,DivNoNan,div_no_nan,2,16.384,8.192,16.384,8.192,0.0014372514811129154,0.9774418888628449,0.0,0.0
51,Device,Cast,sequential/dropout/dropout/Cast,2,15.968,7.984,15.968,7.984,0.0014007587677252829,0.9788426476305702,0.0,0.0
52,Device,DivNoNan,categorical_crossentropy/weighted_loss/value,2,15.872,7.936,15.872,7.936,0.0013923373723281369,0.9802349850028983,0.0,0.0
53,Device,Mul,gradient_tape/sequential/dropout/dropout/Mul_2,2,15.84,7.92,15.84,7.92,0.0013895302405290881,0.9816245152434274,0.0,0.0
54,Device,Mul,gradient_tape/sequential/dropout/dropout/Mul,2,15.232,7.616,15.232,7.616,0.0013361947363471635,0.9829607099797746,0.0,0.0
55,Device,DivNoNan,div_no_nan_1,2,15.136,7.568,15.136,7.568,0.0013277733409500175,0.9842884833207246,0.0,0.0
56,Device,Sum,categorical_crossentropy/weighted_loss/Sum,2,14.592,7.296,14.592,7.296,0.0012800521003661905,0.9855685354210908,0.0,0.0
57,Device,Relu,sequential/dense/Relu,2,14.432,7.216,14.432,7.216,0.001266016441370947,0.9868345518624617,0.0,0.0
58,Device,AssignAddVariableOp,AssignAddVariableOp_3,2,14.4,7.2,14.4,7.2,0.0012632093095718984,0.9880977611720336,0.0,0.0
59,Device,AssignAddVariableOp,AssignAddVariableOp,2,13.504,6.752,13.504,6.752,0.0011846096191985359,0.9892823707912322,0.0,0.0
60,Device,Sum,Sum_2,2,13.216,6.608,13.216,6.608,0.0011593454330070978,0.9904417162242393,0.0,0.0
61,Device,AssignAddVariableOp,AssignAddVariableOp_4,2,12.736,6.368,12.736,6.368,0.001117238456021368,0.9915589546802607,0.0,0.0
62,Device,AssignAddVariableOp,Adadelta/Adadelta/AssignAddVariableOp,2,12.672,6.336,12.672,6.336,0.0011116241924232705,0.992670578872684,0.0,0.0
63,Device,Equal,Equal,2,12.512,6.256,12.512,6.256,0.0010975885334280273,0.993768167406112,0.0,0.0
64,Device,BiasAdd,sequential/dense_1/BiasAdd,2,12.448,6.224,12.448,6.224,0.00109197426982993,0.9948601416759418,0.0,0.0
65,Device,Mul,Mul,2,12.288,6.144,12.288,6.144,0.0010779386108346867,0.9959380802867766,0.0,0.0
66,Device,AssignAddVariableOp,AssignAddVariableOp_2,2,11.936,5.968,11.936,5.968,0.0010470601610451512,0.9969851404478217,0.0,0.0
67,Device,AssignAddVariableOp,AssignAddVariableOp_1,2,11.872,5.936,11.872,5.936,0.001041445897447054,0.9980265863452688,0.0,0.0
68,Device,Cast,Cast_1,2,11.776,5.888,11.776,5.888,0.001033024502049908,0.9990596108473186,0.0,0.0
69,Device,LogicalAnd,LogicalAnd,1,7.072,7.072,7.072,7.072,0.0006203761275897546,0.9996799869749085,0.0,0.0
70,Device,_Send,IteratorGetNext/_3,1,1.824,1.824,1.824,1.824,0.0001600065125457738,0.9998399934874542,0.0,0.0
71,Device,_Recv,IteratorGetNext/_4,1,1.824,1.824,1.824,1.824,0.0001600065125457738,1.0,0.0,0.0
72,Host,IDLE,IDLE,0,28353.903,0.0,28353.903,0.0,0.0,0.0,0.9201595762201834,0.9201595762201834
73,Host,_Send,IteratorGetNext/_1,2,926.988,463.494,926.988,463.494,0.0,0.0,0.030083226469428053,0.9502428026896115
74,Host,_Send,IteratorGetNext/_3,2,925.844,462.922,925.844,462.922,0.0,0.0,0.03004610062628766,0.9802889033158991
75,Host,_Send,IteratorGetNext/_6,2,96.496,48.248,96.496,48.248,0.0,0.0,0.003131551887828029,0.9834204552037271
76,Host,LogicalAnd,LogicalAnd,1,86.827,86.827,86.827,86.827,0.0,0.0,0.002817767117439524,0.9862382223211666
77,Host,GatherV2,GatherV2,2,83.709,41.8545,83.709,41.8545,0.0,0.0,0.002716579723285903,0.9889548020444525
78,Host,FlushSummaryWriter,FlushSummaryWriter,1,52.916,52.916,52.916,52.916,0.0,0.0,0.001717264961203656,0.9906720670056561
79,Host,Dataset,Iterator::Model::ParallelMapV2::Zip[0]::FlatMap,2,60.339,30.1695,48.02,24.01,0.0,0.0,0.0015583767374140066,0.9922304437430701
80,Host,Dataset,Iterator::Model,2,78.665,39.3325,41.514,20.757,0.0,0.0,0.001347239730883071,0.9935776834739531
81,Host,Dataset,Iterator::Model::ParallelMapV2::Zip[1]::ForeverRepeat,2,56.516,28.258,40.861,20.4305,0.0,0.0,0.0013260481438457667,0.9949037316177989
82,Host,Dataset,Iterator::Model::ParallelMapV2,2,37.151,18.5755,37.151,18.5755,0.0,0.0,0.001205648774920195,0.9961093803927191
83,Host,WriteSummary,WriteSummary,1,25.656,25.656,25.656,25.656,0.0,0.0,0.0008326054472114483,0.9969419858399305
84,Host,IteratorGetNext,IteratorGetNext,2,24.911,12.4555,24.911,12.4555,0.0,0.0,0.0008084282154460707,0.9977504140553766
85,Host,GatherV2,GatherV2_1,2,21.968,10.984,21.968,10.984,0.0,0.0,0.000712920036807807,0.9984633340921844
86,Host,Dataset,Iterator::Model::ParallelMapV2::Zip,2,134.742,67.371,17.887,8.9435,0.0,0.0,0.0005804807309896779,0.9990438148231741
87,Host,Dataset,Iterator::Model::ParallelMapV2::Zip[1]::ForeverRepeat::FromTensor,4,15.655,3.91375,15.655,3.91375,0.0,0.0,0.0005080463936738082,0.9995518612168479
88,Host,Dataset,Iterator::Model::ParallelMapV2::Zip[0]::FlatMap[1]::TensorSlice,2,12.319,6.1595,12.319,6.1595,0.0,0.0,0.00039978431962105676,0.999951645536469
89,Host,Identity,Identity,1,1.49,1.49,1.49,1.49,0.0,0.0,4.83544635307553e-05,0.9999999999999998
