Rank,Host/device,Type,Operation,#Occurrences,Total time (us),Avg. time (us),Total self-time (us),Avg. self-time (us),Total self-time on Device (%),Cumulative total-self time on Device (%),Total self-time on Host (%),Cumulative total-self time on Host (%)
1,Device,IDLE,IDLE,0,12383.997,0.0,12383.997,0.0,0.20214904862356686,0.20214904862356686,0.0,0.0
2,Device,Conv2D,sequential/conv2d_1/Conv2D,288,9638.82,33.468125,9638.82,33.468125,0.1573384015559604,0.35948745017952727,0.0,0.0
3,Device,Conv2DBackpropFilter,gradient_tape/sequential/conv2d_1/Conv2DBackpropFilter,4,5218.193,1304.54825,5218.193,1304.54825,0.08517869880654497,0.44466614898607226,0.0,0.0
4,Device,Conv2DBackpropInput,gradient_tape/sequential/conv2d_1/Conv2DBackpropInput,4,4952.242,1238.0605,4952.242,1238.0605,0.08083747184803663,0.5255036208341088,0.0,0.0
5,Device,Conv2DBackpropFilter,gradient_tape/sequential/conv2d/Conv2DBackpropFilter,2,4315.859,2157.9295,4315.859,2157.9295,0.07044953183075374,0.5959531526648626,0.0,0.0
6,Device,MaxPoolGrad,gradient_tape/sequential/max_pooling2d/MaxPool/MaxPoolGrad,2,2310.842,1155.421,2310.842,1155.421,0.037720819200729824,0.6336739718655924,0.0,0.0
7,Device,MaxPoolGrad,gradient_tape/sequential/max_pooling2d_1/MaxPool/MaxPoolGrad,2,2290.33,1145.165,2290.33,1145.165,0.03738599343443106,0.6710599653000234,0.0,0.0
8,Device,BiasAdd,sequential/conv2d/BiasAdd,2,2121.242,1060.621,2121.242,1060.621,0.03462590084609616,0.7056858661461196,0.0,0.0
9,Device,Conv2D,sequential/conv2d/Conv2D,2,2107.258,1053.629,2107.258,1053.629,0.03439763429403288,0.7400835004401525,0.0,0.0
10,Device,MatMul,gradient_tape/sequential/dense/MatMul,2,2032.443,1016.2215,2032.443,1016.2215,0.03317639844644892,0.7732598988866014,0.0,0.0
11,Device,ReluGrad,gradient_tape/sequential/conv2d/ReluGrad,2,1919.387,959.6935,1919.387,959.6935,0.0313309391136353,0.8045908380002367,0.0,0.0
12,Device,MatMul,gradient_tape/sequential/dense/MatMul_1,2,1633.051,816.5255,1633.051,816.5255,0.02665695946177672,0.8312477974620134,0.0,0.0
13,Device,MatMul,sequential/dense/MatMul,2,1439.868,719.934,1439.868,719.934,0.023503554332540453,0.8547513517945539,0.0,0.0
14,Device,Relu,sequential/conv2d/Relu,2,1193.884,596.942,1193.884,596.942,0.019488256882402227,0.874239608676956,0.0,0.0
15,Device,MaxPool,sequential/max_pooling2d/MaxPool,2,977.63,488.815,977.63,488.815,0.015958254383125068,0.8901978630600811,0.0,0.0
16,Device,ResourceApplyAdadelta,Adadelta/Adadelta/update_4/ResourceApplyAdadelta,2,819.453,409.7265,819.453,409.7265,0.01337626651086299,0.9035741295709441,0.0,0.0
17,Device,BiasAddGrad,gradient_tape/sequential/conv2d/BiasAdd/BiasAddGrad,2,613.631,306.8155,613.631,306.8155,0.010016549814726858,0.913590679385671,0.0,0.0
18,Device,BiasAdd,sequential/conv2d_1/BiasAdd,2,485.248,242.624,485.248,242.624,0.007920901591504631,0.9215115809771756,0.0,0.0
19,Device,ReluGrad,gradient_tape/sequential/conv2d_1/ReluGrad,2,429.822,214.911,429.822,214.911,0.007016160321863673,0.9285277412990393,0.0,0.0
20,Device,_Send,IteratorGetNext/_1,2,419.455,209.7275,419.455,209.7275,0.00684693554031047,0.9353746768393497,0.0,0.0
21,Device,MatMul,sequential/dense_1/MatMul,2,317.822,158.911,317.822,158.911,0.0051879385089999034,0.9405626153483496,0.0,0.0
22,Device,BiasAddGrad,gradient_tape/sequential/conv2d_1/BiasAdd/BiasAddGrad,2,303.647,151.8235,303.647,151.8235,0.0049565541858093325,0.9455191695341589,0.0,0.0
23,Device,SoftmaxCrossEntropyWithLogits,categorical_crossentropy/softmax_cross_entropy_with_logits,2,298.912,149.456,298.912,149.456,0.004879262843988708,0.9503984323781476,0.0,0.0
24,Device,Relu,sequential/conv2d_1/Relu,2,263.87,131.935,263.87,131.935,0.004307257944288955,0.9547056903224366,0.0,0.0
25,Device,MatMul,gradient_tape/sequential/dense_1/MatMul_1,2,240.447,120.2235,240.447,120.2235,0.003924914734264776,0.9586306050567014,0.0,0.0
26,Device,MaxPool,sequential/max_pooling2d_1/MaxPool,2,222.368,111.184,222.368,111.184,0.0036298038221686682,0.9622604088788701,0.0,0.0
27,Device,MatMul,gradient_tape/sequential/dense_1/MatMul,2,192.991,96.4955,192.991,96.4955,0.0031502710346999275,0.96541067991357,0.0,0.0
28,Device,Unknown,gradient_tape/sequential/max_pooling2d_1/MaxPool/MaxPoolGrad-2-TransposeNHWCToNCHW-LayoutOptimizer:Transpose,2,159.167,79.5835,159.167,79.5835,0.002598148047215069,0.968008827960785,0.0,0.0
29,Device,Unknown,sequential/max_pooling2d_1/MaxPool-0-2-TransposeNCHWToNHWC-LayoutOptimizer:Transpose,2,150.624,75.312,150.624,75.312,0.0024586971637570757,0.9704675251245422,0.0,0.0
30,Device,ReluGrad,gradient_tape/sequential/dense/ReluGrad,2,115.232,57.616,115.232,57.616,0.0018809790708921247,0.9723485041954343,0.0,0.0
31,Device,BiasAdd,sequential/dense/BiasAdd,2,101.759,50.8795,101.759,50.8795,0.0016610537808500392,0.9740095579762843,0.0,0.0
32,Device,Mul,sequential/dropout/dropout/Mul_1,2,98.848,49.424,98.848,49.424,0.0016135363371246245,0.9756230943134089,0.0,0.0
33,Device,Mul,gradient_tape/sequential/dropout/dropout/Mul_1,2,98.687,49.3435,98.687,49.3435,0.0016109082682686329,0.9772340025816775,0.0,0.0
34,Device,GreaterEqual,sequential/dropout/dropout/GreaterEqual,2,97.696,48.848,97.696,48.848,0.001594731769906597,0.978828734351584,0.0,0.0
35,Device,BiasAddGrad,gradient_tape/sequential/dense/BiasAdd/BiasAddGrad,2,92.96,46.48,92.96,46.48,0.001517424104676929,0.9803461584562609,0.0,0.0
36,Device,RandomUniform,sequential/dropout/dropout/random_uniform/RandomUniform,2,81.632,40.816,81.632,40.816,0.0013325125270329937,0.981678670983294,0.0,0.0
37,Device,ResourceApplyAdadelta,Adadelta/Adadelta/update_2/ResourceApplyAdadelta,2,78.047,39.0235,78.047,39.0235,0.0012739931056123094,0.9829526640889062,0.0,0.0
38,Device,Mul,gradient_tape/sequential/dropout/dropout/Mul,2,64.416,32.208,64.416,32.208,0.0010514887169413626,0.9840041528058476,0.0,0.0
39,Device,ResourceApplyAdadelta,Adadelta/Adadelta/update_6/ResourceApplyAdadelta,2,64.224,32.112,64.224,32.112,0.001048354622405025,0.9850525074282527,0.0,0.0
40,Device,Mul,sequential/dropout/dropout/Mul,2,63.456,31.728,63.456,31.728,0.0010358182442596732,0.9860883256725124,0.0,0.0
41,Device,Relu,sequential/dense/Relu,2,61.151,30.5755,61.151,30.5755,0.0009981927864145751,0.9870865184589269,0.0,0.0
42,Device,ResourceApplyAdadelta,Adadelta/Adadelta/update_7/ResourceApplyAdadelta,2,61.088,30.544,61.088,30.544,0.0009971644116448391,0.9880836828705718,0.0,0.0
43,Device,Cast,sequential/dropout/dropout/Cast,2,59.104,29.552,59.104,29.552,0.000964778768102681,0.9890484616386744,0.0,0.0
44,Device,Softmax,sequential/dense_1/Softmax,2,58.88,29.44,58.88,29.44,0.0009611223244769535,0.9900095839631514,0.0,0.0
45,Device,ResourceApplyAdadelta,Adadelta/Adadelta/update/ResourceApplyAdadelta,2,53.472,26.736,53.472,26.736,0.0008728453283701028,0.9908824292915215,0.0,0.0
46,Device,ResourceApplyAdadelta,Adadelta/Adadelta/update_5/ResourceApplyAdadelta,2,50.944,25.472,50.944,25.472,0.0008315797503083206,0.9917140090418298,0.0,0.0
47,Device,ResourceApplyAdadelta,Adadelta/Adadelta/update_3/ResourceApplyAdadelta,2,48.256,24.128,48.256,24.128,0.0007877024267995901,0.9925017114686294,0.0,0.0
48,Device,ResourceApplyAdadelta,Adadelta/Adadelta/update_1/ResourceApplyAdadelta,2,47.583,23.7915,47.583,23.7915,0.000776716772513364,0.9932784282411428,0.0,0.0
49,Device,BiasAddGrad,gradient_tape/sequential/dense_1/BiasAdd/BiasAddGrad,2,44.096,22.048,44.096,22.048,0.0007197970451789357,0.9939982252863216,0.0,0.0
50,Device,ArgMax,ArgMax,2,22.368,11.184,22.368,11.184,0.00036512201348336433,0.994363347299805,0.0,0.0
51,Device,ArgMax,ArgMax_1,2,21.856,10.928,21.856,10.928,0.00035676442805313,0.9947201117278581,0.0,0.0
52,Device,Mul,gradient_tape/categorical_crossentropy/softmax_cross_entropy_with_logits/mul,2,20.032,10.016,20.032,10.016,0.00032699052995792003,0.995047102257816,0.0,0.0
53,Device,DivNoNan,div_no_nan,2,17.216,8.608,17.216,8.608,0.00028102381009163097,0.9953281260679077,0.0,0.0
54,Device,DivNoNan,div_no_nan_1,2,16.416,8.208,16.416,8.208,0.00026796508285688975,0.9955960911507645,0.0,0.0
55,Device,Sum,categorical_crossentropy/weighted_loss/Sum,2,16.0,8.0,16.0,8.0,0.0002611745446948243,0.9958572656954594,0.0,0.0
56,Device,Tile,gradient_tape/categorical_crossentropy/weighted_loss/Tile_1,2,15.936,7.968,15.936,7.968,0.000260129846516045,0.9961173955419754,0.0,0.0
57,Device,DivNoNan,gradient_tape/categorical_crossentropy/weighted_loss/value/div_no_nan,2,13.952,6.976,13.952,6.976,0.0002277442029738868,0.9963451397449493,0.0,0.0
58,Device,BiasAdd,sequential/dense_1/BiasAdd,2,13.792,6.896,13.792,6.896,0.00022513245752693855,0.9965702722024763,0.0,0.0
59,Device,DivNoNan,categorical_crossentropy/weighted_loss/value,2,13.664,6.832,13.664,6.832,0.00022304306116937994,0.9967933152636457,0.0,0.0
60,Device,AssignAddVariableOp,AssignAddVariableOp_2,2,13.504,6.752,13.504,6.752,0.0002204313157224317,0.9970137465793681,0.0,0.0
61,Device,Mul,Mul,2,13.28,6.64,13.28,6.64,0.00021677487209670416,0.9972305214514648,0.0,0.0
62,Device,Equal,Equal,2,12.96,6.48,12.96,6.48,0.0002115513812028077,0.9974420728326676,0.0,0.0
63,Device,Sum,Sum_2,2,12.832,6.416,12.832,6.416,0.00020946198484524911,0.9976515348175129,0.0,0.0
64,Device,AssignAddVariableOp,AssignAddVariableOp_4,2,12.544,6.272,12.544,6.272,0.00020476084304074226,0.9978562956605537,0.0,0.0
65,Device,AssignAddVariableOp,Adadelta/Adadelta/AssignAddVariableOp,2,12.448,6.224,12.448,6.224,0.0002031937957725733,0.9980594894563263,0.0,0.0
66,Device,_Send,IteratorGetNext/_3,2,12.416,6.208,12.416,6.208,0.00020267144668318366,0.9982621609030095,0.0,0.0
67,Device,Cast,Cast,2,12.384,6.192,12.384,6.192,0.00020214909759379401,0.9984643100006032,0.0,0.0
68,Device,AssignAddVariableOp,AssignAddVariableOp,2,12.256,6.128,12.256,6.128,0.0002000597012362354,0.9986643697018395,0.0,0.0
69,Device,AssignAddVariableOp,AssignAddVariableOp_3,2,12.0,6.0,12.0,6.0,0.00019588090852111823,0.9988602506103605,0.0,0.0
70,Device,AssignAddVariableOp,AssignAddVariableOp_1,2,11.936,5.968,11.936,5.968,0.00019483621034233894,0.9990550868207029,0.0,0.0
71,Device,Cast,Cast_1,2,11.776,5.888,11.776,5.888,0.0001922244648953907,0.9992473112855983,0.0,0.0
72,Device,Cast,categorical_crossentropy/weighted_loss/num_elements/Cast,2,11.36,5.68,11.36,5.68,0.00018543392673332524,0.9994327452123316,0.0,0.0
73,Device,Cast,Cast_2,2,11.168,5.584,11.168,5.584,0.00018229983219698734,0.9996150450445286,0.0,0.0
74,Device,_Recv,categorical_crossentropy/weighted_loss/num_elements/_14,2,7.839,3.9195,7.839,3.9195,0.0001279592034914205,0.99974300424802,0.0,0.0
75,Device,LogicalAnd,LogicalAnd,1,6.656,6.656,6.656,6.656,0.0001086486105930469,0.999851652858613,0.0,0.0
76,Device,_Recv,Size/_16,2,6.048,3.024,6.048,3.024,9.87239778946436e-05,0.9999503768365077,0.0,0.0
77,Device,_Recv,strided_slice/_12,2,3.04,1.52,3.04,1.52,4.962316349201662e-05,0.9999999999999997,0.0,0.0
78,Host,IDLE,IDLE,0,174408.318,0.0,174408.318,0.0,0.0,0.0,0.9492425155634059,0.9492425155634059
79,Host,GatherV2,GatherV2,2,2917.158,1458.579,2917.158,1458.579,0.0,0.0,0.015877054660981903,0.9651195702243878
80,Host,IteratorGetNext,IteratorGetNext,2,2708.439,1354.2195,2708.439,1354.2195,0.0,0.0,0.014741071292310929,0.9798606415166987
81,Host,_Send,IteratorGetNext/_1,2,1974.578,987.289,1974.578,987.289,0.0,0.0,0.010746926576610635,0.9906075680933093
82,Host,_Send,IteratorGetNext/_3,2,1100.178,550.089,1100.178,550.089,0.0,0.0,0.005987878010998976,0.9965954461043083
83,Host,GatherV2,GatherV2_1,2,106.407,53.2035,106.407,53.2035,0.0,0.0,0.0005791354994522413,0.9971745816037605
84,Host,_Send,IteratorGetNext/_6,2,95.167,47.5835,95.167,47.5835,0.0,0.0,0.0005179601725109387,0.9976925417762714
85,Host,LogicalAnd,LogicalAnd,1,72.101,72.101,72.101,72.101,0.0,0.0,0.0003924201288073722,0.9980849619050788
86,Host,Dataset,Iterator::Model::ParallelMapV2::Zip[1]::ForeverRepeat,2,86.711,43.3555,65.135,32.5675,0.0,0.0,0.00035450666550905247,0.9984394685705879
87,Host,FlushSummaryWriter,FlushSummaryWriter,1,55.325,55.325,55.325,55.325,0.0,0.0,0.0003011143205540543,0.9987405828911419
88,Host,Dataset,Iterator::Model,2,78.848,39.424,44.177,22.0885,0.0,0.0,0.00024043971692935302,0.9989810226080712
89,Host,Dataset,Iterator::Model::ParallelMapV2,2,34.671,17.3355,34.671,17.3355,0.0,0.0,0.00018870193597703779,0.9991697245440483
90,Host,WriteSummary,WriteSummary,1,34.52,34.52,34.52,34.52,0.0,0.0,0.000187880096620442,0.9993576046406687
91,Host,Dataset,Iterator::Model::ParallelMapV2::Zip[0]::FlatMap[1]::Concatenate,2,48.229,24.1145,25.646,12.823,0.0,0.0,0.00013958206714738863,0.9994971867078161
92,Host,Dataset,Iterator::Model::ParallelMapV2::Zip[0]::FlatMap[1]::Concatenate[0]::TensorSlice,2,22.583,11.2915,22.583,11.2915,0.0,0.0,0.00012291124629140908,0.9996200979541074
93,Host,Dataset,Iterator::Model::ParallelMapV2::Zip[1]::ForeverRepeat::FromTensor,4,21.576,5.394,21.576,5.394,0.0,0.0,0.00011743050303252192,0.9997375284571399
94,Host,Dataset,Iterator::Model::ParallelMapV2::Zip,2,165.755,82.8775,20.144,10.072,0.0,0.0,0.00010963663575672605,0.9998471650928966
95,Host,_HostSend,categorical_crossentropy/softmax_cross_entropy_with_logits/Shape_2/_9,2,14.86,7.43,14.86,7.43,0.0,0.0,8.087770092061901e-05,0.9999280427938172
96,Host,Dataset,Iterator::Model::ParallelMapV2::Zip[0]::FlatMap,2,58.9,29.45,10.671,5.3355,0.0,0.0,5.807846208101786e-05,0.9999861212558983
97,Host,Identity,Identity,1,2.55,2.55,2.55,2.55,0.0,0.0,1.3878744101452116e-05,0.9999999999999997
