Rank,Host/device,Type,Operation,#Occurrences,Total time (us),Avg. time (us),Total self-time (us),Avg. self-time (us),Total self-time on Device (%),Cumulative total-self time on Device (%),Total self-time on Host (%),Cumulative total-self time on Host (%)
1,Device,IDLE,IDLE,0,10168.418,0.0,10168.418,0.0,0.291461637222455,0.291461637222455,0.0,0.0
2,Device,Conv2DBackpropFilter,gradient_tape/sequential/conv2d_1/Conv2DBackpropFilter,4,2758.424,689.606,2758.424,689.606,0.07906586601708478,0.37052750323953976,0.0,0.0
3,Device,Conv2D,sequential/conv2d_1/Conv2D,4,2728.215,682.05375,2728.215,682.05375,0.07819997275828551,0.44872747599782525,0.0,0.0
4,Device,Conv2DBackpropInput,gradient_tape/sequential/conv2d_1/Conv2DBackpropInput,4,2620.248,655.062,2620.248,655.062,0.07510526927678064,0.5238327452746059,0.0,0.0
5,Device,Conv2DBackpropFilter,gradient_tape/sequential/conv2d/Conv2DBackpropFilter,2,2321.786,1160.893,2321.786,1160.893,0.06655032757703065,0.5903830728516365,0.0,0.0
6,Device,MaxPoolGrad,gradient_tape/sequential/max_pooling2d/MaxPool/MaxPoolGrad,2,1167.42,583.71,1167.42,583.71,0.03346224993172374,0.6238453227833602,0.0,0.0
7,Device,MatMul,gradient_tape/sequential/dense/MatMul,2,1163.07,581.535,1163.07,581.535,0.03333756405414497,0.6571828868375053,0.0,0.0
8,Device,MaxPoolGrad,gradient_tape/sequential/max_pooling2d_1/MaxPool/MaxPoolGrad,2,1154.525,577.2625,1154.525,577.2625,0.033092635129108074,0.6902755219666133,0.0,0.0
9,Device,Conv2D,sequential/conv2d/Conv2D,2,1085.533,542.7665,1085.533,542.7665,0.03111508844728877,0.7213906104139021,0.0,0.0
10,Device,BiasAdd,sequential/conv2d/BiasAdd,2,1069.372,534.686,1069.372,534.686,0.030651858914518576,0.7520424693284207,0.0,0.0
11,Device,MatMul,sequential/dense/MatMul,2,1019.23,509.615,1019.23,509.615,0.029214617702207245,0.7812570870306279,0.0,0.0
12,Device,ReluGrad,gradient_tape/sequential/conv2d/ReluGrad,2,958.268,479.134,958.268,479.134,0.02746723828405633,0.8087243253146842,0.0,0.0
13,Device,MatMul,gradient_tape/sequential/dense/MatMul_1,2,944.317,472.1585,944.317,472.1585,0.027067354909780166,0.8357916802244644,0.0,0.0
14,Device,ResourceApplyAdadelta,Adadelta/Adadelta/update_4/ResourceApplyAdadelta,2,815.294,407.647,815.294,407.647,0.023369114453953822,0.8591607946784182,0.0,0.0
15,Device,Relu,sequential/conv2d/Relu,2,596.83,298.415,596.83,298.415,0.017107189038007467,0.8762679837164257,0.0,0.0
16,Device,MaxPool,sequential/max_pooling2d/MaxPool,2,505.055,252.5275,505.055,252.5275,0.01447660365529692,0.8907445873717226,0.0,0.0
17,Device,BiasAddGrad,gradient_tape/sequential/conv2d/BiasAdd/BiasAddGrad,2,332.35,166.175,332.35,166.175,0.009526287681218742,0.9002708750529413,0.0,0.0
18,Device,MatMul,sequential/dense_1/MatMul,2,317.983,158.9915,317.983,158.9915,0.00911448032416723,0.9093853553771086,0.0,0.0
19,Device,SoftmaxCrossEntropyWithLogits,categorical_crossentropy/softmax_cross_entropy_with_logits,2,292.319,146.1595,292.319,146.1595,0.008378862309872668,0.9177642176869812,0.0,0.0
20,Device,BiasAdd,sequential/conv2d_1/BiasAdd,2,251.488,125.744,251.488,125.744,0.007208506202420156,0.9249727238894014,0.0,0.0
21,Device,ReluGrad,gradient_tape/sequential/conv2d_1/ReluGrad,2,214.75,107.375,214.75,107.375,0.006155469473572212,0.9311281933629737,0.0,0.0
22,Device,_Send,IteratorGetNext/_1,2,209.536,104.768,209.536,104.768,0.006006018400998496,0.9371342117639722,0.0,0.0
23,Device,BiasAddGrad,gradient_tape/sequential/conv2d_1/BiasAdd/BiasAddGrad,2,167.072,83.536,167.072,83.536,0.0047888549284687155,0.9419230666924409,0.0,0.0
24,Device,MatMul,gradient_tape/sequential/dense_1/MatMul_1,2,138.431,69.2155,138.431,69.2155,0.003967905912438068,0.945890972604879,0.0,0.0
25,Device,Relu,sequential/conv2d_1/Relu,2,129.279,64.6395,129.279,64.6395,0.0037055782913804052,0.9495965508962594,0.0,0.0
26,Device,MatMul,gradient_tape/sequential/dense_1/MatMul,2,127.04,63.52,127.04,63.52,0.0036414008937025095,0.9532379517899618,0.0,0.0
27,Device,MaxPool,sequential/max_pooling2d_1/MaxPool,2,122.592,61.296,122.592,61.296,0.0035139060009507085,0.9567518577909125,0.0,0.0
28,Device,Unknown,gradient_tape/sequential/max_pooling2d_1/MaxPool/MaxPoolGrad-2-TransposeNHWCToNCHW-LayoutOptimizer:Transpose,2,90.367,45.1835,90.367,45.1835,0.002590227287163214,0.9593420850780757,0.0,0.0
29,Device,Unknown,sequential/max_pooling2d_1/MaxPool-0-2-TransposeNCHWToNHWC-LayoutOptimizer:Transpose,2,85.727,42.8635,85.727,42.8635,0.0024572290177458677,0.9617993140958216,0.0,0.0
30,Device,ResourceApplyAdadelta,Adadelta/Adadelta/update_2/ResourceApplyAdadelta,2,78.4,39.2,78.4,39.2,0.00224721213843102,0.9640465262342527,0.0,0.0
31,Device,ResourceApplyAdadelta,Adadelta/Adadelta/update_6/ResourceApplyAdadelta,2,63.264,31.632,63.264,31.632,0.0018133626112971943,0.9658598888455499,0.0,0.0
32,Device,ReluGrad,gradient_tape/sequential/dense/ReluGrad,2,59.776,29.888,59.776,29.888,0.0017133846018731202,0.9675732734474229,0.0,0.0
33,Device,ResourceApplyAdadelta,Adadelta/Adadelta/update_7/ResourceApplyAdadelta,2,59.488,29.744,59.488,29.744,0.001705129536874802,0.9692784029842978,0.0,0.0
34,Device,BiasAdd,sequential/dense/BiasAdd,2,57.663,28.8315,57.663,28.8315,0.0016528187951319882,0.9709312217794298,0.0,0.0
35,Device,Softmax,sequential/dense_1/Softmax,2,56.736,28.368,56.736,28.368,0.001626247804668652,0.9725574695840985,0.0,0.0
36,Device,GreaterEqual,sequential/dropout/dropout/GreaterEqual,2,54.208,27.104,54.208,27.104,0.0015537866785723048,0.9741112562626708,0.0,0.0
37,Device,RandomUniform,sequential/dropout/dropout/random_uniform/RandomUniform,2,52.992,26.496,52.992,26.496,0.0015189319596905176,0.9756301882223614,0.0,0.0
38,Device,ResourceApplyAdadelta,Adadelta/Adadelta/update/ResourceApplyAdadelta,2,51.488,25.744,51.488,25.744,0.0014758221758104124,0.9771060103981718,0.0,0.0
39,Device,ResourceApplyAdadelta,Adadelta/Adadelta/update_5/ResourceApplyAdadelta,2,50.72,25.36,50.72,25.36,0.001453808669148231,0.97855981906732,0.0,0.0
40,Device,Mul,sequential/dropout/dropout/Mul_1,2,49.024,24.512,49.024,24.512,0.0014051955086025803,0.9799650145759227,0.0,0.0
41,Device,ResourceApplyAdadelta,Adadelta/Adadelta/update_3/ResourceApplyAdadelta,2,48.608,24.304,48.608,24.304,0.001393271525827232,0.9813582861017499,0.0,0.0
42,Device,ResourceApplyAdadelta,Adadelta/Adadelta/update_1/ResourceApplyAdadelta,2,48.352,24.176,48.352,24.176,0.0013859336902731715,0.9827442197920231,0.0,0.0
43,Device,Mul,gradient_tape/sequential/dropout/dropout/Mul_1,2,47.04,23.52,47.04,23.52,0.0013483272830586118,0.9840925470750816,0.0,0.0
44,Device,BiasAddGrad,gradient_tape/sequential/dense_1/BiasAdd/BiasAddGrad,2,43.808,21.904,43.808,21.904,0.0012556871091885982,0.9853482341842702,0.0,0.0
45,Device,BiasAddGrad,gradient_tape/sequential/dense/BiasAdd/BiasAddGrad,2,36.512,18.256,36.512,18.256,0.001046558795897875,0.9863947929801681,0.0,0.0
46,Device,Mul,gradient_tape/sequential/dropout/dropout/Mul,2,36.0,18.0,36.0,18.0,0.0010318831247897538,0.9874266761049578,0.0,0.0
47,Device,Mul,sequential/dropout/dropout/Mul,2,31.775,15.8875,31.775,15.8875,0.000910780174727623,0.9883374562796855,0.0,0.0
48,Device,Cast,sequential/dropout/dropout/Cast,2,25.056,12.528,25.056,12.528,0.0007181906548536687,0.9890556469345392,0.0,0.0
49,Device,Relu,sequential/dense/Relu,2,24.544,12.272,24.544,12.272,0.0007035149837455477,0.9897591619182847,0.0,0.0
50,Device,ArgMax,ArgMax,2,21.12,10.56,21.12,10.56,0.000605371433209989,0.9903645333514947,0.0,0.0
51,Device,ArgMax,ArgMax_1,2,20.8,10.4,20.8,10.4,0.0005961991387674133,0.9909607324902621,0.0,0.0
52,Device,Mul,gradient_tape/categorical_crossentropy/softmax_cross_entropy_with_logits/mul,2,19.584,9.792,19.584,9.792,0.0005613444198856261,0.9915220769101477,0.0,0.0
53,Device,Tile,gradient_tape/categorical_crossentropy/weighted_loss/Tile_1,2,16.288,8.144,16.288,8.144,0.0004668697871270975,0.9919889466972748,0.0,0.0
54,Device,DivNoNan,div_no_nan_1,2,15.872,7.936,15.872,7.936,0.00045494580435174927,0.9924438925016266,0.0,0.0
55,Device,Sum,categorical_crossentropy/weighted_loss/Sum,2,15.456,7.728,15.456,7.728,0.00044302182157640097,0.992886914323203,0.0,0.0
56,Device,DivNoNan,div_no_nan,2,15.392,7.696,15.392,7.696,0.00044118736268788586,0.9933281016858908,0.0,0.0
57,Device,DivNoNan,gradient_tape/categorical_crossentropy/weighted_loss/value/div_no_nan,2,14.944,7.472,14.944,7.472,0.00042834615046828006,0.9937564478363591,0.0,0.0
58,Device,BiasAdd,sequential/dense_1/BiasAdd,2,14.24,7.12,14.24,7.12,0.00040816710269461374,0.9941646149390537,0.0,0.0
59,Device,Mul,Mul,2,13.792,6.896,13.792,6.896,0.00039532589047500794,0.9945599408295287,0.0,0.0
60,Device,AssignAddVariableOp,AssignAddVariableOp_2,2,13.76,6.88,13.76,6.88,0.00039440866103075033,0.9949543494905595,0.0,0.0
61,Device,DivNoNan,categorical_crossentropy/weighted_loss/value,2,13.728,6.864,13.728,6.864,0.00039349143158649277,0.995347840922146,0.0,0.0
62,Device,Equal,Equal,2,13.024,6.512,13.024,6.512,0.00037331238381282646,0.9957211533059588,0.0,0.0
63,Device,AssignAddVariableOp,AssignAddVariableOp_3,2,12.704,6.352,12.704,6.352,0.00036414008937025094,0.996085293395329,0.0,0.0
64,Device,AssignAddVariableOp,Adadelta/Adadelta/AssignAddVariableOp,2,12.48,6.24,12.48,6.24,0.00035771948326044804,0.9964430128785895,0.0,0.0
65,Device,Sum,Sum_2,2,12.448,6.224,12.448,6.224,0.0003568022538161905,0.9967998151324057,0.0,0.0
66,Device,Cast,Cast_2,2,12.064,6.032,12.064,6.032,0.00034579550048509974,0.9971456106328908,0.0,0.0
67,Device,AssignAddVariableOp,AssignAddVariableOp_4,2,12.0,6.0,12.0,6.0,0.0003439610415965846,0.9974895716744874,0.0,0.0
68,Device,Cast,Cast,2,11.904,5.952,11.904,5.952,0.00034120935326381195,0.9978307810277511,0.0,0.0
69,Device,AssignAddVariableOp,AssignAddVariableOp_1,2,11.903,5.9515,11.903,5.9515,0.0003411806898436789,0.9981719617175948,0.0,0.0
70,Device,AssignAddVariableOp,AssignAddVariableOp,2,11.872,5.936,11.872,5.936,0.0003402921238195544,0.9985122538414144,0.0,0.0
71,Device,Cast,Cast_1,2,11.648,5.824,11.648,5.824,0.00033387151770975144,0.9988461253591242,0.0,0.0
72,Device,Cast,categorical_crossentropy/weighted_loss/num_elements/Cast,2,11.04,5.52,11.04,5.52,0.0003164441582688578,0.999162569517393,0.0,0.0
73,Device,LogicalAnd,LogicalAnd,1,6.944,6.944,6.944,6.944,0.0001990387894038903,0.9993616083067969,0.0,0.0
74,Device,_Recv,categorical_crossentropy/weighted_loss/num_elements/_14,2,6.048,3.024,6.048,3.024,0.00017335636496467865,0.9995349646717615,0.0,0.0
75,Device,_Recv,Size/_16,2,5.632,2.816,5.632,2.816,0.00016143238218933038,0.9996963970539509,0.0,0.0
76,Device,_Send,IteratorGetNext/_3,1,3.776,3.776,3.776,3.776,0.00010823307442239196,0.9998046301283733,0.0,0.0
77,Device,_Recv,IteratorGetNext/_4,1,3.776,3.776,3.776,3.776,0.00010823307442239196,0.9999128632027957,0.0,0.0
78,Device,_Recv,strided_slice/_12,2,3.04,1.52,3.04,1.52,8.71367972044681e-05,1.0000000000000002,0.0,0.0
79,Host,IDLE,IDLE,0,84134.415,0.0,84134.415,0.0,0.0,0.0,0.9250304830091218,0.9250304830091218
80,Host,IteratorGetNext,IteratorGetNext,2,2889.369,1444.6845,2889.369,1444.6845,0.0,0.0,0.03176767083555027,0.9567981538446722
81,Host,GatherV2,GatherV2,2,1300.203,650.1015,1300.203,650.1015,0.0,0.0,0.014295308395499147,0.9710934622401713
82,Host,_Send,IteratorGetNext/_1,2,1041.425,520.7125,1041.425,520.7125,0.0,0.0,0.011450128592060392,0.9825435908322318
83,Host,_Send,IteratorGetNext/_3,2,1013.667,506.8335,1013.667,506.8335,0.0,0.0,0.01114493842526162,0.9936885292574934
84,Host,_Send,IteratorGetNext/_6,2,76.603,38.3015,76.603,38.3015,0.0,0.0,0.0008422250287227617,0.9945307542862162
85,Host,LogicalAnd,LogicalAnd,1,74.88,74.88,74.88,74.88,0.0,0.0,0.0008232812050541154,0.9953540354912703
86,Host,GatherV2,GatherV2_1,2,73.78,36.89,73.78,36.89,0.0,0.0,0.0008111870634200406,0.9961652225546904
87,Host,Dataset,Iterator::Model::ParallelMapV2::Zip[1]::ForeverRepeat,2,87.101,43.5505,66.734,33.367,0.0,0.0,0.0007337185889166845,0.9968989411436071
88,Host,FlushSummaryWriter,FlushSummaryWriter,1,53.074,53.074,53.074,53.074,0.0,0.0,0.0005835313391699002,0.997482472482777
89,Host,Dataset,Iterator::Model::ParallelMapV2,2,48.543,24.2715,48.543,24.2715,0.0,0.0,0.0005337144703117245,0.9980161869530887
90,Host,Dataset,Iterator::Model,2,91.051,45.5255,42.508,21.254,0.0,0.0,0.0004673616114375046,0.9984835485645261
91,Host,WriteSummary,WriteSummary,1,35.375,35.375,35.375,35.375,0.0,0.0,0.00038893660027763537,0.9988724851648038
92,Host,Dataset,Iterator::Model::ParallelMapV2::Zip[0]::FlatMap[1]::Concatenate,2,44.526,22.263,23.307,11.6535,0.0,0.0,0.0002562528718776211,0.9991287380366813
93,Host,Dataset,Iterator::Model::ParallelMapV2::Zip,2,165.967,82.9835,23.085,11.5425,0.0,0.0,0.00025381205420238056,0.9993825500908837
94,Host,Dataset,Iterator::Model::ParallelMapV2::Zip[0]::FlatMap[1]::Concatenate[0]::TensorSlice,2,21.219,10.6095,21.219,10.6095,0.0,0.0,0.00023329599212130444,0.999615846083005
95,Host,Dataset,Iterator::Model::ParallelMapV2::Zip[1]::ForeverRepeat::FromTensor,4,20.367,5.09175,20.367,5.09175,0.0,0.0,0.0002239285296920028,0.999839774612697
96,Host,Dataset,Iterator::Model::ParallelMapV2::Zip[0]::FlatMap,2,55.781,27.8905,11.255,5.6275,0.0,0.0,0.00012374505826501163,0.999963519670962
97,Host,Identity,Identity,1,3.318,3.318,3.318,3.318,0.0,0.0,3.648032903805496e-05,1.0
