Rank,Host/device,Type,Operation,#Occurrences,Total time (us),Avg. time (us),Total self-time (us),Avg. self-time (us),Total self-time on Device (%),Cumulative total-self time on Device (%),Total self-time on Host (%),Cumulative total-self time on Host (%)
1,Device,IDLE,IDLE,0,5039.577,0.0,5039.577,0.0,0.343382872287235,0.343382872287235,0.0,0.0
2,Device,Conv2D,sequential/conv2d_1/Conv2D,4,920.478,230.1195,920.478,230.1195,0.06271883126643554,0.4061017035536706,0.0,0.0
3,Device,Conv2DBackpropFilter,gradient_tape/sequential/conv2d_1/Conv2DBackpropFilter,4,912.799,228.19975,912.799,228.19975,0.0621956053932534,0.468297308946924,0.0,0.0
4,Device,Conv2DBackpropInput,gradient_tape/sequential/conv2d_1/Conv2DBackpropInput,4,874.846,218.7115,874.846,218.7115,0.05960959268783836,0.5279069016347624,0.0,0.0
5,Device,ResourceApplyAdadelta,Adadelta/Adadelta/update_4/ResourceApplyAdadelta,2,817.31,408.655,817.31,408.655,0.055689248393085374,0.5835961500278478,0.0,0.0
6,Device,Conv2DBackpropFilter,gradient_tape/sequential/conv2d/Conv2DBackpropFilter,2,716.287,358.1435,716.287,358.1435,0.04880581990155259,0.6324019699294005,0.0,0.0
7,Device,MatMul,gradient_tape/sequential/dense/MatMul,2,485.247,242.6235,485.247,242.6235,0.033063391754657966,0.6654653616840585,0.0,0.0
8,Device,MatMul,gradient_tape/sequential/dense/MatMul_1,2,448.991,224.4955,448.991,224.4955,0.030593007947118958,0.6960583696311774,0.0,0.0
9,Device,MatMul,sequential/dense/MatMul,2,448.895,224.4475,448.895,224.4475,0.030586466771988667,0.726644836403166,0.0,0.0
10,Device,Conv2D,sequential/conv2d/Conv2D,2,320.159,160.0795,320.159,160.0795,0.021814750922271624,0.7484595873254376,0.0,0.0
11,Device,MaxPoolGrad,gradient_tape/sequential/max_pooling2d/MaxPool/MaxPoolGrad,2,308.928,154.464,308.928,154.464,0.021049501569268794,0.7695090888947064,0.0,0.0
12,Device,MaxPoolGrad,gradient_tape/sequential/max_pooling2d_1/MaxPool/MaxPoolGrad,2,301.439,150.7195,301.439,150.7195,0.020539221771865342,0.7900483106665717,0.0,0.0
13,Device,MatMul,sequential/dense_1/MatMul,2,290.816,145.408,290.816,145.408,0.01981539986135434,0.809863710527926,0.0,0.0
14,Device,SoftmaxCrossEntropyWithLogits,categorical_crossentropy/softmax_cross_entropy_with_logits,2,281.568,140.784,281.568,140.784,0.019185266657136536,0.8290489771850625,0.0,0.0
15,Device,BiasAdd,sequential/conv2d/BiasAdd,2,279.36,139.68,279.36,139.68,0.0190348196291399,0.8480837968142024,0.0,0.0
16,Device,ReluGrad,gradient_tape/sequential/conv2d/ReluGrad,2,245.951,122.9755,245.951,122.9755,0.016758422546558516,0.864842219360761,0.0,0.0
17,Device,MaxPool,sequential/max_pooling2d/MaxPool,2,149.312,74.656,149.312,74.656,0.010173707719308908,0.8750159270800699,0.0,0.0
18,Device,Relu,sequential/conv2d/Relu,2,149.119,74.5595,149.119,74.5595,0.01016055723180739,0.8851764843118773,0.0,0.0
19,Device,BiasAddGrad,gradient_tape/sequential/conv2d/BiasAdd/BiasAddGrad,2,120.095,60.0475,120.095,60.0475,0.008182941950750129,0.8933594262626274,0.0,0.0
20,Device,ResourceApplyAdadelta,Adadelta/Adadelta/update_2/ResourceApplyAdadelta,2,75.872,37.936,75.872,37.936,0.00516970874463811,0.8985291350072655,0.0,0.0
21,Device,BiasAddGrad,gradient_tape/sequential/conv2d_1/BiasAdd/BiasAddGrad,2,74.495,37.2475,74.495,37.2475,0.0050758837638630325,0.9036050187711285,0.0,0.0
22,Device,BiasAdd,sequential/conv2d_1/BiasAdd,2,67.424,33.712,67.424,33.712,0.004594085333172711,0.9081991041043013,0.0,0.0
23,Device,MatMul,gradient_tape/sequential/dense_1/MatMul_1,2,64.288,32.144,64.288,32.144,0.0043804069455832826,0.9125795110498846,0.0,0.0
24,Device,ResourceApplyAdadelta,Adadelta/Adadelta/update_6/ResourceApplyAdadelta,2,60.384,30.192,60.384,30.192,0.004114399156951545,0.9166939102068361,0.0,0.0
25,Device,ResourceApplyAdadelta,Adadelta/Adadelta/update_7/ResourceApplyAdadelta,2,59.968,29.984,59.968,29.984,0.004086054064720295,0.9207799642715564,0.0,0.0
26,Device,_Send,IteratorGetNext/_1,2,59.2,29.6,59.2,29.6,0.004033724663677986,0.9248136889352344,0.0,0.0
27,Device,ReluGrad,gradient_tape/sequential/conv2d_1/ReluGrad,2,54.496,27.248,54.496,27.248,0.003713207082293843,0.9285268960175282,0.0,0.0
28,Device,Softmax,sequential/dense_1/Softmax,2,53.12,26.56,53.12,26.56,0.0036194502387597058,0.932146346256288,0.0,0.0
29,Device,ResourceApplyAdadelta,Adadelta/Adadelta/update/ResourceApplyAdadelta,2,52.768,26.384,52.768,26.384,0.0035954659299486475,0.9357418121862366,0.0,0.0
30,Device,ResourceApplyAdadelta,Adadelta/Adadelta/update_5/ResourceApplyAdadelta,2,51.328,25.664,51.328,25.664,0.0034973483029943184,0.939239160489231,0.0,0.0
31,Device,ResourceApplyAdadelta,Adadelta/Adadelta/update_3/ResourceApplyAdadelta,2,48.544,24.272,48.544,24.272,0.003307654224215948,0.9425468147134469,0.0,0.0
32,Device,ResourceApplyAdadelta,Adadelta/Adadelta/update_1/ResourceApplyAdadelta,2,48.096,24.048,48.096,24.048,0.003277128740274601,0.9458239434537216,0.0,0.0
33,Device,MatMul,gradient_tape/sequential/dense_1/MatMul,2,48.032,24.016,48.032,24.016,0.0032727679568544084,0.9490967114105759,0.0,0.0
34,Device,MaxPool,sequential/max_pooling2d_1/MaxPool,2,39.168,19.584,39.168,19.584,0.002668799453157759,0.9517655108637337,0.0,0.0
35,Device,Unknown,gradient_tape/sequential/max_pooling2d_1/MaxPool/MaxPoolGrad-2-TransposeNHWCToNCHW-LayoutOptimizer:Transpose,2,38.624,19.312,38.624,19.312,0.0026317327940861236,0.9543972436578199,0.0,0.0
36,Device,Unknown,sequential/max_pooling2d_1/MaxPool-0-2-TransposeNCHWToNHWC-LayoutOptimizer:Transpose,2,36.192,18.096,36.192,18.096,0.0024660230241188115,0.9568632666819387,0.0,0.0
37,Device,RandomUniform,sequential/dropout/dropout/random_uniform/RandomUniform,2,35.904,17.952,35.904,17.952,0.002446399498727946,0.9593096661806666,0.0,0.0
38,Device,BiasAddGrad,gradient_tape/sequential/dense_1/BiasAdd/BiasAddGrad,2,31.488,15.744,31.488,15.744,0.002145505442734669,0.9614551716234012,0.0,0.0
39,Device,Relu,sequential/conv2d_1/Relu,2,24.384,12.192,24.384,12.192,0.0016614584830933108,0.9631166301064945,0.0,0.0
40,Device,BiasAddGrad,gradient_tape/sequential/dense/BiasAdd/BiasAddGrad,2,23.392,11.696,23.392,11.696,0.0015938663400803283,0.9647104964465748,0.0,0.0
41,Device,GreaterEqual,sequential/dropout/dropout/GreaterEqual,2,23.36,11.68,23.36,11.68,0.001591685948370232,0.966302182394945,0.0,0.0
42,Device,BiasAdd,sequential/dense/BiasAdd,2,21.632,10.816,21.632,10.816,0.001473944796025037,0.9677761271909701,0.0,0.0
43,Device,ReluGrad,gradient_tape/sequential/dense/ReluGrad,2,21.44,10.72,21.44,10.72,0.0014608624457644597,0.9692369896367345,0.0,0.0
44,Device,ArgMax,ArgMax,2,21.344,10.672,21.344,10.672,0.001454321270634171,0.9706913109073687,0.0,0.0
45,Device,ArgMax,ArgMax_1,2,20.992,10.496,20.992,10.496,0.0014303369618231126,0.9721216478691919,0.0,0.0
46,Device,Mul,gradient_tape/sequential/dropout/dropout/Mul_1,2,19.84,9.92,19.84,9.92,0.0013518428602596491,0.9734734907294516,0.0,0.0
47,Device,Mul,sequential/dropout/dropout/Mul_1,2,18.88,9.44,18.88,9.44,0.0012864311089567629,0.9747599218384083,0.0,0.0
48,Device,Mul,sequential/dropout/dropout/Mul,2,18.144,9.072,18.144,9.072,0.00123628209962455,0.9759962039380329,0.0,0.0
49,Device,Mul,gradient_tape/sequential/dropout/dropout/Mul,2,18.016,9.008,18.016,9.008,0.0012275605327841652,0.977223764470817,0.0,0.0
50,Device,Mul,gradient_tape/categorical_crossentropy/softmax_cross_entropy_with_logits/mul,2,17.504,8.752,17.504,8.752,0.001192674265422626,0.9784164387362396,0.0,0.0
51,Device,Relu,sequential/dense/Relu,2,16.992,8.496,16.992,8.496,0.0011577879980610867,0.9795742267343007,0.0,0.0
52,Device,Tile,gradient_tape/categorical_crossentropy/weighted_loss/Tile_1,2,16.448,8.224,16.448,8.224,0.0011207213389894512,0.9806949480732902,0.0,0.0
53,Device,DivNoNan,gradient_tape/categorical_crossentropy/weighted_loss/value/div_no_nan,2,16.16,8.08,16.16,8.08,0.0011010978135985853,0.9817960458868887,0.0,0.0
54,Device,Cast,sequential/dropout/dropout/Cast,2,15.551,7.7755,15.551,7.7755,0.0010596022338658167,0.9828556481207545,0.0,0.0
55,Device,Sum,categorical_crossentropy/weighted_loss/Sum,2,14.72,7.36,14.72,7.36,0.001002980186644256,0.9838586283073988,0.0,0.0
56,Device,DivNoNan,div_no_nan,2,13.632,6.816,13.632,6.816,0.0009288468685009848,0.9847874751758998,0.0,0.0
57,Device,AssignAddVariableOp,AssignAddVariableOp_2,2,13.472,6.736,13.472,6.736,0.0009179449099505037,0.9857054200858503,0.0,0.0
58,Device,DivNoNan,div_no_nan_1,2,13.312,6.656,13.312,6.656,0.0009070429514000226,0.9866124630372503,0.0,0.0
59,Device,DivNoNan,categorical_crossentropy/weighted_loss/value,2,13.248,6.624,13.248,6.624,0.0009026821679798302,0.9875151452052301,0.0,0.0
60,Device,Mul,Mul,2,12.8,6.4,12.8,6.4,0.0008721566840384834,0.9883873018892686,0.0,0.0
61,Device,Equal,Equal,2,12.608,6.304,12.608,6.304,0.0008590743337779061,0.9892463762230465,0.0,0.0
62,Device,BiasAdd,sequential/dense_1/BiasAdd,2,12.544,6.272,12.544,6.272,0.0008547135503577137,0.9901010897734042,0.0,0.0
63,Device,Sum,Sum_2,2,12.32,6.16,12.32,6.16,0.0008394508083870402,0.9909405405817912,0.0,0.0
64,Device,AssignAddVariableOp,Adadelta/Adadelta/AssignAddVariableOp,2,12.288,6.144,12.288,6.144,0.000837270416676944,0.9917778109984681,0.0,0.0
65,Device,Cast,Cast,2,12.288,6.144,12.288,6.144,0.000837270416676944,0.992615081415145,0.0,0.0
66,Device,AssignAddVariableOp,AssignAddVariableOp_4,2,12.224,6.112,12.224,6.112,0.0008329096332567516,0.9934479910484018,0.0,0.0
67,Device,AssignAddVariableOp,AssignAddVariableOp_3,2,12.063,6.0315,12.063,6.0315,0.0008219395374653301,0.9942699305858671,0.0,0.0
68,Device,AssignAddVariableOp,AssignAddVariableOp,2,12.032,6.016,12.032,6.016,0.0008198272829961743,0.9950897578688632,0.0,0.0
69,Device,AssignAddVariableOp,AssignAddVariableOp_1,2,12.0,6.0,12.0,6.0,0.0008176468912860781,0.9959074047601493,0.0,0.0
70,Device,Cast,categorical_crossentropy/weighted_loss/num_elements/Cast,2,11.776,5.888,11.776,5.888,0.0008023841493154046,0.9967097889094647,0.0,0.0
71,Device,Cast,Cast_1,2,11.424,5.712,11.424,5.712,0.0007783998405043464,0.997488188749969,0.0,0.0
72,Device,Cast,Cast_2,2,10.56,5.28,10.56,5.28,0.0007195292643317488,0.9982077180143007,0.0,0.0
73,Device,LogicalAnd,LogicalAnd,1,7.008,7.008,7.008,7.008,0.00047750578451106964,0.9986852237988119,0.0,0.0
74,Device,_Recv,Size/_16,2,6.048,3.024,6.048,3.024,0.0004120940332081834,0.99909731783202,0.0,0.0
75,Device,_Recv,categorical_crossentropy/weighted_loss/num_elements/_14,2,6.048,3.024,6.048,3.024,0.0004120940332081834,0.9995094118652282,0.0,0.0
76,Device,_Send,IteratorGetNext/_3,2,4.16,2.08,4.16,2.08,0.0002834509223125071,0.9997928627875408,0.0,0.0
77,Device,_Recv,strided_slice/_12,2,3.04,1.52,3.04,1.52,0.0002071372124591398,0.9999999999999999,0.0,0.0
78,Host,IDLE,IDLE,0,52633.41,0.0,52633.41,0.0,0.0,0.0,0.939971182275696,0.939971182275696
79,Host,_Send,IteratorGetNext/_3,2,1261.541,630.7705,1261.541,630.7705,0.0,0.0,0.022529647713482055,0.9625008299891781
80,Host,_Send,IteratorGetNext/_1,2,1076.441,538.2205,1076.441,538.2205,0.0,0.0,0.01922397806678367,0.9817248080559617
81,Host,_Send,IteratorGetNext/_6,2,429.117,214.5585,429.117,214.5585,0.0,0.0,0.007663528048526588,0.9893883361044883
82,Host,GatherV2,GatherV2,2,141.401,70.7005,141.401,70.7005,0.0,0.0,0.002525256584077788,0.991913592688566
83,Host,Dataset,Iterator::Model::ParallelMapV2::Zip[1]::ForeverRepeat,2,86.521,43.2605,66.925,33.4625,0.0,0.0,0.0011952022750150702,0.9931087949635811
84,Host,LogicalAnd,LogicalAnd,1,56.787,56.787,56.787,56.787,0.0,0.0,0.0010141494447707252,0.9941229444083518
85,Host,Dataset,Iterator::Model,2,80.178,40.089,46.502,23.251,0.0,0.0,0.0008304713663466687,0.9949534157746984
86,Host,FlushSummaryWriter,FlushSummaryWriter,1,43.389,43.389,43.389,43.389,0.0,0.0,0.0007748768249627028,0.9957282925996611
87,Host,Dataset,Iterator::Model::ParallelMapV2::Zip[0]::FlatMap[1]::Concatenate,2,55.643,27.8215,42.02,21.01,0.0,0.0,0.000750428085112189,0.9964787206847733
88,Host,GatherV2,GatherV2_1,2,39.022,19.511,39.022,19.511,0.0,0.0,0.000696887309310991,0.9971756079940842
89,Host,Dataset,Iterator::Model::ParallelMapV2,2,33.676,16.838,33.676,16.838,0.0,0.0,0.0006014139979590214,0.9977770219920432
90,Host,IteratorGetNext,IteratorGetNext,2,25.074,12.537,25.074,12.537,0.0,0.0,0.0004477923323679921,0.9982248143244112
91,Host,WriteSummary,WriteSummary,1,24.718,24.718,24.718,24.718,0.0,0.0,0.00044143458847698924,0.9986662489128882
92,Host,Dataset,Iterator::Model::ParallelMapV2::Zip[1]::ForeverRepeat::FromTensor,4,19.596,4.899,19.596,4.899,0.0,0.0,0.0003499616553036282,0.9990162105681919
93,Host,Dataset,Iterator::Model::ParallelMapV2::Zip,2,171.888,85.944,19.275,9.6375,0.0,0.0,0.0003442289705030329,0.9993604395386949
94,Host,Dataset,Iterator::Model::ParallelMapV2::Zip[0]::FlatMap[1]::Concatenate[0]::TensorSlice,2,13.623,6.8115,13.623,6.8115,0.0,0.0,0.0002432908568177856,0.9996037303955126
95,Host,Dataset,Iterator::Model::ParallelMapV2::Zip[0]::FlatMap,2,66.092,33.046,10.449,5.2245,0.0,0.0,0.00018660692673339512,0.9997903373222461
96,Host,_HostSend,categorical_crossentropy/softmax_cross_entropy_with_logits/Shape_2/_9,2,10.196,5.098,10.196,5.098,0.0,0.0,0.00018208864245130603,0.9999724259646974
97,Host,Identity,Identity,1,1.544,1.544,1.544,1.544,0.0,0.0,2.757403530255164e-05,0.9999999999999999
