Rank,Host/device,Type,Operation,#Occurrences,Total time (us),Avg. time (us),Total self-time (us),Avg. self-time (us),Total self-time on Device (%),Cumulative total-self time on Device (%),Total self-time on Host (%),Cumulative total-self time on Host (%)
1,Device,IDLE,IDLE,0,4178.109,0.0,4178.109,0.0,0.4052166451051388,0.4052166451051388,0.0,0.0
2,Device,ResourceApplyAdadelta,Adadelta/Adadelta/update_4/ResourceApplyAdadelta,2,808.927,404.4635,808.927,404.4635,0.0784543163127062,0.483670961417845,0.0,0.0
3,Device,MatMul,gradient_tape/sequential/dense/MatMul,2,467.135,233.5675,467.135,233.5675,0.04530539473986653,0.5289763561577115,0.0,0.0
4,Device,Conv2D,sequential/conv2d_1/Conv2D,4,455.231,113.80775,455.231,113.80775,0.044150877482578225,0.5731272336402897,0.0,0.0
5,Device,Conv2DBackpropFilter,gradient_tape/sequential/conv2d/Conv2DBackpropFilter,2,455.007,227.5035,455.007,227.5035,0.044129152695478714,0.6172563863357684,0.0,0.0
6,Device,MatMul,sequential/dense/MatMul,2,447.999,223.9995,447.999,223.9995,0.043449477213365444,0.6607058635491339,0.0,0.0
7,Device,Conv2DBackpropInput,gradient_tape/sequential/conv2d_1/Conv2DBackpropInput,4,422.047,105.51175,422.047,105.51175,0.040932505450836376,0.7016383689999702,0.0,0.0
8,Device,Conv2DBackpropFilter,gradient_tape/sequential/conv2d_1/Conv2DBackpropFilter,2,383.168,191.584,383.168,191.584,0.03716180010422079,0.738800169104191,0.0,0.0
9,Device,MatMul,gradient_tape/sequential/dense/MatMul_1,2,323.52,161.76,323.52,161.76,0.03137679965372241,0.7701769687579134,0.0,0.0
10,Device,MatMul,sequential/dense_1/MatMul,2,288.928,144.464,288.928,144.464,0.02802187181735506,0.7981988405752685,0.0,0.0
11,Device,SoftmaxCrossEntropyWithLogits,categorical_crossentropy/softmax_cross_entropy_with_logits,2,277.504,138.752,277.504,138.752,0.026913907675279996,0.8251127482505485,0.0,0.0
12,Device,Conv2D,sequential/conv2d/Conv2D,2,137.824,68.912,137.824,68.912,0.01336695114822774,0.8384796993987762,0.0,0.0
13,Device,MaxPoolGrad,gradient_tape/sequential/max_pooling2d/MaxPool/MaxPoolGrad,2,91.872,45.936,91.872,45.936,0.008910266251813754,0.84738996565059,0.0,0.0
14,Device,MaxPoolGrad,gradient_tape/sequential/max_pooling2d_1/MaxPool/MaxPoolGrad,2,88.608,44.304,88.608,44.304,0.008593705068363735,0.8559836707189538,0.0,0.0
15,Device,ResourceApplyAdadelta,Adadelta/Adadelta/update_2/ResourceApplyAdadelta,2,78.656,39.328,78.656,39.328,0.0076285038129426,0.8636121745318963,0.0,0.0
16,Device,BiasAdd,sequential/conv2d/BiasAdd,2,69.343,34.6715,69.343,34.6715,0.006725276392149089,0.8703374509240454,0.0,0.0
17,Device,ReluGrad,gradient_tape/sequential/conv2d/ReluGrad,2,68.864,34.432,68.864,34.432,0.006678820262592545,0.8770162711866379,0.0,0.0
18,Device,ResourceApplyAdadelta,Adadelta/Adadelta/update_6/ResourceApplyAdadelta,2,60.224,30.112,60.224,30.112,0.005840864188754261,0.8828571353753922,0.0,0.0
19,Device,ResourceApplyAdadelta,Adadelta/Adadelta/update_7/ResourceApplyAdadelta,2,58.336,29.168,58.336,29.168,0.005657755268915525,0.8885148906443078,0.0,0.0
20,Device,BiasAddGrad,gradient_tape/sequential/conv2d_1/BiasAdd/BiasAddGrad,2,52.863,26.4315,52.863,26.4315,0.005126952769827917,0.8936418434141357,0.0,0.0
21,Device,ResourceApplyAdadelta,Adadelta/Adadelta/update/ResourceApplyAdadelta,2,52.544,26.272,52.544,26.272,0.005096014345342453,0.8987378577594781,0.0,0.0
22,Device,ResourceApplyAdadelta,Adadelta/Adadelta/update_5/ResourceApplyAdadelta,2,51.424,25.712,51.424,25.712,0.004987390409844898,0.903725248169323,0.0,0.0
23,Device,Softmax,sequential/dense_1/Softmax,2,50.112,25.056,50.112,25.056,0.004860145228262047,0.908585393397585,0.0,0.0
24,Device,MaxPool,sequential/max_pooling2d/MaxPool,2,48.96,24.48,48.96,24.48,0.004748417751750276,0.9133338111493353,0.0,0.0
25,Device,ResourceApplyAdadelta,Adadelta/Adadelta/update_3/ResourceApplyAdadelta,2,48.384,24.192,48.384,24.192,0.00469255401349439,0.9180263651628298,0.0,0.0
26,Device,ResourceApplyAdadelta,Adadelta/Adadelta/update_1/ResourceApplyAdadelta,2,46.976,23.488,46.976,23.488,0.004555998208868892,0.9225823633716986,0.0,0.0
27,Device,MatMul,gradient_tape/sequential/dense_1/MatMul,2,46.687,23.3435,46.687,23.3435,0.004527969354084255,0.9271103327257829,0.0,0.0
28,Device,BiasAddGrad,gradient_tape/sequential/conv2d/BiasAdd/BiasAddGrad,2,44.224,22.112,44.224,22.112,0.004289093681646327,0.9313994264074292,0.0,0.0
29,Device,MatMul,gradient_tape/sequential/dense_1/MatMul_1,2,42.944,21.472,42.944,21.472,0.004164952041077693,0.9355643784485069,0.0,0.0
30,Device,RandomUniform,sequential/dropout/dropout/random_uniform/RandomUniform,2,30.112,15.056,30.112,15.056,0.0029204320943771304,0.938484810542884,0.0,0.0
31,Device,Unknown,gradient_tape/sequential/max_pooling2d_1/MaxPool/MaxPoolGrad-2-TransposeNHWCToNCHW-LayoutOptimizer:Transpose,2,28.768,14.384,28.768,14.384,0.0027900833717800643,0.9412748939146641,0.0,0.0
32,Device,Relu,sequential/conv2d/Relu,2,26.56,13.28,26.56,13.28,0.0025759390417991693,0.9438508329564633,0.0,0.0
33,Device,Unknown,sequential/max_pooling2d_1/MaxPool-0-1-TransposeNCHWToNHWC-LayoutOptimizer:Transpose,2,26.304,13.152,26.304,13.152,0.0025511107136854424,0.9464019436701487,0.0,0.0
34,Device,BiasAdd,sequential/conv2d_1/BiasAdd,2,25.568,12.784,25.568,12.784,0.0024797292703584778,0.9488816729405072,0.0,0.0
35,Device,_Send,IteratorGetNext/_1,2,25.376,12.688,25.376,12.688,0.0024611080242731825,0.9513427809647803,0.0,0.0
36,Device,MaxPool,sequential/max_pooling2d_1/MaxPool,2,24.608,12.304,24.608,12.304,0.0023866230399320013,0.9537294040047123,0.0,0.0
37,Device,ArgMax,ArgMax,2,21.92,10.96,21.92,10.96,0.0021259255947378686,0.9558553295994502,0.0,0.0
38,Device,ArgMax,ArgMax_1,2,21.664,10.832,21.664,10.832,0.0021010972666241417,0.9579564268660743,0.0,0.0
39,Device,BiasAddGrad,gradient_tape/sequential/dense_1/BiasAdd/BiasAddGrad,2,18.176,9.088,18.176,9.088,0.001762811296074612,0.9597192381621489,0.0,0.0
40,Device,BiasAddGrad,gradient_tape/sequential/dense/BiasAdd/BiasAddGrad,2,17.888,8.944,17.888,8.944,0.0017348794269466696,0.9614541175890956,0.0,0.0
41,Device,Mul,gradient_tape/categorical_crossentropy/softmax_cross_entropy_with_logits/mul,2,17.664,8.832,17.664,8.832,0.0017131546398471585,0.9631672722289427,0.0,0.0
42,Device,ReluGrad,gradient_tape/sequential/conv2d_1/ReluGrad,2,17.6,8.8,17.6,8.8,0.0017069475578187269,0.9648742197867615,0.0,0.0
43,Device,DivNoNan,div_no_nan,2,16.992,8.496,16.992,8.496,0.0016479802785486252,0.9665222000653101,0.0,0.0
44,Device,BiasAdd,sequential/dense/BiasAdd,2,16.8,8.4,16.8,8.4,0.0016293590324633301,0.9681515590977734,0.0,0.0
45,Device,DivNoNan,categorical_crossentropy/weighted_loss/value,2,16.448,8.224,16.448,8.224,0.0015952200813069556,0.9697467791790804,0.0,0.0
46,Device,Mul,sequential/dropout/dropout/Mul_1,2,16.352,8.176,16.352,8.176,0.001585909458264308,0.9713326886373447,0.0,0.0
47,Device,Relu,sequential/conv2d_1/Relu,2,16.192,8.096,16.192,8.096,0.0015703917531932285,0.9729030803905379,0.0,0.0
48,Device,Mul,gradient_tape/sequential/dropout/dropout/Mul_2,2,15.968,7.984,15.968,7.984,0.0015486669660937174,0.9744517473566315,0.0,0.0
49,Device,Sum,categorical_crossentropy/weighted_loss/Sum,2,15.328,7.664,15.328,7.664,0.0014865961458094001,0.9759383435024409,0.0,0.0
50,Device,GreaterEqual,sequential/dropout/dropout/GreaterEqual,2,15.232,7.616,15.232,7.616,0.0014772855227667525,0.9774156290252076,0.0,0.0
51,Device,Mul,sequential/dropout/dropout/Mul,2,14.688,7.344,14.688,7.344,0.0014245253255250829,0.9788401543507327,0.0,0.0
52,Device,Mul,gradient_tape/sequential/dropout/dropout/Mul,2,14.624,7.312,14.624,7.312,0.001418318243496651,0.9802584725942294,0.0,0.0
53,Device,ReluGrad,gradient_tape/sequential/dense/ReluGrad,2,14.272,7.136,14.272,7.136,0.0013841792923402765,0.9816426518865696,0.0,0.0
54,Device,Relu,sequential/dense/Relu,2,14.272,7.136,14.272,7.136,0.0013841792923402765,0.9830268311789099,0.0,0.0
55,Device,DivNoNan,div_no_nan_1,2,14.24,7.12,14.24,7.12,0.0013810757513260607,0.9844079069302359,0.0,0.0
56,Device,AssignAddVariableOp,AssignAddVariableOp_3,2,14.175,7.0875,14.175,7.0875,0.0013747716836409348,0.9857826786138769,0.0,0.0
57,Device,AssignAddVariableOp,AssignAddVariableOp,2,13.376,6.688,13.376,6.688,0.001297280143942232,0.9870799587578192,0.0,0.0
58,Device,Sum,Sum_2,2,12.768,6.384,12.768,6.384,0.0012383128646721309,0.9883182716224913,0.0,0.0
59,Device,Cast,sequential/dropout/dropout/Cast,2,12.704,6.352,12.704,6.352,0.001232105782643699,0.989550377405135,0.0,0.0
60,Device,BiasAdd,sequential/dense_1/BiasAdd,2,12.512,6.256,12.512,6.256,0.001213484536558404,0.9907638619416934,0.0,0.0
61,Device,Mul,Mul,2,12.416,6.208,12.416,6.208,0.0012041739135157563,0.9919680358552092,0.0,0.0
62,Device,AssignAddVariableOp,Adadelta/Adadelta/AssignAddVariableOp,2,12.288,6.144,12.288,6.144,0.0011917597494588929,0.993159795604668,0.0,0.0
63,Device,AssignAddVariableOp,AssignAddVariableOp_4,2,12.288,6.144,12.288,6.144,0.0011917597494588929,0.9943515553541269,0.0,0.0
64,Device,Equal,Equal,2,12.288,6.144,12.288,6.144,0.0011917597494588929,0.9955433151035857,0.0,0.0
65,Device,AssignAddVariableOp,AssignAddVariableOp_1,2,12.16,6.08,12.16,6.08,0.0011793455854020294,0.9967226606889877,0.0,0.0
66,Device,AssignAddVariableOp,AssignAddVariableOp_2,2,12.064,6.032,12.064,6.032,0.0011700349623593818,0.9978926956513471,0.0,0.0
67,Device,Cast,Cast_1,2,11.552,5.776,11.552,5.776,0.0011203783061319277,0.999013073957479,0.0,0.0
68,Device,LogicalAnd,LogicalAnd,1,6.368,6.368,6.368,6.368,0.0006176046618289575,0.9996306786193079,0.0,0.0
69,Device,_Send,IteratorGetNext/_3,2,3.808,1.904,3.808,1.904,0.0003693213806916881,0.9999999999999996,0.0,0.0
70,Host,IDLE,IDLE,0,25295.501,0.0,25295.501,0.0,0.0,0.0,0.9051333804539647,0.9051333804539647
71,Host,_Send,IteratorGetNext/_1,2,1086.965,543.4825,1086.965,543.4825,0.0,0.0,0.038894201181670356,0.944027581635635
72,Host,_Send,IteratorGetNext/_3,2,1059.496,529.748,1059.496,529.748,0.0,0.0,0.03791129482106142,0.9819388764566964
73,Host,_Send,IteratorGetNext/_6,2,82.788,41.394,82.788,41.394,0.0,0.0,0.0029623521708869427,0.9849012286275833
74,Host,LogicalAnd,LogicalAnd,1,69.994,69.994,69.994,69.994,0.0,0.0,0.0025045523246009166,0.9874057809521842
75,Host,FlushSummaryWriter,FlushSummaryWriter,1,52.909,52.909,52.909,52.909,0.0,0.0,0.0018932102600552887,0.9892989912122395
76,Host,GatherV2,GatherV2,2,48.028,24.014,48.028,24.014,0.0,0.0,0.001718556434064817,0.9910175476463043
77,Host,Dataset,Iterator::Model::ParallelMapV2::Zip[1]::ForeverRepeat,2,56.458,28.229,40.208,20.104,0.0,0.0,0.0014387381756658234,0.9924562858219702
78,Host,Dataset,Iterator::Model,2,73.417,36.7085,36.82,18.41,0.0,0.0,0.0013175074519502492,0.9937737932739205
79,Host,Dataset,Iterator::Model::ParallelMapV2,2,36.597,18.2985,36.597,18.2985,0.0,0.0,0.0013095279798757,0.9950833212537962
80,Host,WriteSummary,WriteSummary,1,27.056,27.056,27.056,27.056,0.0,0.0,0.0009681282351973368,0.9960514494889935
81,Host,IteratorGetNext,IteratorGetNext,2,26.759,13.3795,26.759,13.3795,0.0,0.0,0.0009575008665599327,0.9970089503555534
82,Host,Dataset,Iterator::Model::ParallelMapV2::Zip[0]::FlatMap,2,36.069,18.0345,23.352,11.676,0.0,0.0,0.0008355902775106524,0.997844540633064
83,Host,Dataset,Iterator::Model::ParallelMapV2::Zip,2,111.013,55.5065,18.486,9.243,0.0,0.0,0.0006614731873099486,0.998506013820374
84,Host,Dataset,Iterator::Model::ParallelMapV2::Zip[1]::ForeverRepeat::FromTensor,4,16.25,4.0625,16.25,4.0625,0.0,0.0,0.0005814637722485484,0.9990874775926225
85,Host,Dataset,Iterator::Model::ParallelMapV2::Zip[0]::FlatMap[1]::TensorSlice,2,12.717,6.3585,12.717,6.3585,0.0,0.0,0.0004550446025652178,0.9995425221951877
86,Host,GatherV2,GatherV2_1,2,11.069,5.5345,11.069,5.5345,0.0,0.0,0.0003960752304627189,0.9999385974256504
87,Host,Identity,Identity,1,1.716,1.716,1.716,1.716,0.0,0.0,6.14025743494467e-05,0.9999999999999999
