Rank,Host/device,Type,Operation,#Occurrences,Total time (us),Avg. time (us),Total self-time (us),Avg. self-time (us),Total self-time on Device (%),Cumulative total-self time on Device (%),Total self-time on Host (%),Cumulative total-self time on Host (%)
1,Device,IDLE,IDLE,0,3299.286,0.0,3299.286,0.0,0.4580646827340551,0.4580646827340551,0.0,0.0
2,Device,ResourceApplyAdadelta,Adadelta/Adadelta/update_4/ResourceApplyAdadelta,2,852.83,426.415,852.83,426.415,0.11840480133461731,0.5764694840686724,0.0,0.0
3,Device,Conv2D,sequential/conv2d_1/Conv2D,4,349.952,87.488,349.952,87.488,0.0485864674514874,0.6250559515201598,0.0,0.0
4,Device,Conv2DBackpropInput,gradient_tape/sequential/conv2d_1/Conv2DBackpropInput,4,338.495,84.62375,338.495,84.62375,0.046995805996225846,0.6720517575163857,0.0,0.0
5,Device,Conv2DBackpropFilter,gradient_tape/sequential/conv2d_1/Conv2DBackpropFilter,2,261.63,130.815,261.63,130.815,0.03632406009776383,0.7083758176141495,0.0,0.0
6,Device,Conv2DBackpropFilter,gradient_tape/sequential/conv2d/Conv2DBackpropFilter,2,212.831,106.4155,212.831,106.4155,0.029548928007748245,0.7379247456218977,0.0,0.0
7,Device,SoftmaxCrossEntropyWithLogits,categorical_crossentropy/softmax_cross_entropy_with_logits,2,147.456,73.728,147.456,73.728,0.020472425202675008,0.7583971708245727,0.0,0.0
8,Device,ReluGrad,gradient_tape/sequential/conv2d/ReluGrad,2,120.319,60.1595,120.319,60.1595,0.01670479144938595,0.7751019622739587,0.0,0.0
9,Device,MatMul,gradient_tape/sequential/dense/MatMul,2,114.527,57.2635,114.527,57.2635,0.015900644539298237,0.791002606813257,0.0,0.0
10,Device,MatMul,sequential/dense/MatMul,2,111.519,55.7595,111.519,55.7595,0.015483021282125614,0.8064856280953826,0.0,0.0
11,Device,MatMul,gradient_tape/sequential/dense/MatMul_1,2,101.343,50.6715,101.343,50.6715,0.014070210688711844,0.8205558387840944,0.0,0.0
12,Device,MaxPoolGrad,gradient_tape/sequential/max_pooling2d/MaxPool/MaxPoolGrad,2,95.616,47.808,95.616,47.808,0.013275088217359577,0.833830927001454,0.0,0.0
13,Device,Conv2D,sequential/conv2d/Conv2D,2,94.08,47.04,94.08,47.04,0.013061833788165046,0.8468927607896191,0.0,0.0
14,Device,BiasAdd,sequential/conv2d/BiasAdd,2,82.879,41.4395,82.879,41.4395,0.011506714737769248,0.8583994755273883,0.0,0.0
15,Device,Relu,sequential/conv2d/Relu,2,75.136,37.568,75.136,37.568,0.010431695828099158,0.8688311713554874,0.0,0.0
16,Device,MatMul,sequential/dense_1/MatMul,2,70.656,35.328,70.656,35.328,0.009809703742948444,0.8786408750984358,0.0,0.0
17,Device,MaxPoolGrad,gradient_tape/sequential/max_pooling2d_1/MaxPool/MaxPoolGrad,2,69.344,34.672,69.344,34.672,0.009627548918011446,0.8882684240164472,0.0,0.0
18,Device,MaxPool,sequential/max_pooling2d/MaxPool,2,60.479,30.2395,60.479,30.2395,0.008396754312015666,0.8966651783284629,0.0,0.0
19,Device,ResourceApplyAdadelta,Adadelta/Adadelta/update_2/ResourceApplyAdadelta,2,46.592,23.296,46.592,23.296,0.0064687176855674515,0.9031338960140304,0.0,0.0
20,Device,BiasAddGrad,gradient_tape/sequential/conv2d/BiasAdd/BiasAddGrad,2,38.56,19.28,38.56,19.28,0.005353574732904381,0.9084874707469348,0.0,0.0
21,Device,ResourceApplyAdadelta,Adadelta/Adadelta/update_6/ResourceApplyAdadelta,2,31.616,15.808,31.616,15.808,0.0043894870009207705,0.9128769577478556,0.0,0.0
22,Device,Softmax,sequential/dense_1/Softmax,2,31.232,15.616,31.232,15.616,0.004336173393622138,0.9172131311414777,0.0,0.0
23,Device,BiasAddGrad,gradient_tape/sequential/conv2d_1/BiasAdd/BiasAddGrad,2,29.888,14.944,29.888,14.944,0.004149575768076923,0.9213627069095547,0.0,0.0
24,Device,ResourceApplyAdadelta,Adadelta/Adadelta/update/ResourceApplyAdadelta,2,28.64,14.32,28.64,14.32,0.003976306544356366,0.925339013453911,0.0,0.0
25,Device,ResourceApplyAdadelta,Adadelta/Adadelta/update_7/ResourceApplyAdadelta,2,28.191,14.0955,28.191,14.0955,0.003913968498322287,0.9292529819522333,0.0,0.0
26,Device,MatMul,gradient_tape/sequential/dense_1/MatMul,2,26.304,13.152,26.304,13.152,0.0036519820999563494,0.9329049640521896,0.0,0.0
27,Device,MatMul,gradient_tape/sequential/dense_1/MatMul_1,2,25.92,12.96,25.92,12.96,0.003598668492657717,0.9365036325448473,0.0,0.0
28,Device,ResourceApplyAdadelta,Adadelta/Adadelta/update_5/ResourceApplyAdadelta,2,25.568,12.784,25.568,12.784,0.0035497976859673037,0.9400534302308146,0.0,0.0
29,Device,ResourceApplyAdadelta,Adadelta/Adadelta/update_3/ResourceApplyAdadelta,2,22.912,11.456,22.912,11.456,0.0031810452354850928,0.9432344754662997,0.0,0.0
30,Device,ResourceApplyAdadelta,Adadelta/Adadelta/update_1/ResourceApplyAdadelta,2,22.304,11.152,22.304,11.152,0.003096632023928924,0.9463311074902286,0.0,0.0
31,Device,_Send,IteratorGetNext/_1,2,21.792,10.896,21.792,10.896,0.003025547214197414,0.9493566547044261,0.0,0.0
32,Device,Unknown,gradient_tape/sequential/max_pooling2d_1/MaxPool/MaxPoolGrad-2-TransposeNHWCToNCHW-LayoutOptimizer:Transpose,2,19.2,9.6,19.2,9.6,0.002665680364931642,0.9520223350693577,0.0,0.0
33,Device,MaxPool,sequential/max_pooling2d_1/MaxPool,2,18.336,9.168,18.336,9.168,0.002545724748509718,0.9545680598178674,0.0,0.0
34,Device,BiasAdd,sequential/conv2d_1/BiasAdd,2,17.471,8.7355,17.471,8.7355,0.0024256302945687876,0.9569936901124362,0.0,0.0
35,Device,Unknown,sequential/max_pooling2d_1/MaxPool-0-1-TransposeNCHWToNHWC-LayoutOptimizer:Transpose,2,17.312,8.656,17.312,8.656,0.0024035551290466973,0.9593972452414828,0.0,0.0
36,Device,BiasAddGrad,gradient_tape/sequential/dense/BiasAdd/BiasAddGrad,2,16.704,8.352,16.704,8.352,0.0023191419174905287,0.9617163871589733,0.0,0.0
37,Device,RandomUniform,sequential/dropout/dropout/random_uniform/RandomUniform,2,16.096,8.048,16.096,8.048,0.00223472870593436,0.9639511158649077,0.0,0.0
38,Device,ArgMax,ArgMax_1,2,15.2,7.6,15.2,7.6,0.0021103302889042166,0.9660614461538118,0.0,0.0
39,Device,ArgMax,ArgMax,2,14.784,7.392,14.784,7.392,0.0020525738809973643,0.9681140200348092,0.0,0.0
40,Device,BiasAddGrad,gradient_tape/sequential/dense_1/BiasAdd/BiasAddGrad,2,11.744,5.872,11.744,5.872,0.001630507823216521,0.9697445278580257,0.0,0.0
41,Device,ReluGrad,gradient_tape/sequential/conv2d_1/ReluGrad,2,11.296,5.648,11.296,5.648,0.0015683086147014493,0.9713128364727271,0.0,0.0
42,Device,Mul,gradient_tape/categorical_crossentropy/softmax_cross_entropy_with_logits/mul,2,9.984,4.992,9.984,4.992,0.001386153789764454,0.9726989902624916,0.0,0.0
43,Device,Mul,sequential/dropout/dropout/Mul_1,2,9.792,4.896,9.792,4.896,0.0013594969861151374,0.9740584872486068,0.0,0.0
44,Device,GreaterEqual,sequential/dropout/dropout/GreaterEqual,2,9.28,4.64,9.28,4.64,0.001288412176383627,0.9753468994249904,0.0,0.0
45,Device,Relu,sequential/conv2d_1/Relu,2,9.248,4.624,9.248,4.624,0.0012839693757754076,0.9766308688007659,0.0,0.0
46,Device,Mul,gradient_tape/sequential/dropout/dropout/Mul_2,2,9.184,4.592,9.184,4.592,0.0012750837745589686,0.9779059525753249,0.0,0.0
47,Device,DivNoNan,div_no_nan,2,9.088,4.544,9.088,4.544,0.0012617553727343105,0.9791677079480592,0.0,0.0
48,Device,Mul,sequential/dropout/dropout/Mul,2,8.928,4.464,8.928,4.464,0.0012395413696932136,0.9804072493177524,0.0,0.0
49,Device,BiasAdd,sequential/dense/BiasAdd,2,8.864,4.432,8.864,4.432,0.0012306557684767748,0.9816379050862292,0.0,0.0
50,Device,DivNoNan,categorical_crossentropy/weighted_loss/value,2,8.672,4.336,8.672,4.336,0.0012039989648274583,0.9828419040510566,0.0,0.0
51,Device,Sum,categorical_crossentropy/weighted_loss/Sum,2,8.128,4.064,8.128,4.064,0.0011284713544877285,0.9839703754055443,0.0,0.0
52,Device,Mul,gradient_tape/sequential/dropout/dropout/Mul,2,7.968,3.984,7.968,3.984,0.0011062573514466314,0.985076632756991,0.0,0.0
53,Device,ReluGrad,gradient_tape/sequential/dense/ReluGrad,2,7.808,3.904,7.808,3.904,0.0010840433484055345,0.9861606761053965,0.0,0.0
54,Device,Relu,sequential/dense/Relu,2,7.392,3.696,7.392,3.696,0.0010262869404986821,0.9871869630458951,0.0,0.0
55,Device,AssignAddVariableOp,AssignAddVariableOp,2,7.232,3.616,7.232,3.616,0.0010040729374575853,0.9881910359833528,0.0,0.0
56,Device,AssignAddVariableOp,AssignAddVariableOp_3,2,7.136,3.568,7.136,3.568,0.000990744535632927,0.9891817805189858,0.0,0.0
57,Device,DivNoNan,div_no_nan_1,2,7.136,3.568,7.136,3.568,0.000990744535632927,0.9901725250546187,0.0,0.0
58,Device,Cast,sequential/dropout/dropout/Cast,2,6.944,3.472,6.944,3.472,0.0009640877319836105,0.9911366127866024,0.0,0.0
59,Device,Sum,Sum_2,2,6.848,3.424,6.848,3.424,0.0009507593301589523,0.9920873721167613,0.0,0.0
60,Device,Equal,Equal,2,6.72,3.36,6.72,3.36,0.0009329881277260747,0.9930203602444874,0.0,0.0
61,Device,AssignAddVariableOp,Adadelta/Adadelta/AssignAddVariableOp,2,6.656,3.328,6.656,3.328,0.0009241025265096359,0.993944462770997,0.0,0.0
62,Device,AssignAddVariableOp,AssignAddVariableOp_4,2,6.56,3.28,6.56,3.28,0.0009107741246849777,0.994855236895682,0.0,0.0
63,Device,BiasAdd,sequential/dense_1/BiasAdd,2,6.272,3.136,6.272,3.136,0.0008707889192110032,0.995726025814893,0.0,0.0
64,Device,Cast,Cast_1,2,6.24,3.12,6.24,3.12,0.0008663461186027837,0.9965923719334958,0.0,0.0
65,Device,Mul,Mul,2,6.24,3.12,6.24,3.12,0.0008663461186027837,0.9974587180520986,0.0,0.0
66,Device,AssignAddVariableOp,AssignAddVariableOp_1,2,6.112,3.056,6.112,3.056,0.000848574916169906,0.9983072929682685,0.0,0.0
67,Device,AssignAddVariableOp,AssignAddVariableOp_2,2,6.08,3.04,6.08,3.04,0.0008441321155616867,0.9991514250838301,0.0,0.0
68,Device,LogicalAnd,LogicalAnd,1,3.808,3.808,3.808,3.808,0.000528693272378109,0.9996801183562083,0.0,0.0
69,Device,_Send,IteratorGetNext/_3,2,2.304,1.152,2.304,1.152,0.000319881643791797,1.0,0.0,0.0
70,Host,IDLE,IDLE,0,27235.766,0.0,27235.766,0.0,0.0,0.0,0.908110806874854,0.908110806874854
71,Host,_Send,IteratorGetNext/_3,2,1148.976,574.488,1148.976,574.488,0.0,0.0,0.03830982842339894,0.9464206352982529
72,Host,_Send,IteratorGetNext/_1,2,1076.005,538.0025,1076.005,538.0025,0.0,0.0,0.035876786749870646,0.9822974220481235
73,Host,_Send,IteratorGetNext/_6,2,119.438,59.719,119.438,59.719,0.0,0.0,0.003982371509269055,0.9862797935573926
74,Host,GatherV2,GatherV2,2,86.12,43.06,86.12,43.06,0.0,0.0,0.002871463306303279,0.9891512568636959
75,Host,LogicalAnd,LogicalAnd,1,56.479,56.479,56.479,56.479,0.0,0.0,0.0018831557835195412,0.9910344126472154
76,Host,Dataset,Iterator::Model::ParallelMapV2::Zip[0]::FlatMap,2,49.506,24.753,39.868,19.934,0.0,0.0,0.0013293021260531715,0.9923637147732686
77,Host,FlushSummaryWriter,FlushSummaryWriter,1,36.941,36.941,36.941,36.941,0.0,0.0,0.0012317083836292317,0.9935954231568978
78,Host,Dataset,Iterator::Model::ParallelMapV2::Zip[1]::ForeverRepeat,2,48.079,24.0395,34.283,17.1415,0.0,0.0,0.0011430837962145299,0.9947385069531123
79,Host,Dataset,Iterator::Model,2,56.562,28.281,29.386,14.693,0.0,0.0,0.000979805163945984,0.9957183121170583
80,Host,Dataset,Iterator::Model::ParallelMapV2,2,27.176,13.588,27.176,13.588,0.0,0.0,0.0009061180540187865,0.996624430171077
81,Host,WriteSummary,WriteSummary,1,24.628,24.628,24.628,24.628,0.0,0.0,0.000821161150808606,0.9974455913218857
82,Host,IteratorGetNext,IteratorGetNext,2,18.395,9.1975,18.395,9.1975,0.0,0.0,0.0006133368267469671,0.9980589281486326
83,Host,Dataset,Iterator::Model::ParallelMapV2::Zip,2,114.645,57.3225,17.06,8.53,0.0,0.0,0.0005688244775375515,0.9986277526261702
84,Host,GatherV2,GatherV2_1,2,16.303,8.1515,16.303,8.1515,0.0,0.0,0.0005435841416937106,0.999171336767864
85,Host,Dataset,Iterator::Model::ParallelMapV2::Zip[1]::ForeverRepeat::FromTensor,4,13.796,3.449,13.796,3.449,0.0,0.0,0.000459994284414306,0.9996313310522783
86,Host,Dataset,Iterator::Model::ParallelMapV2::Zip[0]::FlatMap[1]::TensorSlice,2,9.638,4.819,9.638,4.819,0.0,0.0,0.00032135582148340685,0.9999526868737617
87,Host,Identity,Identity,1,1.419,1.419,1.419,1.419,0.0,0.0,4.731312623832272e-05,1.0
