Rank,Host/device,Type,Operation,#Occurrences,Total time (us),Avg. time (us),Total self-time (us),Avg. self-time (us),Total self-time on Device (%),Cumulative total-self time on Device (%),Total self-time on Host (%),Cumulative total-self time on Host (%)
1,Device,IDLE,IDLE,0,3720.422,0.0,3720.422,0.0,0.40283380929823376,0.40283380929823376,0.0,0.0
2,Device,ResourceApplyAdadelta,Adadelta/Adadelta/update_4/ResourceApplyAdadelta,2,844.986,422.493,844.986,422.493,0.09149202138458415,0.4943258306828179,0.0,0.0
3,Device,Conv2DBackpropFilter,gradient_tape/sequential/conv2d_1/Conv2DBackpropFilter,4,537.277,134.31925,537.277,134.31925,0.05817440617175341,0.5525002368545713,0.0,0.0
4,Device,Conv2D,sequential/conv2d_1/Conv2D,4,526.814,131.7035,526.814,131.7035,0.057041510455437504,0.6095417473100088,0.0,0.0
5,Device,Conv2DBackpropInput,gradient_tape/sequential/conv2d_1/Conv2DBackpropInput,4,513.853,128.46325,513.853,128.46325,0.05563814035325167,0.6651798876632604,0.0,0.0
6,Device,Conv2DBackpropFilter,gradient_tape/sequential/conv2d/Conv2DBackpropFilter,2,337.31,168.655,337.31,168.655,0.03652270420247682,0.7017025918657372,0.0,0.0
7,Device,ReluGrad,gradient_tape/sequential/conv2d/ReluGrad,2,241.822,120.911,241.822,120.911,0.02618360966366651,0.7278862015294038,0.0,0.0
8,Device,MaxPoolGrad,gradient_tape/sequential/max_pooling2d/MaxPool/MaxPoolGrad,2,183.198,91.599,183.198,91.599,0.019836015429383503,0.7477222169587873,0.0,0.0
9,Device,BiasAdd,sequential/conv2d/BiasAdd,2,172.702,86.351,172.702,86.351,0.01869954659267781,0.7664217635514651,0.0,0.0
10,Device,MatMul,sequential/dense/MatMul,2,165.824,82.912,165.824,82.912,0.017954821682344184,0.7843765852338093,0.0,0.0
11,Device,Relu,sequential/conv2d/Relu,2,164.8,82.4,164.8,82.4,0.017843946673885093,0.8022205319076944,0.0,0.0
12,Device,MatMul,gradient_tape/sequential/dense/MatMul,2,162.239,81.1195,162.239,81.1195,0.017566650876361913,0.8197871827840563,0.0,0.0
13,Device,SoftmaxCrossEntropyWithLogits,categorical_crossentropy/softmax_cross_entropy_with_logits,2,147.424,73.712,147.424,73.712,0.01596253637409488,0.8357497191581511,0.0,0.0
14,Device,Conv2D,sequential/conv2d/Conv2D,2,147.296,73.648,147.296,73.648,0.01594867699803749,0.8516983961561886,0.0,0.0
15,Device,MaxPoolGrad,gradient_tape/sequential/max_pooling2d_1/MaxPool/MaxPoolGrad,2,127.039,63.5195,127.039,63.5195,0.013755322460580633,0.8654537186167692,0.0,0.0
16,Device,MatMul,gradient_tape/sequential/dense/MatMul_1,2,126.432,63.216,126.432,63.216,0.013689598700683495,0.8791433173174528,0.0,0.0
17,Device,MaxPool,sequential/max_pooling2d/MaxPool,2,113.951,56.9755,113.951,56.9755,0.012338201258712864,0.8914815185761656,0.0,0.0
18,Device,BiasAddGrad,gradient_tape/sequential/conv2d/BiasAdd/BiasAddGrad,2,94.176,47.088,94.176,47.088,0.010197035934222103,0.9016785545103877,0.0,0.0
19,Device,MatMul,sequential/dense_1/MatMul,2,70.782,35.391,70.782,35.391,0.007664018406983826,0.9093425729173715,0.0,0.0
20,Device,ResourceApplyAdadelta,Adadelta/Adadelta/update_2/ResourceApplyAdadelta,2,46.848,23.424,46.848,23.424,0.005072531637003451,0.914415104554375,0.0,0.0
21,Device,BiasAddGrad,gradient_tape/sequential/conv2d_1/BiasAdd/BiasAddGrad,2,43.232,21.616,43.232,21.616,0.004681004263382283,0.9190961088177573,0.0,0.0
22,Device,MatMul,gradient_tape/sequential/dense_1/MatMul,2,33.631,16.8155,33.631,16.8155,0.003641442782702849,0.9227375516004601,0.0,0.0
23,Device,Softmax,sequential/dense_1/Softmax,2,32.096,16.048,32.096,16.048,0.003475238546389659,0.9262127901468498,0.0,0.0
24,Device,ResourceApplyAdadelta,Adadelta/Adadelta/update_6/ResourceApplyAdadelta,2,31.552,15.776,31.552,15.776,0.003416336198145767,0.9296291263449955,0.0,0.0
25,Device,BiasAdd,sequential/conv2d_1/BiasAdd,2,30.144,15.072,30.144,15.072,0.0032638830615145157,0.93289300940651,0.0,0.0
26,Device,ResourceApplyAdadelta,Adadelta/Adadelta/update_7/ResourceApplyAdadelta,2,28.704,14.352,28.704,14.352,0.003107965080868918,0.936000974487379,0.0,0.0
27,Device,ResourceApplyAdadelta,Adadelta/Adadelta/update/ResourceApplyAdadelta,2,27.712,13.856,27.712,13.856,0.0030005549164241726,0.9390015294038031,0.0,0.0
28,Device,MatMul,gradient_tape/sequential/dense_1/MatMul_1,2,26.752,13.376,26.752,13.376,0.002896609595993774,0.9418981389997969,0.0,0.0
29,Device,MaxPool,sequential/max_pooling2d_1/MaxPool,2,25.824,12.912,25.824,12.912,0.0027961291195777224,0.9446942681193746,0.0,0.0
30,Device,ResourceApplyAdadelta,Adadelta/Adadelta/update_5/ResourceApplyAdadelta,2,24.736,12.368,24.736,12.368,0.002678324423089937,0.9473725925424645,0.0,0.0
31,Device,ReluGrad,gradient_tape/sequential/conv2d_1/ReluGrad,2,23.296,11.648,23.296,11.648,0.002522406442444339,0.9498949989849089,0.0,0.0
32,Device,ResourceApplyAdadelta,Adadelta/Adadelta/update_1/ResourceApplyAdadelta,2,22.464,11.232,22.464,11.232,0.0024323204980713268,0.9523273194829802,0.0,0.0
33,Device,Unknown,gradient_tape/sequential/max_pooling2d_1/MaxPool/MaxPoolGrad-2-TransposeNHWCToNCHW-LayoutOptimizer:Transpose,2,22.304,11.152,22.304,11.152,0.002414996277999594,0.9547423157609798,0.0,0.0
34,Device,ResourceApplyAdadelta,Adadelta/Adadelta/update_3/ResourceApplyAdadelta,2,22.272,11.136,22.272,11.136,0.0024115314339852472,0.957153847194965,0.0,0.0
35,Device,BiasAddGrad,gradient_tape/sequential/dense/BiasAdd/BiasAddGrad,2,21.44,10.72,21.44,10.72,0.0023214454896122354,0.9594752926845772,0.0,0.0
36,Device,_Send,IteratorGetNext/_1,1,20.0,20.0,20.0,20.0,0.0021655275089666375,0.9616408201935438,0.0,0.0
37,Device,_Recv,IteratorGetNext/_2,1,20.0,20.0,20.0,20.0,0.0021655275089666375,0.9638063477025104,0.0,0.0
38,Device,Unknown,sequential/max_pooling2d_1/MaxPool-0-2-TransposeNCHWToNHWC-LayoutOptimizer:Transpose,2,17.6,8.8,17.6,8.8,0.001905664207890641,0.965712011910401,0.0,0.0
39,Device,RandomUniform,sequential/dropout/dropout/random_uniform/RandomUniform,2,16.96,8.48,16.96,8.48,0.0018363673276037085,0.9675483792380047,0.0,0.0
40,Device,ArgMax,ArgMax_1,2,14.784,7.392,14.784,7.392,0.0016007579346281383,0.9691491371726328,0.0,0.0
41,Device,ArgMax,ArgMax,2,14.432,7.216,14.432,7.216,0.0015626446504703256,0.9707117818231031,0.0,0.0
42,Device,BiasAddGrad,gradient_tape/sequential/dense_1/BiasAdd/BiasAddGrad,2,13.28,6.64,13.28,6.64,0.0014379102659538472,0.972149692089057,0.0,0.0
43,Device,Relu,sequential/conv2d_1/Relu,2,12.416,6.208,12.416,6.208,0.0013443594775664886,0.9734940515666235,0.0,0.0
44,Device,GreaterEqual,sequential/dropout/dropout/GreaterEqual,2,11.904,5.952,11.904,5.952,0.0012889219733369425,0.9747829735399605,0.0,0.0
45,Device,BiasAdd,sequential/dense/BiasAdd,2,10.464,5.232,10.464,5.232,0.0011330039926913448,0.9759159775326518,0.0,0.0
46,Device,Mul,gradient_tape/categorical_crossentropy/softmax_cross_entropy_with_logits/mul,2,10.016,5.008,10.016,5.008,0.001084496176490492,0.9770004737091423,0.0,0.0
47,Device,ReluGrad,gradient_tape/sequential/dense/ReluGrad,2,9.088,4.544,9.088,4.544,0.00098401570007444,0.9779844894092168,0.0,0.0
48,Device,Tile,gradient_tape/categorical_crossentropy/weighted_loss/Tile_1,2,9.056,4.528,9.056,4.528,0.0009805508560600932,0.9789650402652769,0.0,0.0
49,Device,Mul,gradient_tape/sequential/dropout/dropout/Mul_1,2,9.056,4.528,9.056,4.528,0.0009805508560600932,0.979945591121337,0.0,0.0
50,Device,Mul,sequential/dropout/dropout/Mul,2,8.928,4.464,8.928,4.464,0.000966691480002707,0.9809122826013397,0.0,0.0
51,Device,Mul,sequential/dropout/dropout/Mul_1,2,8.896,4.448,8.896,4.448,0.0009632266359883604,0.981875509237328,0.0,0.0
52,Device,DivNoNan,gradient_tape/categorical_crossentropy/weighted_loss/value/div_no_nan,2,8.672,4.336,8.672,4.336,0.000938972727887934,0.9828144819652159,0.0,0.0
53,Device,Mul,gradient_tape/sequential/dropout/dropout/Mul,2,8.288,4.144,8.288,4.144,0.0008973945997157746,0.9837118765649318,0.0,0.0
54,Device,Sum,categorical_crossentropy/weighted_loss/Sum,2,8.128,4.064,8.128,4.064,0.0008800703796440414,0.9845919469445757,0.0,0.0
55,Device,Cast,sequential/dropout/dropout/Cast,2,7.872,3.936,7.872,3.936,0.0008523516275292685,0.985444298572105,0.0,0.0
56,Device,Relu,sequential/dense/Relu,2,7.808,3.904,7.808,3.904,0.0008454219395005752,0.9862897205116056,0.0,0.0
57,Device,AssignAddVariableOp,AssignAddVariableOp_2,2,7.264,3.632,7.264,3.632,0.0007865195912566827,0.9870762401028622,0.0,0.0
58,Device,DivNoNan,div_no_nan,2,7.072,3.536,7.072,3.536,0.000765730527170603,0.9878419706300328,0.0,0.0
59,Device,AssignAddVariableOp,AssignAddVariableOp_4,2,6.816,3.408,6.816,3.408,0.00073801177505583,0.9885799824050886,0.0,0.0
60,Device,Equal,Equal,2,6.784,3.392,6.784,3.392,0.0007345469310414834,0.9893145293361301,0.0,0.0
61,Device,AssignAddVariableOp,Adadelta/Adadelta/AssignAddVariableOp,2,6.656,3.328,6.656,3.328,0.0007206875549840969,0.9900352168911142,0.0,0.0
62,Device,BiasAdd,sequential/dense_1/BiasAdd,2,6.656,3.328,6.656,3.328,0.0007206875549840969,0.9907559044460983,0.0,0.0
63,Device,Mul,Mul,2,6.56,3.28,6.56,3.28,0.000710293022941057,0.9914661974690393,0.0,0.0
64,Device,DivNoNan,div_no_nan_1,2,6.527,3.2635,6.527,3.2635,0.0007067199025512621,0.9921729173715905,0.0,0.0
65,Device,Cast,Cast,2,6.464,3.232,6.464,3.232,0.0006998984908980172,0.9928728158624885,0.0,0.0
66,Device,Cast,Cast_2,2,6.464,3.232,6.464,3.232,0.0006998984908980172,0.9935727143533866,0.0,0.0
67,Device,DivNoNan,categorical_crossentropy/weighted_loss/value,2,6.464,3.232,6.464,3.232,0.0006998984908980172,0.9942726128442846,0.0,0.0
68,Device,Sum,Sum_2,2,6.336,3.168,6.336,3.168,0.0006860391148406308,0.9949586519591253,0.0,0.0
69,Device,AssignAddVariableOp,AssignAddVariableOp_1,2,6.112,3.056,6.112,3.056,0.0006617852067402044,0.9956204371658655,0.0,0.0
70,Device,AssignAddVariableOp,AssignAddVariableOp_3,2,6.112,3.056,6.112,3.056,0.0006617852067402044,0.9962822223726057,0.0,0.0
71,Device,Cast,Cast_1,2,6.08,3.04,6.08,3.04,0.0006583203627258578,0.9969405427353315,0.0,0.0
72,Device,AssignAddVariableOp,AssignAddVariableOp,2,6.016,3.008,6.016,3.008,0.0006513906746971645,0.9975919334100287,0.0,0.0
73,Device,Cast,categorical_crossentropy/weighted_loss/num_elements/Cast,2,5.6,2.8,5.6,2.8,0.0006063477025106584,0.9981982811125394,0.0,0.0
74,Device,_Recv,categorical_crossentropy/weighted_loss/num_elements/_14,2,4.8,2.4,4.8,2.4,0.000519726602151993,0.9987180077146913,0.0,0.0
75,Device,LogicalAnd,LogicalAnd,1,3.84,3.84,3.84,3.84,0.00041578128172159434,0.9991337889964129,0.0,0.0
76,Device,_Recv,Size/_16,2,3.456,1.728,3.456,1.728,0.0003742031535494349,0.9995079921499623,0.0,0.0
77,Device,_Send,IteratorGetNext/_3,2,2.56,1.28,2.56,1.28,0.0002771875211477296,0.99978517967111,0.0,0.0
78,Device,_Recv,strided_slice/_12,2,1.984,0.992,1.984,0.992,0.0002148203288894904,0.9999999999999996,0.0,0.0
79,Host,IDLE,IDLE,0,35482.502,0.0,35482.502,0.0,0.0,0.0,0.9478914202293816,0.9478914202293816
80,Host,_Send,IteratorGetNext/_3,2,1171.017,585.5085,1171.017,585.5085,0.0,0.0,0.03128293960901488,0.9791743598383964
81,Host,GatherV2,GatherV2,2,172.155,86.0775,172.155,86.0775,0.0,0.0,0.004599006221421172,0.9837733660598176
82,Host,_Send,IteratorGetNext/_6,2,141.36,70.68,141.36,70.68,0.0,0.0,0.003776338296651837,0.9875497043564694
83,Host,_Send,IteratorGetNext/_1,2,87.369,43.6845,87.369,43.6845,0.0,0.0,0.0023340046734590713,0.9898837090299285
84,Host,LogicalAnd,LogicalAnd,1,59.607,59.607,59.607,59.607,0.0,0.0,0.0015923613246217178,0.9914760703545502
85,Host,FlushSummaryWriter,FlushSummaryWriter,1,47.779,47.779,47.779,47.779,0.0,0.0,0.0012763841785209968,0.9927524545330713
86,Host,_HostSend,categorical_crossentropy/softmax_cross_entropy_with_logits/Shape_2/_9,2,34.879,17.4395,34.879,17.4395,0.0,0.0,0.0009317692660506465,0.9936842237991219
87,Host,Dataset,Iterator::Model::ParallelMapV2::Zip[1]::ForeverRepeat,2,49.475,24.7375,34.714,17.357,0.0,0.0,0.000927361400891142,0.994611585200013
88,Host,Dataset,Iterator::Model::ParallelMapV2::Zip[0]::FlatMap[1]::Concatenate,2,38.682,19.341,28.549,14.2745,0.0,0.0,0.0007626675299314748,0.9953742527299445
89,Host,Dataset,Iterator::Model,2,50.618,25.309,26.658,13.329,0.0,0.0,0.0007121507237701235,0.9960864034537147
90,Host,WriteSummary,WriteSummary,1,24.692,24.692,24.692,24.692,0.0,0.0,0.0006596303425362701,0.9967460337962509
91,Host,Dataset,Iterator::Model::ParallelMapV2,2,23.96,11.98,23.96,11.98,0.0,0.0,0.0006400754498286503,0.9973861092460796
92,Host,IteratorGetNext,IteratorGetNext,2,21.838,10.919,21.838,10.919,0.0,0.0,0.0005833876324439927,0.9979694968785237
93,Host,GatherV2,GatherV2_1,2,20.768,10.384,20.768,10.384,0.0,0.0,0.0005548032947429636,0.9985243001732667
94,Host,Dataset,Iterator::Model::ParallelMapV2::Zip,2,117.093,58.5465,19.908,9.954,0.0,0.0,0.0005318289672449403,0.9990561291405116
95,Host,Dataset,Iterator::Model::ParallelMapV2::Zip[1]::ForeverRepeat::FromTensor,4,14.761,3.69025,14.761,3.69025,0.0,0.0,0.0003943302886027006,0.9994504594291143
96,Host,Dataset,Iterator::Model::ParallelMapV2::Zip[0]::FlatMap[1]::Concatenate[0]::TensorSlice,2,10.133,5.0665,10.133,5.0665,0.0,0.0,0.000270696349462175,0.9997211557785765
97,Host,Dataset,Iterator::Model::ParallelMapV2::Zip[0]::FlatMap,2,47.71,23.855,9.028,4.514,0.0,0.0,0.00024117701006064502,0.9999623327886371
98,Host,Identity,Identity,1,1.41,1.41,1.41,1.41,0.0,0.0,3.766721136303826e-05,1.0000000000000002
