Rank,Host/device,Type,Operation,#Occurrences,Total time (us),Avg. time (us),Total self-time (us),Avg. self-time (us),Total self-time on Device (%),Cumulative total-self time on Device (%),Total self-time on Host (%),Cumulative total-self time on Host (%)
1,Device,IDLE,IDLE,0,4393.71,0.0,4393.71,0.0,0.24831712223394814,0.24831712223394814,0.0,0.0
2,Device,Conv2DBackpropInput,gradient_tape/sequential/conv2d_1/Conv2DBackpropInput,4,1428.058,357.0145,1428.058,357.0145,0.08070884353841458,0.3290259657723627,0.0,0.0
3,Device,Conv2DBackpropFilter,gradient_tape/sequential/conv2d_1/Conv2DBackpropFilter,2,1330.042,665.021,1330.042,665.021,0.07516932202860108,0.4041952878009638,0.0,0.0
4,Device,Conv2D,sequential/conv2d_1/Conv2D,2,1053.116,526.558,1053.116,526.558,0.059518433055100704,0.4637137208560645,0.0,0.0
5,Device,ReluGrad,gradient_tape/sequential/conv2d/ReluGrad,2,994.748,497.374,994.748,497.374,0.0562196778367201,0.5199333986927845,0.0,0.0
6,Device,Conv2DBackpropFilter,gradient_tape/sequential/conv2d/Conv2DBackpropFilter,2,904.733,452.3665,904.733,452.3665,0.051132344863472234,0.5710657435562567,0.0,0.0
7,Device,ResourceApplyAdadelta,Adadelta/Adadelta/update_4/ResourceApplyAdadelta,2,849.628,424.814,849.628,424.814,0.04801800299277487,0.6190837465490316,0.0,0.0
8,Device,MaxPoolGrad,gradient_tape/sequential/max_pooling2d/MaxPool/MaxPoolGrad,2,744.125,372.0625,744.125,372.0625,0.04205534242868479,0.6611390889777164,0.0,0.0
9,Device,BiasAdd,sequential/conv2d/BiasAdd,2,674.75,337.375,674.75,337.375,0.03813451006719982,0.6992735990449163,0.0,0.0
10,Device,Relu,sequential/conv2d/Relu,2,652.381,326.1905,652.381,326.1905,0.03687029242260079,0.736143891467517,0.0,0.0
11,Device,Conv2D,sequential/conv2d/Conv2D,2,515.582,257.791,515.582,257.791,0.029138891396023735,0.7652827828635408,0.0,0.0
12,Device,MaxPoolGrad,gradient_tape/sequential/max_pooling2d_1/MaxPool/MaxPoolGrad,2,484.702,242.351,484.702,242.351,0.027393661798580046,0.7926764446621208,0.0,0.0
13,Device,MaxPool,sequential/max_pooling2d/MaxPool,2,402.847,201.4235,402.847,201.4235,0.02276750348579658,0.8154439481479174,0.0,0.0
14,Device,MatMul,sequential/dense/MatMul,2,327.422,163.711,327.422,163.711,0.018504746284138864,0.8339486944320563,0.0,0.0
15,Device,MatMul,gradient_tape/sequential/dense/MatMul_1,2,325.95,162.975,325.95,162.975,0.018421553992447246,0.8523702484245036,0.0,0.0
16,Device,BiasAddGrad,gradient_tape/sequential/conv2d/BiasAdd/BiasAddGrad,2,323.552,161.776,323.552,161.776,0.018286027419433325,0.8706562758439369,0.0,0.0
17,Device,MatMul,gradient_tape/sequential/dense/MatMul,2,321.631,160.8155,321.631,160.8155,0.01817745921811566,0.8888337350620525,0.0,0.0
18,Device,ReluGrad,gradient_tape/sequential/conv2d_1/ReluGrad,2,206.848,103.424,206.848,103.424,0.01169032551075235,0.9005240605728049,0.0,0.0
19,Device,BiasAdd,sequential/conv2d_1/BiasAdd,2,154.911,77.4555,154.911,77.4555,0.008755027919999986,0.9092790884928048,0.0,0.0
20,Device,SoftmaxCrossEntropyWithLogits,categorical_crossentropy/softmax_cross_entropy_with_logits,2,147.967,73.9835,147.967,73.9835,0.008362577326585189,0.91764166581939,0.0,0.0
21,Device,Relu,sequential/conv2d_1/Relu,2,146.239,73.1195,146.239,73.1195,0.00826491681025155,0.9259065826296415,0.0,0.0
22,Device,_Send,IteratorGetNext/_1,2,144.32,72.16,144.32,72.16,0.008156461641938907,0.9340630442715805,0.0,0.0
23,Device,BiasAddGrad,gradient_tape/sequential/conv2d_1/BiasAdd/BiasAddGrad,2,101.696,50.848,101.696,50.848,0.005747502239042538,0.939810546510623,0.0,0.0
24,Device,MaxPool,sequential/max_pooling2d_1/MaxPool,2,90.976,45.488,90.976,45.488,0.00514164533215794,0.944952191842781,0.0,0.0
25,Device,MatMul,sequential/dense_1/MatMul,2,74.463,37.2315,74.463,37.2315,0.004208388326245128,0.9491605801690262,0.0,0.0
26,Device,Unknown,gradient_tape/sequential/max_pooling2d_1/MaxPool/MaxPoolGrad-2-TransposeNHWCToNCHW-LayoutOptimizer:Transpose,2,51.136,25.568,51.136,25.568,0.002890027872243542,0.9520506080412697,0.0,0.0
27,Device,MatMul,gradient_tape/sequential/dense_1/MatMul,2,49.344,24.672,49.344,24.672,0.0027887502997494,0.9548393583410192,0.0,0.0
28,Device,ResourceApplyAdadelta,Adadelta/Adadelta/update_2/ResourceApplyAdadelta,2,47.359,23.6795,47.359,23.6795,0.0026765650422712357,0.9575159233832904,0.0,0.0
29,Device,Unknown,sequential/max_pooling2d_1/MaxPool-0-2-TransposeNCHWToNHWC-LayoutOptimizer:Transpose,2,46.624,23.312,46.624,23.312,0.0026350254129279354,0.9601509487962183,0.0,0.0
30,Device,MatMul,gradient_tape/sequential/dense_1/MatMul_1,2,44.32,22.16,44.32,22.16,0.0025048113911497532,0.9626557601873681,0.0,0.0
31,Device,RandomUniform,sequential/dropout/dropout/random_uniform/RandomUniform,2,34.24,17.12,34.24,17.12,0.0019351250458702065,0.9645908852332383,0.0,0.0
32,Device,ResourceApplyAdadelta,Adadelta/Adadelta/update_6/ResourceApplyAdadelta,2,33.6,16.8,33.6,16.8,0.0018989544842651558,0.9664898397175035,0.0,0.0
33,Device,Softmax,sequential/dense_1/Softmax,2,33.504,16.752,33.504,16.752,0.0018935289000243981,0.9683833686175278,0.0,0.0
34,Device,ResourceApplyAdadelta,Adadelta/Adadelta/update_7/ResourceApplyAdadelta,2,28.672,14.336,28.672,14.336,0.0016204411599062662,0.9700038097774341,0.0,0.0
35,Device,BiasAddGrad,gradient_tape/sequential/dense/BiasAdd/BiasAddGrad,2,27.104,13.552,27.104,13.552,0.0015318232839738922,0.971535633061408,0.0,0.0
36,Device,ResourceApplyAdadelta,Adadelta/Adadelta/update/ResourceApplyAdadelta,2,27.072,13.536,27.072,13.536,0.0015300147558936397,0.9730656478173016,0.0,0.0
37,Device,GreaterEqual,sequential/dropout/dropout/GreaterEqual,2,26.976,13.488,26.976,13.488,0.001524589171652882,0.9745902369889545,0.0,0.0
38,Device,ReluGrad,gradient_tape/sequential/dense/ReluGrad,2,26.303,13.1515,26.303,13.1515,0.0014865535654650713,0.9760767905544196,0.0,0.0
39,Device,Mul,sequential/dropout/dropout/Mul_1,2,25.888,12.944,25.888,12.944,0.0014630992169242963,0.977539889771344,0.0,0.0
40,Device,BiasAddGrad,gradient_tape/sequential/dense_1/BiasAdd/BiasAddGrad,2,25.856,12.928,25.856,12.928,0.0014612906888440437,0.979001180460188,0.0,0.0
41,Device,Mul,gradient_tape/sequential/dropout/dropout/Mul_1,2,24.96,12.48,24.96,12.48,0.0014106519025969728,0.980411832362785,0.0,0.0
42,Device,ResourceApplyAdadelta,Adadelta/Adadelta/update_5/ResourceApplyAdadelta,2,24.704,12.352,24.704,12.352,0.0013961836779549527,0.9818080160407399,0.0,0.0
43,Device,ResourceApplyAdadelta,Adadelta/Adadelta/update_3/ResourceApplyAdadelta,2,22.368,11.184,22.368,11.184,0.001264161128096518,0.9830721771688363,0.0,0.0
44,Device,ResourceApplyAdadelta,Adadelta/Adadelta/update_1/ResourceApplyAdadelta,2,22.272,11.136,22.272,11.136,0.0012587355438557603,0.9843309127126921,0.0,0.0
45,Device,BiasAdd,sequential/dense/BiasAdd,2,19.584,9.792,19.584,9.792,0.0011068191851145478,0.9854377318978067,0.0,0.0
46,Device,Mul,sequential/dropout/dropout/Mul,2,16.672,8.336,16.672,8.336,0.0009422431298115678,0.9863799750276183,0.0,0.0
47,Device,Mul,gradient_tape/sequential/dropout/dropout/Mul,2,16.096,8.048,16.096,8.048,0.0009096896243670223,0.9872896646519853,0.0,0.0
48,Device,ArgMax,ArgMax_1,2,14.752,7.376,14.752,7.376,0.000833731444996416,0.9881233960969817,0.0,0.0
49,Device,ArgMax,ArgMax,2,14.72,7.36,14.72,7.36,0.0008319229169161635,0.9889553190138979,0.0,0.0
50,Device,Cast,sequential/dropout/dropout/Cast,2,12.928,6.464,12.928,6.464,0.0007306453444220219,0.9896859643583199,0.0,0.0
51,Device,Relu,sequential/dense/Relu,2,12.896,6.448,12.896,6.448,0.0007288368163417693,0.9904148011746616,0.0,0.0
52,Device,Mul,gradient_tape/categorical_crossentropy/softmax_cross_entropy_with_logits/mul,2,11.2,5.6,11.2,5.6,0.0006329848280883853,0.99104778600275,0.0,0.0
53,Device,Tile,gradient_tape/categorical_crossentropy/weighted_loss/Tile_1,2,9.536,4.768,9.536,4.768,0.0005389413679152537,0.9915867273706652,0.0,0.0
54,Device,DivNoNan,gradient_tape/categorical_crossentropy/weighted_loss/value/div_no_nan,2,8.768,4.384,8.768,4.384,0.000495536693989193,0.9920822640646544,0.0,0.0
55,Device,DivNoNan,div_no_nan,2,8.384,4.192,8.384,4.192,0.00047383435702616267,0.9925560984216806,0.0,0.0
56,Device,Sum,categorical_crossentropy/weighted_loss/Sum,2,8.352,4.176,8.352,4.176,0.00047202582894591017,0.9930281242506265,0.0,0.0
57,Device,Cast,Cast_1,2,7.52,3.76,7.52,3.76,0.00042500409885934436,0.9934531283494858,0.0,0.0
58,Device,Mul,Mul,2,7.296,3.648,7.296,3.648,0.0004123444022975767,0.9938654727517834,0.0,0.0
59,Device,AssignAddVariableOp,AssignAddVariableOp_2,2,7.264,3.632,7.264,3.632,0.00041053587421732414,0.9942760086260007,0.0,0.0
60,Device,Equal,Equal,2,7.104,3.552,7.104,3.552,0.0004014932338160615,0.9946775018598168,0.0,0.0
61,Device,AssignAddVariableOp,Adadelta/Adadelta/AssignAddVariableOp,2,6.912,3.456,6.912,3.456,0.00039064206533454633,0.9950681439251514,0.0,0.0
62,Device,DivNoNan,categorical_crossentropy/weighted_loss/value,2,6.784,3.392,6.784,3.392,0.0003834079530135362,0.9954515518781649,0.0,0.0
63,Device,AssignAddVariableOp,AssignAddVariableOp_4,2,6.688,3.344,6.688,3.344,0.0003779823687727786,0.9958295342469377,0.0,0.0
64,Device,Cast,Cast,2,6.624,3.312,6.624,3.312,0.00037436531261227356,0.9962038995595499,0.0,0.0
65,Device,BiasAdd,sequential/dense_1/BiasAdd,2,6.56,3.28,6.56,3.28,0.00037074825645176847,0.9965746478160017,0.0,0.0
66,Device,DivNoNan,div_no_nan_1,2,6.528,3.264,6.528,3.264,0.000368939728371516,0.9969435875443732,0.0,0.0
67,Device,Cast,categorical_crossentropy/weighted_loss/num_elements/Cast,2,6.4,3.2,6.4,3.2,0.0003617056160505059,0.9973052931604237,0.0,0.0
68,Device,Sum,Sum_2,2,6.272,3.136,6.272,3.136,0.00035447150372949575,0.9976597646641532,0.0,0.0
69,Device,AssignAddVariableOp,AssignAddVariableOp_1,2,6.112,3.056,6.112,3.056,0.0003454288633282331,0.9980051935274814,0.0,0.0
70,Device,AssignAddVariableOp,AssignAddVariableOp_3,2,6.08,3.04,6.08,3.04,0.0003436203352479806,0.9983488138627293,0.0,0.0
71,Device,AssignAddVariableOp,AssignAddVariableOp,2,6.048,3.024,6.048,3.024,0.000341811807167728,0.9986906256698971,0.0,0.0
72,Device,Cast,Cast_2,2,5.6,2.8,5.6,2.8,0.0003164924140441926,0.9990071180839413,0.0,0.0
73,Device,_Recv,categorical_crossentropy/weighted_loss/num_elements/_14,2,4.192,2.096,4.192,2.096,0.00023691717851308133,0.9992440352624543,0.0,0.0
74,Device,LogicalAnd,LogicalAnd,1,3.52,3.52,3.52,3.52,0.00019893808882777823,0.9994429733512821,0.0,0.0
75,Device,_Recv,Size/_16,2,3.456,1.728,3.456,1.728,0.00019532103266727317,0.9996382943839494,0.0,0.0
76,Device,_Recv,IteratorGetNext/_4,1,2.208,2.208,2.208,2.208,0.00012478843753742453,0.9997630828214867,0.0,0.0
77,Device,_Send,IteratorGetNext/_3,1,2.176,2.176,2.176,2.176,0.000122979909457172,0.9998860627309439,0.0,0.0
78,Device,_Recv,strided_slice/_12,2,2.016,1.008,2.016,1.008,0.00011393726905590935,0.9999999999999999,0.0,0.0
79,Host,IDLE,IDLE,0,62255.609,0.0,62255.609,0.0,0.0,0.0,0.9508417559122443,0.9508417559122443
80,Host,_Send,IteratorGetNext/_1,2,1389.376,694.688,1389.376,694.688,0.0,0.0,0.021220203876928266,0.9720619597891725
81,Host,FlushSummaryWriter,FlushSummaryWriter,1,690.326,690.326,690.326,690.326,0.0,0.0,0.010543480282907134,0.9826054400720796
82,Host,_Send,IteratorGetNext/_3,2,406.607,203.3035,406.607,203.3035,0.0,0.0,0.006210186038758531,0.9888156261108382
83,Host,GatherV2,GatherV2,2,321.341,160.6705,321.341,160.6705,0.0,0.0,0.0049079022050301764,0.9937235283158683
84,Host,_Send,IteratorGetNext/_6,2,89.402,44.701,89.402,44.701,0.0,0.0,0.001365453748305096,0.9950889820641734
85,Host,LogicalAnd,LogicalAnd,1,59.777,59.777,59.777,59.777,0.0,0.0,0.000912985489278022,0.9960019675534514
86,Host,GatherV2,GatherV2_1,2,46.03,23.015,46.03,23.015,0.0,0.0,0.0007030249438992816,0.9967049924973507
87,Host,Dataset,Iterator::Model,2,58.592,29.296,32.53,16.265,0.0,0.0,0.000496836876494539,0.9972018293738452
88,Host,Dataset,Iterator::Model::ParallelMapV2,2,26.062,13.031,26.062,13.031,0.0,0.0,0.00039804988242240005,0.9975998792562676
89,Host,Dataset,Iterator::Model::ParallelMapV2::Zip[0]::FlatMap[1]::Concatenate,2,35.598,17.799,24.986,12.493,0.0,0.0,0.0003816159297907332,0.9979814951860583
90,Host,WriteSummary,WriteSummary,1,24.173,24.173,24.173,24.173,0.0,0.0,0.0003691988261759142,0.9983506940122342
91,Host,Dataset,Iterator::Model::ParallelMapV2::Zip[1]::ForeverRepeat,2,33.037,16.5185,22.977,11.4885,0.0,0.0,0.00035093209072287185,0.9987016261029571
92,Host,IteratorGetNext,IteratorGetNext,2,21.864,10.932,21.864,10.932,0.0,0.0,0.0003339330300546142,0.9990355591330117
93,Host,_HostSend,categorical_crossentropy/softmax_cross_entropy_with_logits/Shape_2/_9,2,21.431,10.7155,21.431,10.7155,0.0,0.0,0.0003273197387074843,0.9993628788717192
94,Host,Dataset,Iterator::Model::ParallelMapV2::Zip,2,88.178,44.089,12.303,6.1515,0.0,0.0,0.00018790605876152207,0.9995507849304807
95,Host,Dataset,Iterator::Model::ParallelMapV2::Zip[0]::FlatMap[1]::Concatenate[0]::TensorSlice,2,10.612,5.306,10.612,5.306,0.0,0.0,0.00016207909417030578,0.999712864024651
96,Host,Dataset,Iterator::Model::ParallelMapV2::Zip[1]::ForeverRepeat::FromTensor,4,10.06,2.515,10.06,2.515,0.0,0.0,0.00015364829319197855,0.999866512317843
97,Host,Dataset,Iterator::Model::ParallelMapV2::Zip[0]::FlatMap,2,42.838,21.419,7.24,3.62,0.0,0.0,0.00011057789688965454,0.9999770902147326
98,Host,Identity,Identity,1,1.5,1.5,1.5,1.5,0.0,0.0,2.290978526719362e-05,0.9999999999999998
