Rank,Host/device,Type,Operation,#Occurrences,Total time (us),Avg. time (us),Total self-time (us),Avg. self-time (us),Total self-time on Device (%),Cumulative total-self time on Device (%),Total self-time on Host (%),Cumulative total-self time on Host (%)
1,Device,IDLE,IDLE,0,4191.55,0.0,4191.55,0.0,0.13907003057181672,0.13907003057181672,0.0,0.0
2,Device,Conv2DBackpropFilter,gradient_tape/sequential/conv2d_1/Conv2DBackpropFilter,4,3388.637,847.15925,3388.637,847.15925,0.11243044963958183,0.25150048021139854,0.0,0.0
3,Device,Conv2DBackpropInput,gradient_tape/sequential/conv2d_1/Conv2DBackpropInput,4,2643.647,660.91175,2643.647,660.91175,0.08771267648270724,0.3392131566941058,0.0,0.0
4,Device,Conv2D,sequential/conv2d_1/Conv2D,4,2589.054,647.2635,2589.054,647.2635,0.08590135365964484,0.42511451035375064,0.0,0.0
5,Device,ReluGrad,gradient_tape/sequential/conv2d/ReluGrad,2,2030.846,1015.423,2030.846,1015.423,0.06738075778808594,0.4924952681418366,0.0,0.0
6,Device,Conv2DBackpropFilter,gradient_tape/sequential/conv2d/Conv2DBackpropFilter,2,1653.951,826.9755,1653.951,826.9755,0.0548758850864923,0.5473711532283289,0.0,0.0
7,Device,MaxPoolGrad,gradient_tape/sequential/max_pooling2d/MaxPool/MaxPoolGrad,2,1521.696,760.848,1521.696,760.848,0.05048784083239164,0.5978589940607205,0.0,0.0
8,Device,BiasAdd,sequential/conv2d/BiasAdd,2,1389.598,694.799,1389.598,694.799,0.046105005628594514,0.6439639996893151,0.0,0.0
9,Device,Relu,sequential/conv2d/Relu,2,1313.408,656.704,1313.408,656.704,0.04357712319148492,0.6875411228807999,0.0,0.0
10,Device,Conv2D,sequential/conv2d/Conv2D,2,967.936,483.968,967.936,483.968,0.03211482365987808,0.719655946540678,0.0,0.0
11,Device,MaxPoolGrad,gradient_tape/sequential/max_pooling2d_1/MaxPool/MaxPoolGrad,2,958.432,479.216,958.432,479.216,0.031799493633860365,0.7514554401745384,0.0,0.0
12,Device,ResourceApplyAdadelta,Adadelta/Adadelta/update_4/ResourceApplyAdadelta,2,844.16,422.08,844.16,422.08,0.028008101300832575,0.7794635414753709,0.0,0.0
13,Device,MaxPool,sequential/max_pooling2d/MaxPool,2,787.486,393.743,787.486,393.743,0.026127733677250096,0.805591275152621,0.0,0.0
14,Device,BiasAddGrad,gradient_tape/sequential/conv2d/BiasAdd/BiasAddGrad,2,615.519,307.7595,615.519,307.7595,0.020422098304334686,0.8260133734569557,0.0,0.0
15,Device,MatMul,gradient_tape/sequential/dense/MatMul,2,612.192,306.096,612.192,306.096,0.02031171288802987,0.8463250863449856,0.0,0.0
16,Device,MatMul,gradient_tape/sequential/dense/MatMul_1,2,597.087,298.5435,597.087,298.5435,0.019810549162966998,0.8661356355079526,0.0,0.0
17,Device,MatMul,sequential/dense/MatMul,2,590.208,295.104,590.208,295.104,0.01958231313087779,0.8857179486388304,0.0,0.0
18,Device,ReluGrad,gradient_tape/sequential/conv2d_1/ReluGrad,2,435.519,217.7595,435.519,217.7595,0.014449938720665873,0.9001678873594963,0.0,0.0
19,Device,BiasAdd,sequential/conv2d_1/BiasAdd,2,295.936,147.968,295.936,147.968,0.009818761214181185,0.9099866485736775,0.0,0.0
20,Device,Relu,sequential/conv2d_1/Relu,2,291.072,145.536,291.072,145.536,0.009657380190764713,0.9196440287644422,0.0,0.0
21,Device,_Send,IteratorGetNext/_1,2,290.56,145.28,290.56,145.28,0.00964039271461561,0.9292844214790578,0.0,0.0
22,Device,MaxPool,sequential/max_pooling2d_1/MaxPool,2,184.384,92.192,184.384,92.192,0.0061176148481955,0.9354020363272533,0.0,0.0
23,Device,BiasAddGrad,gradient_tape/sequential/conv2d_1/BiasAdd/BiasAddGrad,2,176.319,88.1595,176.319,88.1595,0.0058500289201827834,0.9412520652474361,0.0,0.0
24,Device,SoftmaxCrossEntropyWithLogits,categorical_crossentropy/softmax_cross_entropy_with_logits,2,153.439,76.7195,153.439,76.7195,0.005090901079769771,0.9463429663272058,0.0,0.0
25,Device,ReluGrad,gradient_tape/sequential/dense/ReluGrad,2,109.024,54.512,109.024,54.512,0.0036172707024994914,0.9499602370297053,0.0,0.0
26,Device,Mul,sequential/dropout/dropout/Mul_1,2,106.112,53.056,106.112,53.056,0.0035206544319014714,0.9534808914616069,0.0,0.0
27,Device,Mul,gradient_tape/sequential/dropout/dropout/Mul_1,2,105.728,52.864,105.728,52.864,0.0035079138247896447,0.9569888052863965,0.0,0.0
28,Device,Unknown,gradient_tape/sequential/max_pooling2d_1/MaxPool/MaxPoolGrad-2-TransposeNHWCToNCHW-LayoutOptimizer:Transpose,2,84.768,42.384,84.768,42.384,0.0028124890199357658,0.9598012943063323,0.0,0.0
29,Device,MatMul,sequential/dense_1/MatMul,2,82.272,41.136,82.272,41.136,0.0027296750737088914,0.9625309693800412,0.0,0.0
30,Device,Unknown,sequential/max_pooling2d_1/MaxPool-0-2-TransposeNCHWToNHWC-LayoutOptimizer:Transpose,2,81.984,40.992,81.984,40.992,0.002720119618375021,0.9652510889984163,0.0,0.0
31,Device,Mul,sequential/dropout/dropout/Mul,2,72.256,36.128,72.256,36.128,0.002397357571542076,0.9676484465699583,0.0,0.0
32,Device,MatMul,gradient_tape/sequential/dense_1/MatMul_1,2,70.752,35.376,70.752,35.376,0.0023474568603540874,0.9699959034303124,0.0,0.0
33,Device,BiasAdd,sequential/dense/BiasAdd,2,70.304,35.152,70.304,35.152,0.002332592818723623,0.9723284962490361,0.0,0.0
34,Device,MatMul,gradient_tape/sequential/dense_1/MatMul,2,67.936,33.968,67.936,33.968,0.0022540257415340245,0.97458252199057,0.0,0.0
35,Device,Mul,gradient_tape/sequential/dropout/dropout/Mul,2,56.16,28.08,56.16,28.08,0.001863313790104669,0.9764458357806747,0.0,0.0
36,Device,RandomUniform,sequential/dropout/dropout/random_uniform/RandomUniform,2,54.944,27.472,54.944,27.472,0.001822968534250551,0.9782688043149252,0.0,0.0
37,Device,GreaterEqual,sequential/dropout/dropout/GreaterEqual,2,50.208,25.104,50.208,25.104,0.0016658343798713537,0.9799346386947966,0.0,0.0
38,Device,ResourceApplyAdadelta,Adadelta/Adadelta/update_2/ResourceApplyAdadelta,2,46.528,23.264,46.528,23.264,0.0015437368950496802,0.9814783755898463,0.0,0.0
39,Device,BiasAddGrad,gradient_tape/sequential/dense/BiasAdd/BiasAddGrad,2,46.208,23.104,46.208,23.104,0.0015331197224564912,0.9830114953123028,0.0,0.0
40,Device,Relu,sequential/dense/Relu,2,43.168,21.584,43.168,21.584,0.0014322565828211958,0.984443751895124,0.0,0.0
41,Device,Cast,sequential/dropout/dropout/Cast,2,42.944,21.472,42.944,21.472,0.0014248245620059636,0.98586857645713,0.0,0.0
42,Device,Softmax,sequential/dense_1/Softmax,2,34.4,17.2,34.4,17.2,0.0011413460537678171,0.9870099225108978,0.0,0.0
43,Device,ResourceApplyAdadelta,Adadelta/Adadelta/update_6/ResourceApplyAdadelta,2,34.368,17.184,34.368,17.184,0.0011402843365084985,0.9881502068474063,0.0,0.0
44,Device,ResourceApplyAdadelta,Adadelta/Adadelta/update_7/ResourceApplyAdadelta,2,27.936,13.968,27.936,13.968,0.0009268791673853995,0.9890770860147917,0.0,0.0
45,Device,ResourceApplyAdadelta,Adadelta/Adadelta/update/ResourceApplyAdadelta,2,27.904,13.952,27.904,13.952,0.0009258174501260806,0.9900029034649178,0.0,0.0
46,Device,BiasAddGrad,gradient_tape/sequential/dense_1/BiasAdd/BiasAddGrad,2,26.752,13.376,26.752,13.376,0.0008875956287906002,0.9908904990937084,0.0,0.0
47,Device,ResourceApplyAdadelta,Adadelta/Adadelta/update_5/ResourceApplyAdadelta,2,24.896,12.448,24.896,12.448,0.000826016027750104,0.9917165151214585,0.0,0.0
48,Device,ResourceApplyAdadelta,Adadelta/Adadelta/update_3/ResourceApplyAdadelta,2,22.336,11.168,22.336,11.168,0.000741078647004592,0.9924575937684631,0.0,0.0
49,Device,ResourceApplyAdadelta,Adadelta/Adadelta/update_1/ResourceApplyAdadelta,2,22.24,11.12,22.24,11.12,0.0007378934952266353,0.9931954872636898,0.0,0.0
50,Device,ArgMax,ArgMax,2,15.488,7.744,15.488,7.744,0.0005138711535103475,0.9937093584172001,0.0,0.0
51,Device,ArgMax,ArgMax_1,2,15.2,7.6,15.2,7.6,0.0005043156981764774,0.9942136741153765,0.0,0.0
52,Device,Mul,gradient_tape/categorical_crossentropy/softmax_cross_entropy_with_logits/mul,2,10.912,5.456,10.912,5.456,0.0003620455854277449,0.9945757197008043,0.0,0.0
53,Device,DivNoNan,div_no_nan,2,9.152,4.576,9.152,4.576,0.0003036511361652053,0.9948793708369694,0.0,0.0
54,Device,Tile,gradient_tape/categorical_crossentropy/weighted_loss/Tile_1,2,9.056,4.528,9.056,4.528,0.0003004659843872486,0.9951798368213567,0.0,0.0
55,Device,DivNoNan,gradient_tape/categorical_crossentropy/weighted_loss/value/div_no_nan,2,8.928,4.464,8.928,4.464,0.0002962191153499731,0.9954760559367066,0.0,0.0
56,Device,Sum,categorical_crossentropy/weighted_loss/Sum,2,8.608,4.304,8.608,4.304,0.00028560194275678406,0.9957616578794634,0.0,0.0
57,Device,Cast,Cast_1,2,7.68,3.84,7.68,3.84,0.00025481214223653596,0.9960164700216999,0.0,0.0
58,Device,AssignAddVariableOp,AssignAddVariableOp_2,2,7.296,3.648,7.296,3.648,0.00024207153512470917,0.9962585415568246,0.0,0.0
59,Device,Mul,Mul,2,7.264,3.632,7.264,3.632,0.00024100981786539025,0.9964995513746899,0.0,0.0
60,Device,Equal,Equal,2,7.072,3.536,7.072,3.536,0.00023463951430947684,0.9967341908889994,0.0,0.0
61,Device,BiasAdd,sequential/dense_1/BiasAdd,2,6.976,3.488,6.976,3.488,0.00023145436253152015,0.9969656452515309,0.0,0.0
62,Device,DivNoNan,categorical_crossentropy/weighted_loss/value,2,6.848,3.424,6.848,3.424,0.00022720749349424454,0.9971928527450251,0.0,0.0
63,Device,AssignAddVariableOp,Adadelta/Adadelta/AssignAddVariableOp,2,6.784,3.392,6.784,3.392,0.00022508405897560675,0.9974179368040007,0.0,0.0
64,Device,_Send,IteratorGetNext/_3,2,6.72,3.36,6.72,3.36,0.00022296062445696896,0.9976408974284576,0.0,0.0
65,Device,DivNoNan,div_no_nan_1,2,6.688,3.344,6.688,3.344,0.00022189890719765006,0.9978627963356553,0.0,0.0
66,Device,AssignAddVariableOp,AssignAddVariableOp_4,2,6.592,3.296,6.592,3.296,0.00021871375541969334,0.998081510091075,0.0,0.0
67,Device,Sum,Sum_2,2,6.56,3.28,6.56,3.28,0.00021765203816037445,0.9982991621292354,0.0,0.0
68,Device,Cast,Cast,2,6.336,3.168,6.336,3.168,0.00021022001734514217,0.9985093821465806,0.0,0.0
69,Device,Cast,categorical_crossentropy/weighted_loss/num_elements/Cast,2,6.208,3.104,6.208,3.104,0.00020597314830786656,0.9987153552948884,0.0,0.0
70,Device,AssignAddVariableOp,AssignAddVariableOp_1,2,6.08,3.04,6.08,3.04,0.00020172627927059097,0.998917081574159,0.0,0.0
71,Device,AssignAddVariableOp,AssignAddVariableOp_3,2,6.08,3.04,6.08,3.04,0.00020172627927059097,0.9991188078534297,0.0,0.0
72,Device,AssignAddVariableOp,AssignAddVariableOp,2,6.048,3.024,6.048,3.024,0.00020066456201127205,0.999319472415441,0.0,0.0
73,Device,Cast,Cast_2,2,5.6,2.8,5.6,2.8,0.00018580052038080745,0.9995052729358217,0.0,0.0
74,Device,_Recv,categorical_crossentropy/weighted_loss/num_elements/_14,2,5.6,2.8,5.6,2.8,0.00018580052038080745,0.9996910734562025,0.0,0.0
75,Device,LogicalAnd,LogicalAnd,1,3.84,3.84,3.84,3.84,0.00012740607111826798,0.9998184795273207,0.0,0.0
76,Device,_Recv,Size/_16,2,3.455,1.7275,3.455,1.7275,0.00011463228534208747,0.9999331118126629,0.0,0.0
77,Device,_Recv,strided_slice/_12,2,2.016,1.008,2.016,1.008,6.688818733709069e-05,1.0,0.0,0.0
78,Host,IDLE,IDLE,0,103747.091,0.0,103747.091,0.0,0.0,0.0,0.9543367991034447,0.9543367991034447
79,Host,_Send,IteratorGetNext/_3,2,1751.306,875.653,1751.306,875.653,0.0,0.0,0.016109712052462824,0.9704465111559075
80,Host,_Send,IteratorGetNext/_1,2,1714.184,857.092,1714.184,857.092,0.0,0.0,0.015768238471711358,0.9862147496276189
81,Host,GatherV2,GatherV2,2,588.924,294.462,588.924,294.462,0.0,0.0,0.00541732630436064,0.9916320759319796
82,Host,_Send,IteratorGetNext/_6,2,444.357,222.1785,444.357,222.1785,0.0,0.0,0.00408750002483645,0.995719575956816
83,Host,GatherV2,GatherV2_1,2,103.443,51.7215,103.443,51.7215,0.0,0.0,0.0009515395618143899,0.9966711155186304
84,Host,LogicalAnd,LogicalAnd,1,63.831,63.831,63.831,63.831,0.0,0.0,0.0005871612556690575,0.9972582767742995
85,Host,FlushSummaryWriter,FlushSummaryWriter,1,48.261,48.261,48.261,48.261,0.0,0.0,0.0004439377318206575,0.9977022145061201
86,Host,Dataset,Iterator::Model,2,70.584,35.292,36.985,18.4925,0.0,0.0,0.0003402133609205573,0.9980424278670407
87,Host,Dataset,Iterator::Model::ParallelMapV2,2,33.599,16.7995,33.599,16.7995,0.0,0.0,0.0003090666138588564,0.9983514944808995
88,Host,_HostSend,categorical_crossentropy/softmax_cross_entropy_with_logits/Shape_2/_9,2,32.517,16.2585,32.517,16.2585,0.0,0.0,0.00029911363680015584,0.9986506081176997
89,Host,Dataset,Iterator::Model::ParallelMapV2::Zip[1]::ForeverRepeat,2,39.305,19.6525,28.433,14.2165,0.0,0.0,0.0002615462076802543,0.9989121543253799
90,Host,WriteSummary,WriteSummary,1,26.922,26.922,26.922,26.922,0.0,0.0,0.00024764699480068255,0.9991598013201807
91,Host,Dataset,Iterator::Model::ParallelMapV2::Zip[0]::FlatMap[1]::Concatenate,2,38.528,19.264,25.619,12.8095,0.0,0.0,0.00023566110837971494,0.9993954624285604
92,Host,IteratorGetNext,IteratorGetNext,2,19.589,9.7945,19.589,9.7945,0.0,0.0,0.00018019303844998773,0.9995756554670103
93,Host,Dataset,Iterator::Model::ParallelMapV2::Zip,2,98.638,49.319,13.79,6.895,0.0,0.0,0.00012684986473149884,0.9997025053317419
94,Host,Dataset,Iterator::Model::ParallelMapV2::Zip[0]::FlatMap[1]::Concatenate[0]::TensorSlice,2,12.909,6.4545,12.909,6.4545,0.0,0.0,0.00011874582333712247,0.999821251155079
95,Host,Dataset,Iterator::Model::ParallelMapV2::Zip[1]::ForeverRepeat::FromTensor,4,10.872,2.718,10.872,2.718,0.0,0.0,0.0001000081022016574,0.9999212592572807
96,Host,Dataset,Iterator::Model::ParallelMapV2::Zip[0]::FlatMap,2,45.543,22.7715,7.015,3.5075,0.0,0.0,6.452877455340568e-05,0.9999857880318341
97,Host,Identity,Identity,1,1.545,1.545,1.545,1.545,0.0,0.0,1.4211968166074382e-05,1.0000000000000002
