Rank,Host/device,Type,Operation,#Occurrences,Total time (us),Avg. time (us),Total self-time (us),Avg. self-time (us),Total self-time on Device (%),Cumulative total-self time on Device (%),Total self-time on Host (%),Cumulative total-self time on Host (%)
1,Device,IDLE,IDLE,0,6421.171,0.0,6421.171,0.0,0.6614999753785572,0.6614999753785572,0.0,0.0
2,Device,ResourceApplyAdadelta,Adadelta/Adadelta/update_4/ResourceApplyAdadelta,2,849.663,424.8315,849.663,424.8315,0.08753108328372988,0.749031058662287,0.0,0.0
3,Device,Conv2DBackpropInput,gradient_tape/sequential/conv2d_1/Conv2DBackpropInput,4,266.4,66.6,266.4,66.6,0.027444152077689198,0.7764752107399763,0.0,0.0
4,Device,Conv2D,sequential/conv2d_1/Conv2D,4,265.375,66.34375,265.375,66.34375,0.02733855802408698,0.8038137687640633,0.0,0.0
5,Device,Conv2DBackpropFilter,gradient_tape/sequential/conv2d/Conv2DBackpropFilter,2,211.199,105.5995,211.199,105.5995,0.02175742295291247,0.8255711917169758,0.0,0.0
6,Device,Conv2DBackpropFilter,gradient_tape/sequential/conv2d_1/Conv2DBackpropFilter,2,189.024,94.512,189.024,94.512,0.019472985744493708,0.8450441774614695,0.0,0.0
7,Device,SoftmaxCrossEntropyWithLogits,categorical_crossentropy/softmax_cross_entropy_with_logits,2,149.023,74.5115,149.023,74.5115,0.015352139170696237,0.8603963166321658,0.0,0.0
8,Device,MatMul,gradient_tape/sequential/dense/MatMul,2,112.416,56.208,112.416,56.208,0.011580937687558216,0.871977254319724,0.0,0.0
9,Device,MatMul,sequential/dense/MatMul,2,110.88,55.44,110.88,55.44,0.011422701135038207,0.8833999554547621,0.0,0.0
10,Device,MatMul,gradient_tape/sequential/dense/MatMul_1,2,89.663,44.8315,89.663,44.8315,0.009236955734766692,0.8926369111895288,0.0,0.0
11,Device,MatMul,sequential/dense_1/MatMul,2,69.92,34.96,69.92,34.96,0.007203059734504613,0.8998399709240334,0.0,0.0
12,Device,Conv2D,sequential/conv2d/Conv2D,2,61.696,30.848,61.696,30.848,0.006355834859553727,0.9061958057835872,0.0,0.0
13,Device,MaxPoolGrad,gradient_tape/sequential/max_pooling2d/MaxPool/MaxPoolGrad,2,50.336,25.168,50.336,25.168,0.005185543689874488,0.9113813494734616,0.0,0.0
14,Device,ReluGrad,gradient_tape/sequential/conv2d/ReluGrad,2,50.176,25.088,50.176,25.088,0.005169060715653654,0.9165504101891153,0.0,0.0
15,Device,ResourceApplyAdadelta,Adadelta/Adadelta/update_2/ResourceApplyAdadelta,2,46.816,23.408,46.816,23.408,0.004822918257016132,0.9213733284461314,0.0,0.0
16,Device,MaxPoolGrad,gradient_tape/sequential/max_pooling2d_1/MaxPool/MaxPoolGrad,2,39.68,19.84,39.68,19.84,0.00408777760676692,0.9254611060528983,0.0,0.0
17,Device,BiasAddGrad,gradient_tape/sequential/conv2d/BiasAdd/BiasAddGrad,2,33.504,16.752,33.504,16.752,0.0034515348018427138,0.928912640854741,0.0,0.0
18,Device,ResourceApplyAdadelta,Adadelta/Adadelta/update_6/ResourceApplyAdadelta,2,31.52,15.76,31.52,15.76,0.003247145921504368,0.9321597867762453,0.0,0.0
19,Device,Softmax,sequential/dense_1/Softmax,2,30.912,15.456,30.912,15.456,0.0031845106194651972,0.9353442973957106,0.0,0.0
20,Device,ResourceApplyAdadelta,Adadelta/Adadelta/update/ResourceApplyAdadelta,2,28.896,14.448,28.896,14.448,0.0029768251442826845,0.9383211225399932,0.0,0.0
21,Device,ResourceApplyAdadelta,Adadelta/Adadelta/update_7/ResourceApplyAdadelta,2,28.48,14.24,28.48,14.24,0.0029339694113085153,0.9412550919513017,0.0,0.0
22,Device,BiasAdd,sequential/conv2d/BiasAdd,2,27.936,13.968,27.936,13.968,0.0028779272989576782,0.9441330192502594,0.0,0.0
23,Device,MaxPool,sequential/max_pooling2d/MaxPool,2,27.168,13.584,27.168,13.584,0.0027988090226976734,0.9469318282729571,0.0,0.0
24,Device,MatMul,gradient_tape/sequential/dense_1/MatMul,2,26.624,13.312,26.624,13.312,0.0027427669103468363,0.9496745951833039,0.0,0.0
25,Device,MatMul,gradient_tape/sequential/dense_1/MatMul_1,2,26.016,13.008,26.016,13.008,0.002680131608307666,0.9523547267916116,0.0,0.0
26,Device,ResourceApplyAdadelta,Adadelta/Adadelta/update_5/ResourceApplyAdadelta,2,24.639,12.3195,24.639,12.3195,0.0025382750114196105,0.9548930018030312,0.0,0.0
27,Device,BiasAddGrad,gradient_tape/sequential/conv2d_1/BiasAdd/BiasAddGrad,2,23.872,11.936,23.872,11.936,0.0024592597537484856,0.9573522615567797,0.0,0.0
28,Device,ResourceApplyAdadelta,Adadelta/Adadelta/update_3/ResourceApplyAdadelta,2,22.592,11.296,22.592,11.296,0.0023273959599818105,0.9596796575167614,0.0,0.0
29,Device,ResourceApplyAdadelta,Adadelta/Adadelta/update_1/ResourceApplyAdadelta,2,22.24,11.12,22.24,11.12,0.002291133416695975,0.9619707909334574,0.0,0.0
30,Device,MaxPool,sequential/max_pooling2d_1/MaxPool,2,18.464,9.232,18.464,9.232,0.0019021352250842844,0.9638729261585417,0.0,0.0
31,Device,Unknown,gradient_tape/sequential/max_pooling2d_1/MaxPool/MaxPoolGrad-2-TransposeNHWCToNCHW-LayoutOptimizer:Transpose,2,17.792,8.896,17.792,8.896,0.0018329067333567803,0.9657058328918985,0.0,0.0
32,Device,Unknown,sequential/max_pooling2d_1/MaxPool-0-1-TransposeNCHWToNHWC-LayoutOptimizer:Transpose,2,16.736,8.368,16.736,8.368,0.0017241191034992735,0.9674299519953977,0.0,0.0
33,Device,RandomUniform,sequential/dropout/dropout/random_uniform/RandomUniform,2,16.063,8.0315,16.063,8.0315,0.0016547875931828889,0.9690847395885807,0.0,0.0
34,Device,ArgMax,ArgMax,2,15.328,7.664,15.328,7.664,0.001579068930355931,0.9706638085189366,0.0,0.0
35,Device,ArgMax,ArgMax_1,2,15.04,7.52,15.04,7.52,0.0015493995767584291,0.9722132080956951,0.0,0.0
36,Device,Relu,sequential/conv2d/Relu,2,13.983,6.9915,13.983,6.9915,0.0014405089283120423,0.9736537170240072,0.0,0.0
37,Device,_Send,IteratorGetNext/_1,2,13.568,6.784,13.568,6.784,0.0013977562139267533,0.975051473237934,0.0,0.0
38,Device,BiasAddGrad,gradient_tape/sequential/dense/BiasAdd/BiasAddGrad,2,13.376,6.688,13.376,6.688,0.001377976644861752,0.9764294498827957,0.0,0.0
39,Device,BiasAdd,sequential/conv2d_1/BiasAdd,2,12.992,6.496,12.992,6.496,0.0013384175067317496,0.9777678673895275,0.0,0.0
40,Device,Mul,gradient_tape/categorical_crossentropy/softmax_cross_entropy_with_logits/mul,2,10.048,5.024,10.048,5.024,0.0010351307810683975,0.9788029981705959,0.0,0.0
41,Device,BiasAddGrad,gradient_tape/sequential/dense_1/BiasAdd/BiasAddGrad,2,9.632,4.816,9.632,4.816,0.0009922750480942282,0.9797952732186901,0.0,0.0
42,Device,ReluGrad,gradient_tape/sequential/conv2d_1/ReluGrad,2,8.992,4.496,8.992,4.496,0.0009263431512108909,0.980721616369901,0.0,0.0
43,Device,DivNoNan,div_no_nan,2,8.768,4.384,8.768,4.384,0.0009032669873017227,0.9816248833572027,0.0,0.0
44,Device,DivNoNan,categorical_crossentropy/weighted_loss/value,2,8.544,4.272,8.544,4.272,0.0008801908233925545,0.9825050741805952,0.0,0.0
45,Device,Mul,sequential/dropout/dropout/Mul_1,2,8.416,4.208,8.416,4.208,0.0008670044440158871,0.9833720786246111,0.0,0.0
46,Device,Relu,sequential/conv2d_1/Relu,2,8.288,4.144,8.288,4.144,0.0008538180646392195,0.9842258966892503,0.0,0.0
47,Device,Sum,categorical_crossentropy/weighted_loss/Sum,2,8.16,4.08,8.16,4.08,0.0008406316852625521,0.9850665283745129,0.0,0.0
48,Device,Mul,gradient_tape/sequential/dropout/dropout/Mul_2,2,8.16,4.08,8.16,4.08,0.0008406316852625521,0.9859071600597755,0.0,0.0
49,Device,BiasAdd,sequential/dense/BiasAdd,2,8.096,4.048,8.096,4.048,0.0008340384955742183,0.9867411985553497,0.0,0.0
50,Device,GreaterEqual,sequential/dropout/dropout/GreaterEqual,2,8.064,4.032,8.064,4.032,0.0008307419007300515,0.9875719404560798,0.0,0.0
51,Device,Mul,gradient_tape/sequential/dropout/dropout/Mul,2,7.744,3.872,7.744,3.872,0.0007977759522883827,0.9883697164083681,0.0,0.0
52,Device,Mul,sequential/dropout/dropout/Mul,2,7.744,3.872,7.744,3.872,0.0007977759522883827,0.9891674923606565,0.0,0.0
53,Device,AssignAddVariableOp,AssignAddVariableOp,2,7.328,3.664,7.328,3.664,0.0007549202193142135,0.9899224125799707,0.0,0.0
54,Device,Relu,sequential/dense/Relu,2,7.2,3.6,7.2,3.6,0.000741733839937546,0.9906641464199083,0.0,0.0
55,Device,ReluGrad,gradient_tape/sequential/dense/ReluGrad,2,7.136,3.568,7.136,3.568,0.0007351406502492122,0.9913992870701576,0.0,0.0
56,Device,DivNoNan,div_no_nan_1,2,7.104,3.552,7.104,3.552,0.0007318440554050454,0.9921311311255626,0.0,0.0
57,Device,Sum,Sum_2,2,6.816,3.408,6.816,3.408,0.0007021747018075435,0.9928333058273702,0.0,0.0
58,Device,AssignAddVariableOp,Adadelta/Adadelta/AssignAddVariableOp,2,6.72,3.36,6.72,3.36,0.0006922849172750429,0.9935255907446452,0.0,0.0
59,Device,AssignAddVariableOp,AssignAddVariableOp_4,2,6.624,3.312,6.624,3.312,0.0006823951327425422,0.9942079858773878,0.0,0.0
60,Device,Equal,Equal,2,6.624,3.312,6.624,3.312,0.0006823951327425422,0.9948903810101304,0.0,0.0
61,Device,Cast,sequential/dropout/dropout/Cast,2,6.592,3.296,6.592,3.296,0.0006790985378983754,0.9955694795480288,0.0,0.0
62,Device,AssignAddVariableOp,AssignAddVariableOp_3,2,6.464,3.232,6.464,3.232,0.000665912158521708,0.9962353917065505,0.0,0.0
63,Device,Mul,Mul,2,6.303,3.1515,6.303,3.1515,0.0006493261657119934,0.9968847178722625,0.0,0.0
64,Device,Cast,Cast_1,2,6.272,3.136,6.272,3.136,0.0006461325894567068,0.9975308504617192,0.0,0.0
65,Device,BiasAdd,sequential/dense_1/BiasAdd,2,6.208,3.104,6.208,3.104,0.000639539399768373,0.9981703898614875,0.0,0.0
66,Device,AssignAddVariableOp,AssignAddVariableOp_1,2,6.08,3.04,6.08,3.04,0.0006263530203917054,0.9987967428818793,0.0,0.0
67,Device,AssignAddVariableOp,AssignAddVariableOp_2,2,6.048,3.024,6.048,3.024,0.0006230564255475386,0.9994197993074267,0.0,0.0
68,Device,LogicalAnd,LogicalAnd,1,3.488,3.488,3.488,3.488,0.0003593288380141889,0.9997791281454409,0.0,0.0
69,Device,_Send,IteratorGetNext/_3,2,2.144,1.072,2.144,1.072,0.00022087185455918037,1.0,0.0,0.0
70,Host,IDLE,IDLE,0,38478.968,0.0,38478.968,0.0,0.0,0.0,0.9145965441964964,0.9145965441964964
71,Host,_Send,IteratorGetNext/_3,2,1266.753,633.3765,1266.753,633.3765,0.0,0.0,0.030109121329619452,0.9447056655261158
72,Host,_Send,IteratorGetNext/_1,2,1099.578,549.789,1099.578,549.789,0.0,0.0,0.026135582401131317,0.9708412479272471
73,Host,_Send,IteratorGetNext/_6,2,870.891,435.4455,870.891,435.4455,0.0,0.0,0.020699980804366448,0.9915412287316135
74,Host,LogicalAnd,LogicalAnd,1,60.577,60.577,60.577,60.577,0.0,0.0,0.001439838897389118,0.9929810676290026
75,Host,GatherV2,GatherV2,2,46.005,23.0025,46.005,23.0025,0.0,0.0,0.0010934808338872242,0.9940745484628899
76,Host,FlushSummaryWriter,FlushSummaryWriter,1,44.081,44.081,44.081,44.081,0.0,0.0,0.0010477497802104713,0.9951222982431004
77,Host,Dataset,Iterator::Model::ParallelMapV2::Zip[0]::FlatMap,2,42.231,21.1155,33.377,16.6885,0.0,0.0,0.0007933291988404279,0.9959156274419408
78,Host,Dataset,Iterator::Model,2,53.65,26.825,29.823,14.9115,0.0,0.0,0.0007088551007285879,0.9966244825426694
79,Host,WriteSummary,WriteSummary,1,26.478,26.478,26.478,26.478,0.0,0.0,0.0006293486690504494,0.9972538312117198
80,Host,Dataset,Iterator::Model::ParallelMapV2::Zip[1]::ForeverRepeat,2,34.91,17.455,23.875,11.9375,0.0,0.0,0.0005674786416488964,0.9978213098533687
81,Host,Dataset,Iterator::Model::ParallelMapV2,2,23.827,11.9135,23.827,11.9135,0.0,0.0,0.0005663377421808693,0.9983876475955495
82,Host,IteratorGetNext,IteratorGetNext,2,17.823,8.9115,17.823,8.9115,0.0,0.0,0.00042363023372181277,0.9988112778292714
83,Host,GatherV2,GatherV2_1,2,14.814,7.407,14.814,7.407,0.0,0.0,0.0003521100983198639,0.9991633879275912
84,Host,Dataset,Iterator::Model::ParallelMapV2::Zip,2,90.838,45.419,13.697,6.8485,0.0,0.0,0.00032556041694931656,0.9994889483445405
85,Host,Dataset,Iterator::Model::ParallelMapV2::Zip[1]::ForeverRepeat::FromTensor,4,11.035,2.75875,11.035,2.75875,0.0,0.0,0.000262288033951647,0.9997512363784922
86,Host,Dataset,Iterator::Model::ParallelMapV2::Zip[0]::FlatMap[1]::TensorSlice,2,8.854,4.427,8.854,4.427,0.0,0.0,0.00021044841437316557,0.9999616847928653
87,Host,Identity,Identity,1,1.612,1.612,1.612,1.612,0.0,0.0,3.83152071345768e-05,0.9999999999999999
