Rank,Host/device,Type,Operation,#Occurrences,Total time (us),Avg. time (us),Total self-time (us),Avg. self-time (us),Total self-time on Device (%),Cumulative total-self time on Device (%),Total self-time on Host (%),Cumulative total-self time on Host (%)
1,Device,IDLE,IDLE,0,3804.72,0.0,3804.72,0.0,0.3283705880855276,0.3283705880855276,0.0,0.0
2,Device,ResourceApplyAdadelta,Adadelta/Adadelta/update_4/ResourceApplyAdadelta,2,846.492,423.246,846.492,423.246,0.07305743283334763,0.40142802091887525,0.0,0.0
3,Device,Conv2DBackpropInput,gradient_tape/sequential/conv2d_1/Conv2DBackpropInput,4,827.74,206.935,827.74,206.935,0.07143902063277051,0.4728670415516458,0.0,0.0
4,Device,Conv2DBackpropFilter,gradient_tape/sequential/conv2d_1/Conv2DBackpropFilter,2,711.932,355.966,711.932,355.966,0.06144408248620289,0.5343111240378486,0.0,0.0
5,Device,Conv2D,sequential/conv2d_1/Conv2D,2,544.221,272.1105,544.221,272.1105,0.046969598240736224,0.5812807222785848,0.0,0.0
6,Device,ReluGrad,gradient_tape/sequential/conv2d/ReluGrad,2,487.582,243.791,487.582,243.791,0.042081306398346716,0.6233620286769316,0.0,0.0
7,Device,Conv2DBackpropFilter,gradient_tape/sequential/conv2d/Conv2DBackpropFilter,2,472.252,236.126,472.252,236.126,0.040758233710908184,0.6641202623878397,0.0,0.0
8,Device,MaxPoolGrad,gradient_tape/sequential/max_pooling2d/MaxPool/MaxPoolGrad,2,367.486,183.743,367.486,183.743,0.031716287646186364,0.6958365500340261,0.0,0.0
9,Device,BiasAdd,sequential/conv2d/BiasAdd,2,336.319,168.1595,336.319,168.1595,0.0290263850728402,0.7248629351068663,0.0,0.0
10,Device,Relu,sequential/conv2d/Relu,2,327.454,163.727,327.454,163.727,0.028261281395466253,0.7531242165023325,0.0,0.0
11,Device,Conv2D,sequential/conv2d/Conv2D,2,280.639,140.3195,280.639,140.3195,0.02422086079126306,0.7773450772935956,0.0,0.0
12,Device,MaxPoolGrad,gradient_tape/sequential/max_pooling2d_1/MaxPool/MaxPoolGrad,2,246.238,123.119,246.238,123.119,0.021251844253717525,0.7985969215473131,0.0,0.0
13,Device,MatMul,sequential/dense/MatMul,2,227.774,113.887,227.774,113.887,0.01965828821321752,0.8182552097605306,0.0,0.0
14,Device,MatMul,gradient_tape/sequential/dense/MatMul,2,226.622,113.311,226.622,113.311,0.01955886357290903,0.8378140733334396,0.0,0.0
15,Device,MaxPool,sequential/max_pooling2d/MaxPool,2,205.791,102.8955,205.791,102.8955,0.017761020966775166,0.8555750943002147,0.0,0.0
16,Device,MatMul,gradient_tape/sequential/dense/MatMul_1,2,183.008,91.504,183.008,91.504,0.015794708831229694,0.8713698031314444,0.0,0.0
17,Device,BiasAddGrad,gradient_tape/sequential/conv2d/BiasAdd/BiasAddGrad,2,171.488,85.744,171.488,85.744,0.014800462428144767,0.8861702655595892,0.0,0.0
18,Device,SoftmaxCrossEntropyWithLogits,categorical_crossentropy/softmax_cross_entropy_with_logits,2,146.048,73.024,146.048,73.024,0.012604834954665557,0.8987751005142548,0.0,0.0
19,Device,ReluGrad,gradient_tape/sequential/conv2d_1/ReluGrad,2,84.16,42.08,84.16,42.08,0.007263522333648206,0.906038622847903,0.0,0.0
20,Device,MatMul,sequential/dense_1/MatMul,2,73.151,36.5755,73.151,36.5755,0.0063133783534778986,0.9123520012013809,0.0,0.0
21,Device,_Send,IteratorGetNext/_1,2,73.119,36.5595,73.119,36.5595,0.006310616557913774,0.9186626177592947,0.0,0.0
22,Device,BiasAddGrad,gradient_tape/sequential/conv2d_1/BiasAdd/BiasAddGrad,2,63.328,31.664,63.328,31.664,0.005465593421402966,0.9241282111806977,0.0,0.0
23,Device,BiasAdd,sequential/conv2d_1/BiasAdd,2,46.4,23.2,46.4,23.2,0.00400460356798095,0.9281328147486786,0.0,0.0
24,Device,ResourceApplyAdadelta,Adadelta/Adadelta/update_2/ResourceApplyAdadelta,2,46.368,23.184,46.368,23.184,0.004001841772416826,0.9321346565210954,0.0,0.0
25,Device,Relu,sequential/conv2d_1/Relu,2,43.36,21.68,43.36,21.68,0.003742232989389095,0.9358768895104845,0.0,0.0
26,Device,MatMul,gradient_tape/sequential/dense_1/MatMul,2,40.288,20.144,40.288,20.144,0.0034771006152331143,0.9393539901257176,0.0,0.0
27,Device,Softmax,sequential/dense_1/Softmax,2,33.759,16.8795,33.759,16.8795,0.002913608014040278,0.9422675981397579,0.0,0.0
28,Device,MaxPool,sequential/max_pooling2d_1/MaxPool,2,33.664,16.832,33.664,16.832,0.0029054089334592825,0.9451730070732172,0.0,0.0
29,Device,Unknown,gradient_tape/sequential/max_pooling2d_1/MaxPool/MaxPoolGrad-2-TransposeNHWCToNCHW-LayoutOptimizer:Transpose,2,33.44,16.72,33.44,16.72,0.002886076364510409,0.9480590834377276,0.0,0.0
30,Device,ResourceApplyAdadelta,Adadelta/Adadelta/update_6/ResourceApplyAdadelta,2,31.519,15.7595,31.519,15.7595,0.0027202823245515424,0.9507793657622792,0.0,0.0
31,Device,MatMul,gradient_tape/sequential/dense_1/MatMul_1,2,29.632,14.816,29.632,14.816,0.002557422692379559,0.9533367884546587,0.0,0.0
32,Device,ResourceApplyAdadelta,Adadelta/Adadelta/update_7/ResourceApplyAdadelta,2,28.128,14.064,28.128,14.064,0.0024276183008656933,0.9557644067555244,0.0,0.0
33,Device,Unknown,sequential/max_pooling2d_1/MaxPool-0-2-TransposeNCHWToNHWC-LayoutOptimizer:Transpose,2,27.456,13.728,27.456,13.728,0.0023696205940190724,0.9581340273495434,0.0,0.0
34,Device,BiasAddGrad,gradient_tape/sequential/dense_1/BiasAdd/BiasAddGrad,2,25.632,12.816,25.632,12.816,0.0022121982468639597,0.9603462255964074,0.0,0.0
35,Device,ResourceApplyAdadelta,Adadelta/Adadelta/update/ResourceApplyAdadelta,2,25.248,12.624,25.248,12.624,0.002179056700094462,0.9625252822965018,0.0,0.0
36,Device,ResourceApplyAdadelta,Adadelta/Adadelta/update_5/ResourceApplyAdadelta,2,24.864,12.432,24.864,12.432,0.0021459151533249642,0.9646711974498268,0.0,0.0
37,Device,BiasAddGrad,gradient_tape/sequential/dense/BiasAdd/BiasAddGrad,2,24.288,12.144,24.288,12.144,0.0020962028331707183,0.9667674002829975,0.0,0.0
38,Device,RandomUniform,sequential/dropout/dropout/random_uniform/RandomUniform,2,23.808,11.904,23.808,11.904,0.002054775899708846,0.9688221761827063,0.0,0.0
39,Device,ResourceApplyAdadelta,Adadelta/Adadelta/update_3/ResourceApplyAdadelta,2,22.336,11.168,22.336,11.168,0.0019277333037591056,0.9707499094864653,0.0,0.0
40,Device,ResourceApplyAdadelta,Adadelta/Adadelta/update_1/ResourceApplyAdadelta,2,22.208,11.104,22.208,11.104,0.0019166861215026063,0.972666595607968,0.0,0.0
41,Device,BiasAdd,sequential/dense/BiasAdd,2,17.024,8.512,17.024,8.512,0.00146927524011439,0.9741358708480824,0.0,0.0
42,Device,GreaterEqual,sequential/dropout/dropout/GreaterEqual,2,16.864,8.432,16.864,8.432,0.001455466262293766,0.9755913371103762,0.0,0.0
43,Device,ReluGrad,gradient_tape/sequential/dense/ReluGrad,2,16.8,8.4,16.8,8.4,0.0014499426711655165,0.9770412797815416,0.0,0.0
44,Device,Mul,gradient_tape/sequential/dropout/dropout/Mul_1,2,16.288,8.144,16.288,8.144,0.0014057539421395199,0.9784470337236811,0.0,0.0
45,Device,ArgMax,ArgMax,2,14.719,7.3595,14.719,7.3595,0.001270339653386026,0.9797173733770672,0.0,0.0
46,Device,ArgMax,ArgMax_1,2,14.656,7.328,14.656,7.328,0.0012649023683691553,0.9809822757454364,0.0,0.0
47,Device,Mul,gradient_tape/sequential/dropout/dropout/Mul,2,12.576,6.288,12.576,6.288,0.0010853856567010437,0.9820676614021374,0.0,0.0
48,Device,Mul,sequential/dropout/dropout/Mul_1,2,12.544,6.272,12.544,6.272,0.001082623861136919,0.9831502852632743,0.0,0.0
49,Device,Mul,sequential/dropout/dropout/Mul,2,12.096,6.048,12.096,6.048,0.0010439587232391719,0.9841942439865135,0.0,0.0
50,Device,Mul,gradient_tape/categorical_crossentropy/softmax_cross_entropy_with_logits/mul,2,10.144,5.072,10.144,5.072,0.0008754891938275595,0.985069733180341,0.0,0.0
51,Device,Cast,sequential/dropout/dropout/Cast,2,9.184,4.592,9.184,4.592,0.0007926353269038156,0.9858623685072447,0.0,0.0
52,Device,Tile,gradient_tape/categorical_crossentropy/weighted_loss/Tile_1,2,9.12,4.56,9.12,4.56,0.000787111735775566,0.9866494802430203,0.0,0.0
53,Device,DivNoNan,gradient_tape/categorical_crossentropy/weighted_loss/value/div_no_nan,2,8.864,4.432,8.864,4.432,0.0007650173712625678,0.9874144976142829,0.0,0.0
54,Device,Relu,sequential/dense/Relu,2,8.8,4.4,8.8,4.4,0.0007594937801343182,0.9881739913944172,0.0,0.0
55,Device,Sum,categorical_crossentropy/weighted_loss/Sum,2,8.576,4.288,8.576,4.288,0.0007401612111854446,0.9889141526056027,0.0,0.0
56,Device,Cast,Cast_1,2,7.328,3.664,7.328,3.664,0.0006324511841845777,0.9895466037897872,0.0,0.0
57,Device,AssignAddVariableOp,AssignAddVariableOp_2,2,7.232,3.616,7.232,3.616,0.0006241657974922033,0.9901707695872795,0.0,0.0
58,Device,DivNoNan,div_no_nan,2,6.912,3.456,6.912,3.456,0.0005965478418509554,0.9907673174291304,0.0,0.0
59,Device,Equal,Equal,2,6.88,3.44,6.88,3.44,0.0005937860462868305,0.9913611034754172,0.0,0.0
60,Device,DivNoNan,categorical_crossentropy/weighted_loss/value,2,6.784,3.392,6.784,3.392,0.0005855006595944562,0.9919466041350117,0.0,0.0
61,Device,Mul,Mul,2,6.72,3.36,6.72,3.36,0.0005799770684662065,0.9925265812034779,0.0,0.0
62,Device,AssignAddVariableOp,AssignAddVariableOp_4,2,6.656,3.328,6.656,3.328,0.000574453477337957,0.9931010346808159,0.0,0.0
63,Device,AssignAddVariableOp,Adadelta/Adadelta/AssignAddVariableOp,2,6.56,3.28,6.56,3.28,0.0005661680906455825,0.9936672027714615,0.0,0.0
64,Device,DivNoNan,div_no_nan_1,2,6.528,3.264,6.528,3.264,0.0005634062950814578,0.9942306090665429,0.0,0.0
65,Device,BiasAdd,sequential/dense_1/BiasAdd,2,6.464,3.232,6.464,3.232,0.0005578827039532082,0.9947884917704961,0.0,0.0
66,Device,Sum,Sum_2,2,6.304,3.152,6.304,3.152,0.0005440737261325842,0.9953325654966287,0.0,0.0
67,Device,Cast,Cast,2,6.24,3.12,6.24,3.12,0.0005385501350043347,0.9958711156316331,0.0,0.0
68,Device,AssignAddVariableOp,AssignAddVariableOp_1,2,6.112,3.056,6.112,3.056,0.0005275029527478355,0.996398618584381,0.0,0.0
69,Device,AssignAddVariableOp,AssignAddVariableOp,2,6.08,3.04,6.08,3.04,0.0005247411571837107,0.9969233597415647,0.0,0.0
70,Device,AssignAddVariableOp,AssignAddVariableOp_3,2,6.08,3.04,6.08,3.04,0.0005247411571837107,0.9974481008987484,0.0,0.0
71,Device,Cast,Cast_2,2,5.92,2.96,5.92,2.96,0.0005109321793630867,0.9979590330781114,0.0,0.0
72,Device,Cast,categorical_crossentropy/weighted_loss/num_elements/Cast,2,5.92,2.96,5.92,2.96,0.0005109321793630867,0.9984699652574744,0.0,0.0
73,Device,_Recv,categorical_crossentropy/weighted_loss/num_elements/_14,2,4.448,2.224,4.448,2.224,0.0003838895834133463,0.9988538548408878,0.0,0.0
74,Device,LogicalAnd,LogicalAnd,1,3.84,3.84,3.84,3.84,0.0003314154676949752,0.9991852703085828,0.0,0.0
75,Device,_Recv,Size/_16,2,3.488,1.744,3.488,1.744,0.00030103571648960246,0.9994863060250725,0.0,0.0
76,Device,_Send,IteratorGetNext/_3,2,3.2,1.6,3.2,1.6,0.00027617955641247934,0.999762485581485,0.0,0.0
77,Device,_Recv,strided_slice/_12,2,2.752,1.376,2.752,1.376,0.0002375144185147322,0.9999999999999997,0.0,0.0
78,Host,IDLE,IDLE,0,42280.953,0.0,42280.953,0.0,0.0,0.0,0.9329017178861118,0.9329017178861118
79,Host,_Send,IteratorGetNext/_1,2,1175.479,587.7395,1175.479,587.7395,0.0,0.0,0.02593617931078916,0.9588378971969009
80,Host,_Send,IteratorGetNext/_3,2,1080.118,540.059,1080.118,540.059,0.0,0.0,0.023832100892326413,0.9826699980892274
81,Host,GatherV2,GatherV2,2,242.666,121.333,242.666,121.333,0.0,0.0,0.0053542673996149325,0.9880242654888424
82,Host,_Send,IteratorGetNext/_6,2,128.223,64.1115,128.223,64.1115,0.0,0.0,0.0028291570668360034,0.9908534225556783
83,Host,LogicalAnd,LogicalAnd,1,54.815,54.815,54.815,54.815,0.0,0.0,0.001209457309676232,0.9920628798653546
84,Host,Dataset,Iterator::Model::ParallelMapV2::Zip[1]::ForeverRepeat,2,54.908,27.454,40.166,20.083,0.0,0.0,0.0008862366560331212,0.9929491165213877
85,Host,FlushSummaryWriter,FlushSummaryWriter,1,37.93,37.93,37.93,37.93,0.0,0.0,0.0008369007708842375,0.993786017292272
86,Host,GatherV2,GatherV2_1,2,36.486,18.243,36.486,18.243,0.0,0.0,0.0008050398504213628,0.9945910571426934
87,Host,Dataset,Iterator::Model,2,66.246,33.123,36.214,18.107,0.0,0.0,0.000799038347397885,0.9953900954900913
88,Host,_HostSend,categorical_crossentropy/softmax_cross_entropy_with_logits/Shape_2/_9,2,30.592,15.296,30.592,15.296,0.0,0.0,0.0006749925753464434,0.9960650880654377
89,Host,Dataset,Iterator::Model::ParallelMapV2,2,30.032,15.016,30.032,15.016,0.0,0.0,0.0006626365397098714,0.9967277246051476
90,Host,Dataset,Iterator::Model::ParallelMapV2::Zip[0]::FlatMap[1]::Concatenate,2,54.279,27.1395,29.176,14.588,0.0,0.0,0.0006437494566653971,0.9973714740618129
91,Host,IteratorGetNext,IteratorGetNext,2,26.652,13.326,26.652,13.326,0.0,0.0,0.0005880590389034195,0.9979595331007164
92,Host,WriteSummary,WriteSummary,1,25.217,25.217,25.217,25.217,0.0,0.0,0.0005563966975847039,0.9985159297983011
93,Host,Dataset,Iterator::Model::ParallelMapV2::Zip[0]::FlatMap[1]::Concatenate[0]::TensorSlice,2,25.103,12.5515,25.103,12.5515,0.0,0.0,0.0005538813617586875,0.9990698111600598
94,Host,Dataset,Iterator::Model::ParallelMapV2::Zip,2,135.159,67.5795,16.943,8.4715,0.0,0.0,0.00037383627105435377,0.9994436474311141
95,Host,Dataset,Iterator::Model::ParallelMapV2::Zip[1]::ForeverRepeat::FromTensor,4,14.742,3.6855,14.742,3.6855,0.0,0.0,0.0003252726381327559,0.9997689200692469
96,Host,Dataset,Iterator::Model::ParallelMapV2::Zip[0]::FlatMap,2,63.308,31.654,9.029,4.5145,0.0,0.0,0.00019921901029037122,0.9999681390795373
97,Host,Identity,Identity,1,1.444,1.444,1.444,1.444,0.0,0.0,3.186092046287474e-05,1.0000000000000002
