Rank,Host/device,Type,Operation,#Occurrences,Total time (us),Avg. time (us),Total self-time (us),Avg. self-time (us),Total self-time on Device (%),Cumulative total-self time on Device (%),Total self-time on Host (%),Cumulative total-self time on Host (%)
1,Device,IDLE,IDLE,0,3070.118,0.0,3070.118,0.0,0.591661174257754,0.591661174257754,0.0,0.0
2,Device,ResourceApplyAdadelta,Adadelta/Adadelta/update_4/ResourceApplyAdadelta,2,423.581,211.7905,423.581,211.7905,0.08163087928648792,0.6732920535442419,0.0,0.0
3,Device,Conv2DBackpropFilter,gradient_tape/sequential/conv2d/Conv2DBackpropFilter,2,191.966,95.983,191.966,95.983,0.0369949392751562,0.7102869928193981,0.0,0.0
4,Device,Conv2DBackpropFilter,gradient_tape/sequential/conv2d_1/Conv2DBackpropFilter,4,170.943,42.73575,170.943,42.73575,0.032943468658580305,0.7432304614779784,0.0,0.0
5,Device,Conv2D,sequential/conv2d_1/Conv2D,4,166.655,41.66375,166.655,41.66375,0.03211710201234154,0.77534756349032,0.0,0.0
6,Device,Conv2DBackpropInput,gradient_tape/sequential/conv2d_1/Conv2DBackpropInput,4,146.336,36.584,146.336,36.584,0.028201303531715294,0.8035488670220352,0.0,0.0
7,Device,MatMul,gradient_tape/sequential/dense/MatMul,2,85.023,42.5115,85.023,42.5115,0.01638530115745291,0.8199341681794882,0.0,0.0
8,Device,SoftmaxCrossEntropyWithLogits,categorical_crossentropy/softmax_cross_entropy_with_logits,2,82.558,41.279,82.558,41.279,0.015910255965526945,0.8358444241450151,0.0,0.0
9,Device,MatMul,sequential/dense/MatMul,2,67.04,33.52,67.04,33.52,0.012919687491568672,0.8487641116365838,0.0,0.0
10,Device,Conv2D,sequential/conv2d/Conv2D,2,56.447,28.2235,56.447,28.2235,0.010878245820951326,0.8596423574575351,0.0,0.0
11,Device,MaxPoolGrad,gradient_tape/sequential/max_pooling2d/MaxPool/MaxPoolGrad,2,52.416,26.208,52.416,26.208,0.010101407212978274,0.8697437646705134,0.0,0.0
12,Device,ReluGrad,gradient_tape/sequential/conv2d/ReluGrad,2,47.392,23.696,47.392,23.696,0.00913320151551943,0.8788769661860328,0.0,0.0
13,Device,MatMul,gradient_tape/sequential/dense/MatMul_1,2,45.088,22.544,45.088,22.544,0.008689183616047856,0.8875661498020807,0.0,0.0
14,Device,MaxPoolGrad,gradient_tape/sequential/max_pooling2d_1/MaxPool/MaxPoolGrad,2,36.735,18.3675,36.735,18.3675,0.007079426014361205,0.8946455758164419,0.0,0.0
15,Device,BiasAddGrad,gradient_tape/sequential/conv2d/BiasAdd/BiasAddGrad,2,32.992,16.496,32.992,16.496,0.0063580896438221,0.901003665460264,0.0,0.0
16,Device,ResourceApplyAdadelta,Adadelta/Adadelta/update_2/ResourceApplyAdadelta,2,29.44,14.72,29.44,14.72,0.005673562048803427,0.9066772275090674,0.0,0.0
17,Device,ResourceApplyAdadelta,Adadelta/Adadelta/update_6/ResourceApplyAdadelta,2,23.807,11.9035,23.807,11.9035,0.004587992245104047,0.9112652197541715,0.0,0.0
18,Device,ResourceApplyAdadelta,Adadelta/Adadelta/update_5/ResourceApplyAdadelta,2,20.224,10.112,20.224,10.112,0.0038974904509171365,0.9151627102050887,0.0,0.0
19,Device,ResourceApplyAdadelta,Adadelta/Adadelta/update/ResourceApplyAdadelta,2,20.159,10.0795,20.159,10.0795,0.003884963904274058,0.9190476741093627,0.0,0.0
20,Device,MatMul,sequential/dense_1/MatMul,2,19.776,9.888,19.776,9.888,0.003811153637130997,0.9228588277464937,0.0,0.0
21,Device,ResourceApplyAdadelta,Adadelta/Adadelta/update_7/ResourceApplyAdadelta,2,19.36,9.68,19.36,9.68,0.0037309837386152963,0.926589811485109,0.0,0.0
22,Device,ResourceApplyAdadelta,Adadelta/Adadelta/update_1/ResourceApplyAdadelta,2,19.04,9.52,19.04,9.52,0.0036693145859109113,0.9302591260710199,0.0,0.0
23,Device,_Send,IteratorGetNext/_1,1,17.311,17.311,17.311,17.311,0.0033361084452050308,0.933595234516225,0.0,0.0
24,Device,_Recv,IteratorGetNext/_2,1,17.216,17.216,17.216,17.216,0.003317800415495917,0.9369130349317208,0.0,0.0
25,Device,BiasAdd,sequential/conv2d/BiasAdd,2,16.896,8.448,16.896,8.448,0.003256131262791532,0.9401691661945124,0.0,0.0
26,Device,ResourceApplyAdadelta,Adadelta/Adadelta/update_3/ResourceApplyAdadelta,2,16.672,8.336,16.672,8.336,0.003212962855898462,0.9433821290504109,0.0,0.0
27,Device,BiasAddGrad,gradient_tape/sequential/conv2d_1/BiasAdd/BiasAddGrad,2,16.447,8.2235,16.447,8.2235,0.003169601732903191,0.946551730783314,0.0,0.0
28,Device,Softmax,sequential/dense_1/Softmax,2,14.272,7.136,14.272,7.136,0.002750444210615574,0.9493021749939295,0.0,0.0
29,Device,MaxPool,sequential/max_pooling2d/MaxPool,2,13.728,6.864,13.728,6.864,0.002645606651018119,0.9519477816449476,0.0,0.0
30,Device,Relu,sequential/conv2d/Relu,2,10.912,5.456,10.912,5.456,0.002102918107219531,0.9540506997521672,0.0,0.0
31,Device,MatMul,gradient_tape/sequential/dense_1/MatMul_1,2,10.88,5.44,10.88,5.44,0.0020967511919490925,0.9561474509441162,0.0,0.0
32,Device,BiasAdd,sequential/conv2d_1/BiasAdd,2,10.784,5.392,10.784,5.392,0.0020782504461377767,0.958225701390254,0.0,0.0
33,Device,MatMul,gradient_tape/sequential/dense_1/MatMul,2,9.568,4.784,9.568,4.784,0.0018439076658611135,0.960069609056115,0.0,0.0
34,Device,RandomUniform,sequential/dropout/dropout/random_uniform/RandomUniform,2,8.16,4.08,8.16,4.08,0.0015725633939618192,0.9616421724500769,0.0,0.0
35,Device,MaxPool,sequential/max_pooling2d_1/MaxPool,2,7.84,3.92,7.84,3.92,0.0015108942412574342,0.9631530666913343,0.0,0.0
36,Device,BiasAdd,sequential/dense/BiasAdd,2,7.808,3.904,7.808,3.904,0.0015047273259869956,0.9646577940173212,0.0,0.0
37,Device,ArgMax,ArgMax,2,7.68,3.84,7.68,3.84,0.0014800596649052415,0.9661378536822265,0.0,0.0
38,Device,BiasAddGrad,gradient_tape/sequential/dense_1/BiasAdd/BiasAddGrad,2,7.552,3.776,7.552,3.776,0.0014553920038234875,0.96759324568605,0.0,0.0
39,Device,ReluGrad,gradient_tape/sequential/conv2d_1/ReluGrad,2,7.36,3.68,7.36,3.68,0.0014183905122008567,0.9690116361982508,0.0,0.0
40,Device,Unknown,gradient_tape/sequential/max_pooling2d_1/MaxPool/MaxPoolGrad-2-TransposeNHWCToNCHW-LayoutOptimizer:Transpose,2,6.976,3.488,6.976,3.488,0.0013443875289555944,0.9703560237272064,0.0,0.0
41,Device,Mul,gradient_tape/categorical_crossentropy/softmax_cross_entropy_with_logits/mul,2,6.944,3.472,6.944,3.472,0.0013382206136851559,0.9716942443408916,0.0,0.0
42,Device,ArgMax,ArgMax_1,2,6.848,3.424,6.848,3.424,0.0013197198678738405,0.9730139642087654,0.0,0.0
43,Device,BiasAddGrad,gradient_tape/sequential/dense/BiasAdd/BiasAddGrad,2,6.72,3.36,6.72,3.36,0.0012950522067920864,0.9743090164155574,0.0,0.0
44,Device,Relu,sequential/conv2d_1/Relu,2,6.72,3.36,6.72,3.36,0.0012950522067920864,0.9756040686223495,0.0,0.0
45,Device,Mul,sequential/dropout/dropout/Mul,2,6.432,3.216,6.432,3.216,0.00123954996935814,0.9768436185917077,0.0,0.0
46,Device,AssignAddVariableOp,AssignAddVariableOp,2,6.431,3.2155,6.431,3.2155,0.0012393572532559387,0.9780829758449636,0.0,0.0
47,Device,Mul,sequential/dropout/dropout/Mul_1,2,6.336,3.168,6.336,3.168,0.0012210492235468244,0.9793040250685104,0.0,0.0
48,Device,DivNoNan,div_no_nan,2,5.984,2.992,5.984,2.992,0.0011532131555720007,0.9804572382240825,0.0,0.0
49,Device,Cast,sequential/dropout/dropout/Cast,2,5.76,2.88,5.76,2.88,0.0011100447486789313,0.9815672829727614,0.0,0.0
50,Device,Sum,categorical_crossentropy/weighted_loss/Sum,2,5.696,2.848,5.696,2.848,0.001097710918138054,0.9826649938908995,0.0,0.0
51,Device,DivNoNan,div_no_nan_1,2,5.632,2.816,5.632,2.816,0.0010853770875971771,0.9837503709784966,0.0,0.0
52,Device,GreaterEqual,sequential/dropout/dropout/GreaterEqual,2,5.632,2.816,5.632,2.816,0.0010853770875971771,0.9848357480660938,0.0,0.0
53,Device,ReluGrad,gradient_tape/sequential/dense/ReluGrad,2,5.568,2.784,5.568,2.784,0.0010730432570563002,0.98590879132315,0.0,0.0
54,Device,AssignAddVariableOp,AssignAddVariableOp_4,2,5.44,2.72,5.44,2.72,0.0010483755959745462,0.9869571669191246,0.0,0.0
55,Device,Mul,gradient_tape/sequential/dropout/dropout/Mul_2,2,5.44,2.72,5.44,2.72,0.0010483755959745462,0.9880055425150992,0.0,0.0
56,Device,Unknown,sequential/max_pooling2d_1/MaxPool-0-1-TransposeNCHWToNHWC-LayoutOptimizer:Transpose,2,5.376,2.688,5.376,2.688,0.0010360417654336693,0.9890415842805329,0.0,0.0
57,Device,Sum,Sum_2,2,5.248,2.624,5.248,2.624,0.0010113741043519151,0.9900529583848848,0.0,0.0
58,Device,Mul,gradient_tape/sequential/dropout/dropout/Mul,2,4.832,2.416,4.832,2.416,0.0009312042058362145,0.9909841625907211,0.0,0.0
59,Device,AssignAddVariableOp,AssignAddVariableOp_3,2,4.799,2.3995,4.799,2.3995,0.0009248445744635749,0.9919090071651847,0.0,0.0
60,Device,AssignAddVariableOp,Adadelta/Adadelta/AssignAddVariableOp,2,4.736,2.368,4.736,2.368,0.000912703460024899,0.9928217106252096,0.0,0.0
61,Device,DivNoNan,categorical_crossentropy/weighted_loss/value,2,4.416,2.208,4.416,2.208,0.000851034307320514,0.9936727449325301,0.0,0.0
62,Device,AssignAddVariableOp,AssignAddVariableOp_1,2,4.352,2.176,4.352,2.176,0.000838700476779637,0.9945114454093097,0.0,0.0
63,Device,AssignAddVariableOp,AssignAddVariableOp_2,2,4.352,2.176,4.352,2.176,0.000838700476779637,0.9953501458860893,0.0,0.0
64,Device,BiasAdd,sequential/dense_1/BiasAdd,2,4.352,2.176,4.352,2.176,0.000838700476779637,0.9961888463628689,0.0,0.0
65,Device,Relu,sequential/dense/Relu,2,4.32,2.16,4.32,2.16,0.0008325335615091985,0.9970213799243781,0.0,0.0
66,Device,Cast,Cast_1,2,4.256,2.128,4.256,2.128,0.0008201997309683214,0.9978415796553465,0.0,0.0
67,Device,Equal,Equal,2,4.096,2.048,4.096,2.048,0.0007893651546161289,0.9986309448099626,0.0,0.0
68,Device,Mul,Mul,2,4.096,2.048,4.096,2.048,0.0007893651546161289,0.9994203099645788,0.0,0.0
69,Device,LogicalAnd,LogicalAnd,1,2.368,2.368,2.368,2.368,0.0004563517300124495,0.9998766616945912,0.0,0.0
70,Device,_Send,IteratorGetNext/_3,1,0.416,0.416,0.416,0.416,8.016989851570059e-05,0.9999568315931069,0.0,0.0
71,Device,_Recv,IteratorGetNext/_4,1,0.224,0.224,0.224,0.224,4.316840689306955e-05,1.0,0.0,0.0
72,Host,IDLE,IDLE,0,14254.991,0.0,14254.991,0.0,0.0,0.0,0.884217437610062,0.884217437610062
73,Host,_Send,IteratorGetNext/_3,2,784.178,392.089,784.178,392.089,0.0,0.0,0.04864148015177163,0.9328589177618336
74,Host,_Send,IteratorGetNext/_1,2,758.99,379.495,758.99,379.495,0.0,0.0,0.047079103239816913,0.9799380210016505
75,Host,_Send,IteratorGetNext/_6,2,63.621,31.8105,63.621,31.8105,0.0,0.0,0.003946322912318202,0.9838843439139687
76,Host,GatherV2,GatherV2,2,51.642,25.821,51.642,25.821,0.0,0.0,0.0032032820584073905,0.9870876259723761
77,Host,LogicalAnd,LogicalAnd,1,44.956,44.956,44.956,44.956,0.0,0.0,0.0027885586967538564,0.98987618466913
78,Host,FlushSummaryWriter,FlushSummaryWriter,1,30.925,30.925,30.925,30.925,0.0,0.0,0.0019182351120454,0.9917944197811753
79,Host,Dataset,Iterator::Model::ParallelMapV2::Zip[0]::FlatMap,2,24.639,12.3195,20.805,10.4025,0.0,0.0,0.0012905054650316748,0.993084925246207
80,Host,Dataset,Iterator::Model,2,31.974,15.987,20.789,10.3945,0.0,0.0,0.0012895130070917323,0.9943744382532986
81,Host,WriteSummary,WriteSummary,1,19.637,19.637,19.637,19.637,0.0,0.0,0.0012180560354158616,0.9955924942887145
82,Host,Dataset,Iterator::Model::ParallelMapV2::Zip[1]::ForeverRepeat,2,22.239,11.1195,18.991,9.4955,0.0,0.0,0.0011779855460906771,0.9967704798348053
83,Host,GatherV2,GatherV2_1,2,14.727,7.3635,14.727,7.3635,0.0,0.0,0.0009134955050959614,0.9976839753399013
84,Host,IteratorGetNext,IteratorGetNext,2,11.925,5.9625,11.925,5.9625,0.0,0.0,0.0007396913083635051,0.9984236666482648
85,Host,Dataset,Iterator::Model::ParallelMapV2,2,11.185,5.5925,11.185,5.5925,0.0,0.0,0.0006937901286411576,0.9991174567769059
86,Host,Dataset,Iterator::Model::ParallelMapV2::Zip,2,53.303,26.6515,6.425,3.2125,0.0,0.0,0.0003985338915082197,0.9995159906684141
87,Host,Dataset,Iterator::Model::ParallelMapV2::Zip[0]::FlatMap[1]::TensorSlice,2,3.834,1.917,3.834,1.917,0.0,0.0,0.0002378177338587571,0.9997538084022729
88,Host,Dataset,Iterator::Model::ParallelMapV2::Zip[1]::ForeverRepeat::FromTensor,4,3.248,0.812,3.248,0.812,0.0,0.0,0.00020146896180835762,0.9999552773640813
89,Host,Identity,Identity,1,0.721,0.721,0.721,0.721,0.0,0.0,4.472263591866559e-05,1.0
