Rank,Host/device,Type,Operation,#Occurrences,Total time (us),Avg. time (us),Total self-time (us),Avg. self-time (us),Total self-time on Device (%),Cumulative total-self time on Device (%),Total self-time on Host (%),Cumulative total-self time on Host (%)
1,Device,IDLE,IDLE,0,2686.117,0.0,2686.117,0.0,0.1541644070550503,0.1541644070550503,0.0,0.0
2,Device,Conv2DBackpropFilter,gradient_tape/sequential/conv2d_1/Conv2DBackpropFilter,4,1961.359,490.33975,1961.359,490.33975,0.11256834577834339,0.2667327528333937,0.0,0.0
3,Device,Conv2DBackpropInput,gradient_tape/sequential/conv2d_1/Conv2DBackpropInput,4,1439.732,359.933,1439.732,359.933,0.08263058909875544,0.34936334193214913,0.0,0.0
4,Device,Conv2D,sequential/conv2d_1/Conv2D,2,1298.741,649.3705,1298.741,649.3705,0.07453868769792346,0.4239020296300726,0.0,0.0
5,Device,Conv2DBackpropFilter,gradient_tape/sequential/conv2d/Conv2DBackpropFilter,2,1022.07,511.035,1022.07,511.035,0.058659699305263054,0.48256172893533567,0.0,0.0
6,Device,ReluGrad,gradient_tape/sequential/conv2d/ReluGrad,2,997.368,498.684,997.368,498.684,0.05724197655414169,0.5398037054894773,0.0,0.0
7,Device,MaxPoolGrad,gradient_tape/sequential/max_pooling2d/MaxPool/MaxPoolGrad,2,790.201,395.1005,790.201,395.1005,0.04535203366767263,0.5851557391571499,0.0,0.0
8,Device,BiasAdd,sequential/conv2d/BiasAdd,2,744.985,372.4925,744.985,372.4925,0.04275695019610339,0.6279126893532533,0.0,0.0
9,Device,MaxPoolGrad,gradient_tape/sequential/max_pooling2d_1/MaxPool/MaxPoolGrad,2,676.25,338.125,676.25,338.125,0.038812039933844196,0.6667247292870975,0.0,0.0
10,Device,Relu,sequential/conv2d/Relu,2,655.834,327.917,655.834,327.917,0.037640303730828495,0.704365033017926,0.0,0.0
11,Device,Conv2D,sequential/conv2d/Conv2D,2,503.067,251.5335,503.067,251.5335,0.028872541949573675,0.7332375749674996,0.0,0.0
12,Device,MatMul,gradient_tape/sequential/dense/MatMul,2,468.987,234.4935,468.987,234.4935,0.026916587316012996,0.7601541622835126,0.0,0.0
13,Device,MatMul,gradient_tape/sequential/dense/MatMul_1,2,429.47,214.735,429.47,214.735,0.02464858675103596,0.7848027490345486,0.0,0.0
14,Device,ResourceApplyAdadelta,Adadelta/Adadelta/update_4/ResourceApplyAdadelta,2,419.804,209.902,419.804,209.902,0.024093825674510207,0.8088965747090588,0.0,0.0
15,Device,MatMul,sequential/dense/MatMul,2,417.917,208.9585,417.917,208.9585,0.023985525017423088,0.832882099726482,0.0,0.0
16,Device,MaxPool,sequential/max_pooling2d/MaxPool,2,402.205,201.1025,402.205,201.1025,0.02308376565115239,0.8559658653776344,0.0,0.0
17,Device,BiasAddGrad,gradient_tape/sequential/conv2d/BiasAdd/BiasAddGrad,2,304.894,152.447,304.894,152.447,0.01749879202009537,0.8734646573977298,0.0,0.0
18,Device,_Recv,IteratorGetNext/_2,1,263.07,263.07,263.07,263.07,0.015098385723321837,0.8885630431210516,0.0,0.0
19,Device,_Send,IteratorGetNext/_1,1,262.878,262.878,262.878,262.878,0.01508736626059755,0.9036504093816492,0.0,0.0
20,Device,ReluGrad,gradient_tape/sequential/conv2d_1/ReluGrad,2,209.694,104.847,209.694,104.847,0.012034975085970461,0.9156853844676197,0.0,0.0
21,Device,BiasAdd,sequential/conv2d_1/BiasAdd,2,162.814,81.407,162.814,81.407,0.009344389604124079,0.9250297740717438,0.0,0.0
22,Device,Relu,sequential/conv2d_1/Relu,2,148.414,74.207,148.414,74.207,0.008517929899802665,0.9335477039715465,0.0,0.0
23,Device,SoftmaxCrossEntropyWithLogits,categorical_crossentropy/softmax_cross_entropy_with_logits,2,121.375,60.6875,121.375,60.6875,0.006966079625834143,0.9405137835973807,0.0,0.0
24,Device,MaxPool,sequential/max_pooling2d_1/MaxPool,2,98.624,49.312,98.624,49.312,0.00566033068604133,0.946174114283422,0.0,0.0
25,Device,BiasAddGrad,gradient_tape/sequential/conv2d_1/BiasAdd/BiasAddGrad,2,98.623,49.3115,98.623,49.3115,0.005660273293006309,0.9518343875764284,0.0,0.0
26,Device,Unknown,gradient_tape/sequential/max_pooling2d_1/MaxPool/MaxPoolGrad-2-TransposeNHWCToNCHW-LayoutOptimizer:Transpose,2,43.456,21.728,43.456,21.728,0.0024940717299299572,0.9543284593063583,0.0,0.0
27,Device,MatMul,sequential/dense_1/MatMul,2,42.176,21.088,42.176,21.088,0.0024206086451013867,0.9567490679514598,0.0,0.0
28,Device,MatMul,gradient_tape/sequential/dense_1/MatMul_1,2,41.023,20.5115,41.023,20.5115,0.0023544344757206515,0.9591035024271805,0.0,0.0
29,Device,ResourceApplyAdadelta,Adadelta/Adadelta/update_2/ResourceApplyAdadelta,2,36.543,18.2715,36.543,18.2715,0.0020973136788206555,0.961200816106001,0.0,0.0
30,Device,Unknown,sequential/max_pooling2d_1/MaxPool-0-2-TransposeNCHWToNHWC-LayoutOptimizer:Transpose,2,35.455,17.7275,35.455,17.7275,0.002034870056716371,0.9632356861627174,0.0,0.0
31,Device,Mul,sequential/dropout/dropout/Mul_1,2,33.856,16.928,33.856,16.928,0.0019430985937156809,0.965178784756433,0.0,0.0
32,Device,ReluGrad,gradient_tape/sequential/dense/ReluGrad,2,33.824,16.912,33.824,16.912,0.0019412620165949663,0.967120046773028,0.0,0.0
33,Device,Mul,gradient_tape/sequential/dropout/dropout/Mul,2,30.655,15.3275,30.655,15.3275,0.0017593834886092331,0.9688794302616373,0.0,0.0
34,Device,Mul,gradient_tape/sequential/dropout/dropout/Mul_1,2,29.856,14.928,29.856,14.928,0.001713526453626399,0.9705929567152637,0.0,0.0
35,Device,RandomUniform,sequential/dropout/dropout/random_uniform/RandomUniform,2,29.248,14.624,29.248,14.624,0.0016786314883328283,0.9722715882035965,0.0,0.0
36,Device,ResourceApplyAdadelta,Adadelta/Adadelta/update_6/ResourceApplyAdadelta,2,27.904,13.952,27.904,13.952,0.0016014952492628294,0.9738730834528593,0.0,0.0
37,Device,ResourceApplyAdadelta,Adadelta/Adadelta/update_7/ResourceApplyAdadelta,2,27.392,13.696,27.392,13.696,0.0015721100153314013,0.9754451934681907,0.0,0.0
38,Device,BiasAddGrad,gradient_tape/sequential/dense/BiasAdd/BiasAddGrad,2,25.183,12.5915,25.183,12.5915,0.0014453288009670954,0.9768905222691578,0.0,0.0
39,Device,ResourceApplyAdadelta,Adadelta/Adadelta/update_5/ResourceApplyAdadelta,2,24.832,12.416,24.832,12.416,0.001425183845674261,0.9783157061148321,0.0,0.0
40,Device,MatMul,gradient_tape/sequential/dense_1/MatMul,2,24.832,12.416,24.832,12.416,0.001425183845674261,0.9797408899605063,0.0,0.0
41,Device,ResourceApplyAdadelta,Adadelta/Adadelta/update/ResourceApplyAdadelta,2,22.464,11.232,22.464,11.232,0.0012892771387414063,0.9810301670992477,0.0,0.0
42,Device,ResourceApplyAdadelta,Adadelta/Adadelta/update_3/ResourceApplyAdadelta,2,22.4,11.2,22.4,11.2,0.0012856039844999776,0.9823157710837477,0.0,0.0
43,Device,ResourceApplyAdadelta,Adadelta/Adadelta/update_1/ResourceApplyAdadelta,2,21.984,10.992,21.984,10.992,0.0012617284819306926,0.9835774995656784,0.0,0.0
44,Device,Softmax,sequential/dense_1/Softmax,2,21.279,10.6395,21.279,10.6395,0.0012212663922399566,0.9847987659579184,0.0,0.0
45,Device,BiasAdd,sequential/dense/BiasAdd,2,20.063,10.0315,20.063,10.0315,0.001151476461652815,0.9859502424195712,0.0,0.0
46,Device,Mul,sequential/dropout/dropout/Mul,2,19.488,9.744,19.488,9.744,0.0011184754665149806,0.9870687178860862,0.0,0.0
47,Device,GreaterEqual,sequential/dropout/dropout/GreaterEqual,2,16.671,8.3355,16.671,8.3355,0.000956799286857104,0.9880255171729433,0.0,0.0
48,Device,BiasAddGrad,gradient_tape/sequential/dense_1/BiasAdd/BiasAddGrad,2,15.904,7.952,15.904,7.952,0.0009127788289949843,0.9889382960019383,0.0,0.0
49,Device,Cast,sequential/dropout/dropout/Cast,2,15.2,7.6,15.2,7.6,0.0008723741323392706,0.9898106701342776,0.0,0.0
50,Device,Relu,sequential/dense/Relu,2,13.376,6.688,13.376,6.688,0.0007676892364585581,0.9905783593707361,0.0,0.0
51,Device,ArgMax,ArgMax_1,2,8.864,4.432,8.864,4.432,0.0005087318624378484,0.991087091233174,0.0,0.0
52,Device,ArgMax,ArgMax,2,8.832,4.416,8.832,4.416,0.0005068952853171341,0.9915939865184911,0.0,0.0
53,Device,Mul,gradient_tape/categorical_crossentropy/softmax_cross_entropy_with_logits/mul,2,8.192,4.096,8.192,4.096,0.00047016374290284905,0.9920641502613939,0.0,0.0
54,Device,Sum,categorical_crossentropy/weighted_loss/Sum,2,7.392,3.696,7.392,3.696,0.00042424931488499267,0.9924883995762789,0.0,0.0
55,Device,DivNoNan,gradient_tape/categorical_crossentropy/weighted_loss/value/div_no_nan,2,7.36,3.68,7.36,3.68,0.00042241273776427843,0.9929108123140432,0.0,0.0
56,Device,AssignAddVariableOp,AssignAddVariableOp_3,2,7.296,3.648,7.296,3.648,0.00041873958352284994,0.9933295518975661,0.0,0.0
57,Device,BiasAdd,sequential/dense_1/BiasAdd,2,7.264,3.632,7.264,3.632,0.00041690300640213565,0.9937464549039683,0.0,0.0
58,Device,DivNoNan,div_no_nan,2,7.072,3.536,7.072,3.536,0.00040588354367785014,0.9941523384476462,0.0,0.0
59,Device,Sum,Sum_2,2,6.88,3.44,6.88,3.44,0.0003948640809535646,0.9945472025285997,0.0,0.0
60,Device,Cast,Cast_2,2,6.848,3.424,6.848,3.424,0.00039302750383285033,0.9949402300324326,0.0,0.0
61,Device,DivNoNan,div_no_nan_1,2,6.464,3.232,6.464,3.232,0.0003709885783842793,0.9953112186108168,0.0,0.0
62,Device,Equal,Equal,2,6.112,3.056,6.112,3.056,0.0003507862300564225,0.9956620048408733,0.0,0.0
63,Device,Cast,categorical_crossentropy/weighted_loss/num_elements/Cast,2,6.08,3.04,6.08,3.04,0.00034894965293570825,0.996010954493809,0.0,0.0
64,Device,AssignAddVariableOp,AssignAddVariableOp,2,5.984,2.992,5.984,2.992,0.00034343992157356547,0.9963543944153826,0.0,0.0
65,Device,AssignAddVariableOp,Adadelta/Adadelta/AssignAddVariableOp,2,5.792,2.896,5.792,2.896,0.00033242045884927996,0.9966868148742319,0.0,0.0
66,Device,AssignAddVariableOp,AssignAddVariableOp_4,2,5.568,2.784,5.568,2.784,0.00031956441900428016,0.9970063792932362,0.0,0.0
67,Device,DivNoNan,categorical_crossentropy/weighted_loss/value,2,5.504,2.752,5.504,2.752,0.00031589126476285167,0.997322270557999,0.0,0.0
68,Device,Mul,Mul,2,5.472,2.736,5.472,2.736,0.00031405468764213743,0.9976363252456412,0.0,0.0
69,Device,Tile,gradient_tape/categorical_crossentropy/weighted_loss/Tile_1,2,5.248,2.624,5.248,2.624,0.0003011986477971377,0.9979375238934383,0.0,0.0
70,Device,AssignAddVariableOp,AssignAddVariableOp_1,2,4.992,2.496,4.992,2.496,0.00028650603083142363,0.9982240299242697,0.0,0.0
71,Device,Cast,Cast,2,4.736,2.368,4.736,2.368,0.0002718134138657096,0.9984958433381355,0.0,0.0
72,Device,AssignAddVariableOp,AssignAddVariableOp_2,2,4.704,2.352,4.704,2.352,0.0002699768367449953,0.9987658201748805,0.0,0.0
73,Device,Cast,Cast_1,2,4.512,2.256,4.512,2.256,0.0002589573740207098,0.9990247775489012,0.0,0.0
74,Device,LogicalAnd,LogicalAnd,1,3.936,3.936,3.936,3.936,0.00022589898584785323,0.9992506765347491,0.0,0.0
75,Device,_Recv,strided_slice/_12,2,3.328,1.664,3.328,1.664,0.00019100402055428241,0.9994416805553034,0.0,0.0
76,Device,_Recv,categorical_crossentropy/weighted_loss/num_elements/_14,2,3.168,1.584,3.168,1.584,0.00018182113495071115,0.999623501690254,0.0,0.0
77,Device,_Recv,Size/_16,2,2.656,1.328,2.656,1.328,0.00015243590101928308,0.9997759375912734,0.0,0.0
78,Device,_Send,IteratorGetNext/_3,1,2.08,2.08,2.08,2.08,0.00011937751284642652,0.9998953151041198,0.0,0.0
79,Device,_Recv,IteratorGetNext/_4,1,1.824,1.824,1.824,1.824,0.00010468489588071249,1.0000000000000004,0.0,0.0
80,Host,IDLE,IDLE,0,52835.058,0.0,52835.058,0.0,0.0,0.0,0.965266961380759,0.965266961380759
81,Host,_Send,IteratorGetNext/_3,2,474.647,237.3235,474.647,237.3235,0.0,0.0,0.008671535241212247,0.9739384966219712
82,Host,_Send,IteratorGetNext/_6,2,446.381,223.1905,446.381,223.1905,0.0,0.0,0.008155131229118828,0.98209362785109
83,Host,_Send,IteratorGetNext/_1,2,440.951,220.4755,440.951,220.4755,0.0,0.0,0.008055928165874391,0.9901495560169644
84,Host,GatherV2,GatherV2,2,237.46,118.73,237.46,118.73,0.0,0.0,0.004338261399267794,0.9944878174162322
85,Host,GatherV2,GatherV2_1,2,63.429,31.7145,63.429,31.7145,0.0,0.0,0.0011588123570039455,0.9956466297732361
86,Host,LogicalAnd,LogicalAnd,1,44.524,44.524,44.524,44.524,0.0,0.0,0.0008134285797228974,0.996460058352959
87,Host,FlushSummaryWriter,FlushSummaryWriter,1,32.427,32.427,32.427,32.427,0.0,0.0,0.0005924231550326654,0.9970524815079918
88,Host,_HostSend,categorical_crossentropy/softmax_cross_entropy_with_logits/Shape_2/_9,2,24.35,12.175,24.35,12.175,0.0,0.0,0.0004448608821366579,0.9974973423901284
89,Host,WriteSummary,WriteSummary,1,20.742,20.742,20.742,20.742,0.0,0.0,0.0003789447399293042,0.9978762871300577
90,Host,Dataset,Iterator::Model::ParallelMapV2::Zip[1]::ForeverRepeat,2,24.926,12.463,20.391,10.1955,0.0,0.0,0.00037253216622786813,0.9982488192962856
91,Host,Dataset,Iterator::Model,2,34.138,17.069,20.006,10.003,0.0,0.0,0.0003654984315411079,0.9986143177278267
92,Host,Dataset,Iterator::Model::ParallelMapV2::Zip[0]::FlatMap[1]::Concatenate,2,34.568,17.284,17.54,8.77,0.0,0.0,0.0003204459906643523,0.9989347637184911
93,Host,Dataset,Iterator::Model::ParallelMapV2::Zip[0]::FlatMap[1]::Concatenate[0]::TensorSlice,2,17.028,8.514,17.028,8.514,0.0,0.0,0.00031109203700299833,0.9992458557554941
94,Host,Dataset,Iterator::Model::ParallelMapV2,2,14.132,7.066,14.132,7.066,0.0,0.0,0.000258183736605965,0.9995040394921
95,Host,IteratorGetNext,IteratorGetNext,2,13.193,6.5965,13.193,6.5965,0.0,0.0,0.00024102873174656784,0.9997450682238466
96,Host,Dataset,Iterator::Model::ParallelMapV2::Zip,2,68.153,34.0765,6.035,3.0175,0.0,0.0,0.00011025607489506078,0.9998553242987416
97,Host,Dataset,Iterator::Model::ParallelMapV2::Zip[1]::ForeverRepeat::FromTensor,4,4.535,1.13375,4.535,1.13375,0.0,0.0,8.285191377781287e-05,0.9999381762125193
98,Host,Dataset,Iterator::Model::ParallelMapV2::Zip[0]::FlatMap,2,37.192,18.596,2.624,1.312,0.0,0.0,4.7939012514439026e-05,0.9999861152250338
99,Host,Identity,Identity,1,0.76,0.76,0.76,0.76,0.0,0.0,1.3884774966072278e-05,0.9999999999999999
