Rank,Host/device,Type,Operation,#Occurrences,Total time (us),Avg. time (us),Total self-time (us),Avg. self-time (us),Total self-time on Device (%),Cumulative total-self time on Device (%),Total self-time on Host (%),Cumulative total-self time on Host (%)
1,Device,IDLE,IDLE,0,2553.802,0.0,2553.802,0.0,0.47428785376092636,0.47428785376092636,0.0,0.0
2,Device,ResourceApplyAdadelta,Adadelta/Adadelta/update_4/ResourceApplyAdadelta,2,420.925,210.4625,420.925,210.4625,0.07817348989636547,0.5524613436572918,0.0,0.0
3,Device,Conv2DBackpropFilter,gradient_tape/sequential/conv2d_1/Conv2DBackpropFilter,4,284.095,71.02375,284.095,71.02375,0.052761650203974456,0.6052229938612663,0.0,0.0
4,Device,Conv2DBackpropInput,gradient_tape/sequential/conv2d_1/Conv2DBackpropInput,4,261.694,65.4235,261.694,65.4235,0.04860137379566304,0.6538243676569293,0.0,0.0
5,Device,Conv2D,sequential/conv2d_1/Conv2D,2,189.055,94.5275,189.055,94.5275,0.03511097970507186,0.6889353473620011,0.0,0.0
6,Device,Conv2DBackpropFilter,gradient_tape/sequential/conv2d/Conv2DBackpropFilter,2,172.255,86.1275,172.255,86.1275,0.03199091168758908,0.7209262590495902,0.0,0.0
7,Device,ReluGrad,gradient_tape/sequential/conv2d/ReluGrad,2,115.486,57.743,115.486,57.743,0.021447867563512888,0.7423741266131031,0.0,0.0
8,Device,MaxPoolGrad,gradient_tape/sequential/max_pooling2d/MaxPool/MaxPoolGrad,2,104.35,52.175,104.35,52.175,0.0193797081919243,0.7617538348050273,0.0,0.0
9,Device,MatMul,gradient_tape/sequential/dense/MatMul,2,101.214,50.607,101.214,50.607,0.018797295495327514,0.7805511303003548,0.0,0.0
10,Device,SoftmaxCrossEntropyWithLogits,categorical_crossentropy/softmax_cross_entropy_with_logits,2,84.671,42.3355,84.671,42.3355,0.015724957089778845,0.7962760873901337,0.0,0.0
11,Device,Relu,sequential/conv2d/Relu,2,77.76,38.88,77.76,38.88,0.014441457680920304,0.810717545071054,0.0,0.0
12,Device,BiasAdd,sequential/conv2d/BiasAdd,2,76.286,38.143,76.286,38.143,0.014167708856053063,0.824885253927107,0.0,0.0
13,Device,MatMul,sequential/dense/MatMul,2,73.951,36.9755,73.951,36.9755,0.01373405654528983,0.8386193104723968,0.0,0.0
14,Device,MaxPoolGrad,gradient_tape/sequential/max_pooling2d_1/MaxPool/MaxPoolGrad,2,69.951,34.9755,69.951,34.9755,0.01299118320779393,0.8516104936801907,0.0,0.0
15,Device,_Send,IteratorGetNext/_1,2,67.615,33.8075,67.615,33.8075,0.012557345178696324,0.864167838858887,0.0,0.0
16,Device,MatMul,gradient_tape/sequential/dense/MatMul_1,2,64.928,32.464,64.928,32.464,0.012058320014233454,0.8762261588731205,0.0,0.0
17,Device,Conv2D,sequential/conv2d/Conv2D,2,62.144,31.072,62.144,31.072,0.011541280171336307,0.8877674390444568,0.0,0.0
18,Device,MaxPool,sequential/max_pooling2d/MaxPool,2,54.24,27.12,54.24,27.12,0.010073362456444409,0.8978408015009012,0.0,0.0
19,Device,BiasAddGrad,gradient_tape/sequential/conv2d/BiasAdd/BiasAddGrad,2,39.807,19.9035,39.807,19.9035,0.007392889736424826,0.905233691237326,0.0,0.0
20,Device,ResourceApplyAdadelta,Adadelta/Adadelta/update_2/ResourceApplyAdadelta,2,31.072,15.536,31.072,15.536,0.005770640085668154,0.9110043313229942,0.0,0.0
21,Device,ResourceApplyAdadelta,Adadelta/Adadelta/update_6/ResourceApplyAdadelta,2,25.248,12.624,25.248,12.624,0.004689016506274123,0.9156933478292683,0.0,0.0
22,Device,ResourceApplyAdadelta,Adadelta/Adadelta/update_7/ResourceApplyAdadelta,2,23.936,11.968,23.936,11.968,0.004445354051575467,0.9201387018808437,0.0,0.0
23,Device,ResourceApplyAdadelta,Adadelta/Adadelta/update_5/ResourceApplyAdadelta,2,22.784,11.392,22.784,11.392,0.004231406530376648,0.9243701084112204,0.0,0.0
24,Device,MatMul,sequential/dense_1/MatMul,2,22.592,11.296,22.592,11.296,0.004195748610176845,0.9285658570213972,0.0,0.0
25,Device,BiasAddGrad,gradient_tape/sequential/conv2d_1/BiasAdd/BiasAddGrad,2,22.272,11.136,22.272,11.136,0.0041363187431771725,0.9327021757645744,0.0,0.0
26,Device,ResourceApplyAdadelta,Adadelta/Adadelta/update/ResourceApplyAdadelta,2,20.832,10.416,20.832,10.416,0.003868884341678649,0.936571060106253,0.0,0.0
27,Device,Softmax,sequential/dense_1/Softmax,2,19.072,9.536,19.072,9.536,0.0035420200731804525,0.9401130801794335,0.0,0.0
28,Device,ResourceApplyAdadelta,Adadelta/Adadelta/update_1/ResourceApplyAdadelta,2,18.464,9.232,18.464,9.232,0.0034291033258810758,0.9435421835053146,0.0,0.0
29,Device,ResourceApplyAdadelta,Adadelta/Adadelta/update_3/ResourceApplyAdadelta,2,18.016,9.008,18.016,9.008,0.003345901512081535,0.9468880850173962,0.0,0.0
30,Device,MatMul,gradient_tape/sequential/dense_1/MatMul_1,2,13.44,6.72,13.44,6.72,0.002496054413986225,0.9493841394313824,0.0,0.0
31,Device,BiasAdd,sequential/conv2d_1/BiasAdd,2,12.064,6.032,12.064,6.032,0.0022405059858876353,0.9516246454172701,0.0,0.0
32,Device,MatMul,gradient_tape/sequential/dense_1/MatMul,2,10.656,5.328,10.656,5.328,0.0019790145710890787,0.9536036599883592,0.0,0.0
33,Device,Unknown,gradient_tape/sequential/max_pooling2d_1/MaxPool/MaxPoolGrad-2-TransposeNHWCToNCHW-LayoutOptimizer:Transpose,2,9.856,4.928,9.856,4.928,0.0018304399035898983,0.955434099891949,0.0,0.0
34,Device,RandomUniform,sequential/dropout/dropout/random_uniform/RandomUniform,2,8.928,4.464,8.928,4.464,0.0016580932892908498,0.95709219318124,0.0,0.0
35,Device,ReluGrad,gradient_tape/sequential/conv2d_1/ReluGrad,2,8.735,4.3675,8.735,4.3675,0.0016222496507566722,0.9587144428319966,0.0,0.0
36,Device,MaxPool,sequential/max_pooling2d_1/MaxPool,2,8.448,4.224,8.448,4.224,0.0015689484887913415,0.9602833913207879,0.0,0.0
37,Device,Unknown,sequential/max_pooling2d_1/MaxPool-0-2-TransposeNCHWToNHWC-LayoutOptimizer:Transpose,2,8.191,4.0955,8.191,4.0955,0.00152121887685723,0.9618046101976451,0.0,0.0
38,Device,ArgMax,ArgMax,2,8.096,4.048,8.096,4.048,0.0015035756350917024,0.9633081858327368,0.0,0.0
39,Device,Relu,sequential/conv2d_1/Relu,2,8.096,4.048,8.096,4.048,0.0015035756350917024,0.9648117614678285,0.0,0.0
40,Device,Mul,sequential/dropout/dropout/Mul,2,7.648,3.824,7.648,3.824,0.0014203738212921614,0.9662321352891207,0.0,0.0
41,Device,BiasAdd,sequential/dense/BiasAdd,2,7.456,3.728,7.456,3.728,0.0013847159010923582,0.967616851190213,0.0,0.0
42,Device,BiasAddGrad,gradient_tape/sequential/dense/BiasAdd/BiasAddGrad,2,7.36,3.68,7.36,3.68,0.0013668869409924566,0.9689837381312054,0.0,0.0
43,Device,ReluGrad,gradient_tape/sequential/dense/ReluGrad,2,7.328,3.664,7.328,3.664,0.0013609439542924895,0.970344682085498,0.0,0.0
44,Device,Mul,gradient_tape/sequential/dropout/dropout/Mul,2,7.295,3.6475,7.295,3.6475,0.0013548152492581483,0.9716994973347561,0.0,0.0
45,Device,ArgMax,ArgMax_1,2,6.656,3.328,6.656,3.328,0.001236141233593178,0.9729356385683493,0.0,0.0
46,Device,DivNoNan,categorical_crossentropy/weighted_loss/value,2,6.592,3.296,6.592,3.296,0.0012242552601932437,0.9741598938285425,0.0,0.0
47,Device,Relu,sequential/dense/Relu,2,6.528,3.264,6.528,3.264,0.0012123692867933092,0.9753722631153359,0.0,0.0
48,Device,DivNoNan,gradient_tape/categorical_crossentropy/weighted_loss/value/div_no_nan,2,5.792,2.896,5.792,2.896,0.0010756805926940636,0.9764479437080299,0.0,0.0
49,Device,Equal,Equal,2,5.696,2.848,5.696,2.848,0.001057851632594162,0.9775057953406241,0.0,0.0
50,Device,AssignAddVariableOp,AssignAddVariableOp_1,2,5.664,2.832,5.664,2.832,0.0010519086458941947,0.9785577039865183,0.0,0.0
51,Device,BiasAddGrad,gradient_tape/sequential/dense_1/BiasAdd/BiasAddGrad,2,5.6,2.8,5.6,2.8,0.0010400226724942604,0.9795977266590126,0.0,0.0
52,Device,Sum,categorical_crossentropy/weighted_loss/Sum,2,5.376,2.688,5.376,2.688,0.0009984217655944901,0.9805961484246071,0.0,0.0
53,Device,DivNoNan,div_no_nan,2,5.28,2.64,5.28,2.64,0.0009805928054945885,0.9815767412301016,0.0,0.0
54,Device,Cast,sequential/dropout/dropout/Cast,2,5.28,2.64,5.28,2.64,0.0009805928054945885,0.9825573340355962,0.0,0.0
55,Device,AssignAddVariableOp,AssignAddVariableOp_4,2,5.248,2.624,5.248,2.624,0.0009746498187946213,0.9835319838543908,0.0,0.0
56,Device,Mul,gradient_tape/sequential/dropout/dropout/Mul_1,2,5.248,2.624,5.248,2.624,0.0009746498187946213,0.9845066336731854,0.0,0.0
57,Device,Mul,sequential/dropout/dropout/Mul_1,2,5.216,2.608,5.216,2.608,0.0009687068320946541,0.98547534050528,0.0,0.0
58,Device,Cast,categorical_crossentropy/weighted_loss/num_elements/Cast,2,5.184,2.592,5.184,2.592,0.0009627638453946868,0.9864381043506747,0.0,0.0
59,Device,Tile,gradient_tape/categorical_crossentropy/weighted_loss/Tile_1,2,5.12,2.56,5.12,2.56,0.0009508778719947525,0.9873889822226695,0.0,0.0
60,Device,BiasAdd,sequential/dense_1/BiasAdd,2,4.992,2.496,4.992,2.496,0.0009271059251948836,0.9883160881478643,0.0,0.0
61,Device,GreaterEqual,sequential/dropout/dropout/GreaterEqual,2,4.928,2.464,4.928,2.464,0.0009152199517949492,0.9892313080996593,0.0,0.0
62,Device,Mul,gradient_tape/categorical_crossentropy/softmax_cross_entropy_with_logits/mul,2,4.832,2.416,4.832,2.416,0.0008973909916950476,0.9901286990913544,0.0,0.0
63,Device,AssignAddVariableOp,AssignAddVariableOp_2,2,4.64,2.32,4.64,2.32,0.0008617330714952443,0.9909904321628497,0.0,0.0
64,Device,AssignAddVariableOp,Adadelta/Adadelta/AssignAddVariableOp,2,4.544,2.272,4.544,2.272,0.0008439041113953427,0.991834336274245,0.0,0.0
65,Device,AssignAddVariableOp,AssignAddVariableOp_3,2,4.544,2.272,4.544,2.272,0.0008439041113953427,0.9926782403856403,0.0,0.0
66,Device,Mul,Mul,2,4.48,2.24,4.48,2.24,0.0008320181379954084,0.9935102585236357,0.0,0.0
67,Device,AssignAddVariableOp,AssignAddVariableOp,2,4.448,2.224,4.448,2.224,0.0008260751512954412,0.9943363336749311,0.0,0.0
68,Device,Cast,Cast_2,2,4.384,2.192,4.384,2.192,0.0008141891778955068,0.9951505228528267,0.0,0.0
69,Device,Cast,Cast,2,4.352,2.176,4.352,2.176,0.0008082461911955396,0.9959587690440223,0.0,0.0
70,Device,Sum,Sum_2,2,4.352,2.176,4.352,2.176,0.0008082461911955396,0.9967670152352178,0.0,0.0
71,Device,Cast,Cast_1,2,4.288,2.144,4.288,2.144,0.0007963602177956052,0.9975633754530134,0.0,0.0
72,Device,DivNoNan,div_no_nan_1,2,4.096,2.048,4.096,2.048,0.000760702297595802,0.9983240777506093,0.0,0.0
73,Device,_Recv,strided_slice/_12,2,2.4,1.2,2.4,1.2,0.0004457240024975402,0.9987698017531068,0.0,0.0
74,Device,LogicalAnd,LogicalAnd,1,2.304,2.304,2.304,2.304,0.00042789504239763854,0.9991976967955044,0.0,0.0
75,Device,_Recv,categorical_crossentropy/weighted_loss/num_elements/_14,2,2.016,1.008,2.016,1.008,0.0003744081620979338,0.9995721049576023,0.0,0.0
76,Device,_Recv,Size/_16,2,1.984,0.992,1.984,0.992,0.00036846517539796655,0.9999405701330003,0.0,0.0
77,Device,_Send,IteratorGetNext/_3,2,0.32,0.16,0.32,0.16,5.942986699967203e-05,1.0,0.0,0.0
78,Host,IDLE,IDLE,0,14873.803,0.0,14873.803,0.0,0.0,0.0,0.9764568628679011,0.9764568628679011
79,Host,GatherV2,GatherV2,2,82.601,41.3005,82.601,41.3005,0.0,0.0,0.005422709533651313,0.9818795724015524
80,Host,_Send,IteratorGetNext/_6,2,57.223,28.6115,57.223,28.6115,0.0,0.0,0.003756658002253351,0.9856362304038058
81,Host,LogicalAnd,LogicalAnd,1,46.383,46.383,46.383,46.383,0.0,0.0,0.003045018054252961,0.9886812484580587
82,Host,FlushSummaryWriter,FlushSummaryWriter,1,30.563,30.563,30.563,30.563,0.0,0.0,0.002006443886599255,0.9906876923446579
83,Host,Dataset,Iterator::Model,2,37.852,18.926,25.684,12.842,0.0,0.0,0.0016861402605573821,0.9923738326052153
84,Host,Dataset,Iterator::Model::ParallelMapV2::Zip[1]::ForeverRepeat,2,22.911,11.4555,19.358,9.679,0.0,0.0,0.0012708418923792946,0.9936446744975945
85,Host,WriteSummary,WriteSummary,1,18.92,18.92,18.92,18.92,0.0,0.0,0.0012420874369158104,0.9948867619345103
86,Host,Dataset,Iterator::Model::ParallelMapV2::Zip[0]::FlatMap[1]::Concatenate,2,23.431,11.7155,16.567,8.2835,0.0,0.0,0.0010876143006017035,0.995974376235112
87,Host,GatherV2,GatherV2_1,2,15.877,7.9385,15.877,7.9385,0.0,0.0,0.0010423161858304608,0.9970166924209425
88,Host,Dataset,Iterator::Model::ParallelMapV2,2,12.168,6.084,12.168,6.084,0.0,0.0,0.0007988224065746077,0.9978155148275171
89,Host,IteratorGetNext,IteratorGetNext,2,11.754,5.877,11.754,5.877,0.0,0.0,0.0007716435377118621,0.9985871583652289
90,Host,Dataset,Iterator::Model::ParallelMapV2::Zip,2,56.703,28.3515,8.276,4.138,0.0,0.0,0.0005433147794881208,0.999130473144717
91,Host,Dataset,Iterator::Model::ParallelMapV2::Zip[0]::FlatMap[1]::Concatenate[0]::TensorSlice,2,6.864,3.432,6.864,3.432,0.0,0.0,0.0004506177678113172,0.9995810909125283
92,Host,Dataset,Iterator::Model::ParallelMapV2::Zip[1]::ForeverRepeat::FromTensor,4,3.553,0.88825,3.553,0.88825,0.0,0.0,0.0002332524663510504,0.9998143433788794
93,Host,Dataset,Iterator::Model::ParallelMapV2::Zip[0]::FlatMap,2,25.516,12.758,2.085,1.0425,0.0,0.0,0.00013687908593918943,0.9999512224648186
94,Host,Identity,Identity,1,0.743,0.743,0.743,0.743,0.0,0.0,4.8777535181207555e-05,0.9999999999999998
