Rank,Host/device,Type,Operation,#Occurrences,Total time (us),Avg. time (us),Total self-time (us),Avg. self-time (us),Total self-time on Device (%),Cumulative total-self time on Device (%),Total self-time on Host (%),Cumulative total-self time on Host (%)
1,Device,IDLE,IDLE,0,3957.143,0.0,3957.143,0.0,0.6964287537068488,0.6964287537068488,0.0,0.0
2,Device,ResourceApplyAdadelta,Adadelta/Adadelta/update_4/ResourceApplyAdadelta,2,423.932,211.966,423.932,211.966,0.0746089879532915,0.7710377416601403,0.0,0.0
3,Device,Conv2DBackpropFilter,gradient_tape/sequential/conv2d_1/Conv2DBackpropFilter,4,135.615,33.90375,135.615,33.90375,0.023867266215538408,0.7949050078756786,0.0,0.0
4,Device,Conv2D,sequential/conv2d_1/Conv2D,4,133.534,33.3835,133.534,33.3835,0.023501025158173545,0.8184060330338522,0.0,0.0
5,Device,Conv2DBackpropInput,gradient_tape/sequential/conv2d_1/Conv2DBackpropInput,4,110.848,27.712,110.848,27.712,0.01950845205515615,0.8379144850890083,0.0,0.0
6,Device,Conv2DBackpropFilter,gradient_tape/sequential/conv2d/Conv2DBackpropFilter,2,90.654,45.327,90.654,45.327,0.01595445305831522,0.8538689381473236,0.0,0.0
7,Device,SoftmaxCrossEntropyWithLogits,categorical_crossentropy/softmax_cross_entropy_with_logits,2,79.424,39.712,79.424,39.712,0.013978053695409227,0.8678469918427328,0.0,0.0
8,Device,MatMul,gradient_tape/sequential/dense/MatMul,2,75.168,37.584,75.168,37.584,0.01322902825564717,0.88107602009838,0.0,0.0
9,Device,MatMul,sequential/dense/MatMul,2,67.807,33.9035,67.807,33.9035,0.011933545111359457,0.8930095652097395,0.0,0.0
10,Device,Conv2D,sequential/conv2d/Conv2D,2,38.751,19.3755,38.751,19.3755,0.006819897748171874,0.8998294629579113,0.0,0.0
11,Device,MatMul,gradient_tape/sequential/dense/MatMul_1,2,33.088,16.544,33.088,16.544,0.005823250411383215,0.9056527133692945,0.0,0.0
12,Device,MaxPoolGrad,gradient_tape/sequential/max_pooling2d/MaxPool/MaxPoolGrad,2,31.264,15.632,31.264,15.632,0.005502239508628048,0.9111549528779226,0.0,0.0
13,Device,ResourceApplyAdadelta,Adadelta/Adadelta/update_2/ResourceApplyAdadelta,2,27.712,13.856,27.712,13.856,0.004877113013789037,0.9160320658917116,0.0,0.0
14,Device,MaxPoolGrad,gradient_tape/sequential/max_pooling2d_1/MaxPool/MaxPoolGrad,2,23.486,11.743,23.486,11.743,0.0041333673586117685,0.9201654332503234,0.0,0.0
15,Device,ResourceApplyAdadelta,Adadelta/Adadelta/update_6/ResourceApplyAdadelta,2,22.975,11.4875,22.975,11.4875,0.004043435027850864,0.9242088682781743,0.0,0.0
16,Device,ResourceApplyAdadelta,Adadelta/Adadelta/update_7/ResourceApplyAdadelta,2,21.152,10.576,21.152,10.576,0.0037226001179151893,0.9279314683960894,0.0,0.0
17,Device,ResourceApplyAdadelta,Adadelta/Adadelta/update/ResourceApplyAdadelta,2,20.672,10.336,20.672,10.336,0.003638123564558566,0.931569591960648,0.0,0.0
18,Device,ResourceApplyAdadelta,Adadelta/Adadelta/update_5/ResourceApplyAdadelta,2,20.096,10.048,20.096,10.048,0.003536751700530618,0.9351063436611786,0.0,0.0
19,Device,ResourceApplyAdadelta,Adadelta/Adadelta/update_3/ResourceApplyAdadelta,2,18.399,9.1995,18.399,9.1995,0.0032380918858510572,0.9383444355470296,0.0,0.0
20,Device,MatMul,sequential/dense_1/MatMul,2,18.367,9.1835,18.367,9.1835,0.0032324601156272824,0.9415768956626569,0.0,0.0
21,Device,ResourceApplyAdadelta,Adadelta/Adadelta/update_1/ResourceApplyAdadelta,2,18.336,9.168,18.336,9.168,0.0032270043382230003,0.9448039000008799,0.0,0.0
22,Device,BiasAddGrad,gradient_tape/sequential/conv2d/BiasAdd/BiasAddGrad,2,16.192,8.096,16.192,8.096,0.002849675733230084,0.94765357573411,0.0,0.0
23,Device,Softmax,sequential/dense_1/Softmax,2,14.688,7.344,14.688,7.344,0.002584982532712665,0.9502385582668227,0.0,0.0
24,Device,BiasAddGrad,gradient_tape/sequential/conv2d_1/BiasAdd/BiasAddGrad,2,13.694,6.847,13.694,6.847,0.0024100456701366584,0.9526486039369594,0.0,0.0
25,Device,MaxPool,sequential/max_pooling2d/MaxPool,2,12.0,6.0,12.0,6.0,0.0021119138339155763,0.954760517770875,0.0,0.0
26,Device,MatMul,gradient_tape/sequential/dense_1/MatMul_1,2,11.264,5.632,11.264,5.632,0.0019823831187687543,0.9567429008896438,0.0,0.0
27,Device,ReluGrad,gradient_tape/sequential/conv2d/ReluGrad,2,11.008,5.504,11.008,5.504,0.001937328956978555,0.9586802298466223,0.0,0.0
28,Device,_Send,IteratorGetNext/_1,2,9.76,4.88,9.76,4.88,0.0017176899182513353,0.9603979197648737,0.0,0.0
29,Device,BiasAdd,sequential/conv2d/BiasAdd,2,9.536,4.768,9.536,4.768,0.0016782675266849112,0.9620761872915585,0.0,0.0
30,Device,MatMul,gradient_tape/sequential/dense_1/MatMul,2,9.056,4.528,9.056,4.528,0.001593790973328288,0.9636699782648868,0.0,0.0
31,Device,RandomUniform,sequential/dropout/dropout/random_uniform/RandomUniform,2,8.192,4.096,8.192,4.096,0.0014417331772863667,0.9651117114421731,0.0,0.0
32,Device,MaxPool,sequential/max_pooling2d_1/MaxPool,2,8.096,4.048,8.096,4.048,0.001424837866615042,0.9665365493087882,0.0,0.0
33,Device,Relu,sequential/conv2d/Relu,2,8.064,4.032,8.064,4.032,0.0014192060963912673,0.9679557554051794,0.0,0.0
34,Device,ArgMax,ArgMax_1,2,7.679,3.8395,7.679,3.8395,0.001351448860886476,0.9693072042660659,0.0,0.0
35,Device,Unknown,gradient_tape/sequential/max_pooling2d_1/MaxPool/MaxPoolGrad-2-TransposeNHWCToNCHW-LayoutOptimizer:Transpose,2,6.944,3.472,6.944,3.472,0.0012220941385591468,0.970529298404625,0.0,0.0
36,Device,ReluGrad,gradient_tape/sequential/conv2d_1/ReluGrad,2,6.56,3.28,6.56,3.28,0.0011545128958738483,0.9716838113004989,0.0,0.0
37,Device,BiasAdd,sequential/dense/BiasAdd,2,6.464,3.232,6.464,3.232,0.0011376175852025239,0.9728214288857013,0.0,0.0
38,Device,Unknown,sequential/max_pooling2d_1/MaxPool-0-1-TransposeNCHWToNHWC-LayoutOptimizer:Transpose,2,6.464,3.232,6.464,3.232,0.0011376175852025239,0.9739590464709038,0.0,0.0
39,Device,BiasAddGrad,gradient_tape/sequential/dense/BiasAdd/BiasAddGrad,2,6.08,3.04,6.08,3.04,0.0010700363425172252,0.975029082813421,0.0,0.0
40,Device,ArgMax,ArgMax,2,5.984,2.992,5.984,2.992,0.0010531410318459008,0.976082223845267,0.0,0.0
41,Device,BiasAdd,sequential/conv2d_1/BiasAdd,2,5.952,2.976,5.952,2.976,0.0010475092616221257,0.9771297331068891,0.0,0.0
42,Device,DivNoNan,categorical_crossentropy/weighted_loss/value,2,5.823,2.9115,5.823,2.9115,0.0010248061879075334,0.9781545392947967,0.0,0.0
43,Device,AssignAddVariableOp,AssignAddVariableOp_3,2,5.792,2.896,5.792,2.896,0.0010193504105032514,0.9791738897053,0.0,0.0
44,Device,DivNoNan,div_no_nan,2,5.728,2.864,5.728,2.864,0.0010080868700557016,0.9801819765753557,0.0,0.0
45,Device,Relu,sequential/dense/Relu,2,5.728,2.864,5.728,2.864,0.0010080868700557016,0.9811900634454114,0.0,0.0
46,Device,DivNoNan,div_no_nan_1,2,5.44,2.72,5.44,2.72,0.0009574009380417279,0.9821474643834531,0.0,0.0
47,Device,Relu,sequential/conv2d_1/Relu,2,5.376,2.688,5.376,2.688,0.0009461373975941782,0.9830936017810473,0.0,0.0
48,Device,Sum,categorical_crossentropy/weighted_loss/Sum,2,5.344,2.672,5.344,2.672,0.0009405056273704034,0.9840341074084177,0.0,0.0
49,Device,Mul,gradient_tape/categorical_crossentropy/softmax_cross_entropy_with_logits/mul,2,5.344,2.672,5.344,2.672,0.0009405056273704034,0.984974613035788,0.0,0.0
50,Device,Mul,sequential/dropout/dropout/Mul_1,2,5.12,2.56,5.12,2.56,0.0009010832358039792,0.985875696271592,0.0,0.0
51,Device,Mul,sequential/dropout/dropout/Mul,2,4.96,2.48,4.96,2.48,0.0008729243846851048,0.9867486206562771,0.0,0.0
52,Device,AssignAddVariableOp,AssignAddVariableOp,2,4.8,2.4,4.8,2.4,0.0008447655335662304,0.9875933861898434,0.0,0.0
53,Device,BiasAddGrad,gradient_tape/sequential/dense_1/BiasAdd/BiasAddGrad,2,4.8,2.4,4.8,2.4,0.0008447655335662304,0.9884381517234097,0.0,0.0
54,Device,Mul,gradient_tape/sequential/dropout/dropout/Mul_2,2,4.768,2.384,4.768,2.384,0.0008391337633424556,0.9892772854867521,0.0,0.0
55,Device,AssignAddVariableOp,AssignAddVariableOp_2,2,4.608,2.304,4.608,2.304,0.0008109749122235812,0.9900882603989757,0.0,0.0
56,Device,AssignAddVariableOp,AssignAddVariableOp_4,2,4.608,2.304,4.608,2.304,0.0008109749122235812,0.9908992353111993,0.0,0.0
57,Device,BiasAdd,sequential/dense_1/BiasAdd,2,4.608,2.304,4.608,2.304,0.0008109749122235812,0.9917102102234229,0.0,0.0
58,Device,Sum,Sum_2,2,4.576,2.288,4.576,2.288,0.0008053431419998064,0.9925155533654226,0.0,0.0
59,Device,Cast,sequential/dropout/dropout/Cast,2,4.576,2.288,4.576,2.288,0.0008053431419998064,0.9933208965074224,0.0,0.0
60,Device,ReluGrad,gradient_tape/sequential/dense/ReluGrad,2,4.512,2.256,4.512,2.256,0.0007940796015522565,0.9941149761089747,0.0,0.0
61,Device,Mul,gradient_tape/sequential/dropout/dropout/Mul,2,4.416,2.208,4.416,2.208,0.0007771842908809321,0.9948921603998556,0.0,0.0
62,Device,AssignAddVariableOp,AssignAddVariableOp_1,2,4.384,2.192,4.384,2.192,0.0007715525206571573,0.9956637129205128,0.0,0.0
63,Device,Equal,Equal,2,4.384,2.192,4.384,2.192,0.0007715525206571573,0.99643526544117,0.0,0.0
64,Device,AssignAddVariableOp,Adadelta/Adadelta/AssignAddVariableOp,2,4.351,2.1755,4.351,2.1755,0.0007657447576138893,0.9972010101987839,0.0,0.0
65,Device,Mul,Mul,2,4.288,2.144,4.288,2.144,0.0007546572099858326,0.9979556674087697,0.0,0.0
66,Device,Cast,Cast_1,2,4.096,2.048,4.096,2.048,0.0007208665886431834,0.998676533997413,0.0,0.0
67,Device,GreaterEqual,sequential/dropout/dropout/GreaterEqual,2,4.096,2.048,4.096,2.048,0.0007208665886431834,0.9993974005860562,0.0,0.0
68,Device,LogicalAnd,LogicalAnd,1,2.368,2.368,2.368,2.368,0.00041675099655934033,0.9998141515826156,0.0,0.0
69,Device,_Send,IteratorGetNext/_3,2,1.056,0.528,1.056,0.528,0.0001858484173845707,1.0000000000000002,0.0,0.0
70,Host,IDLE,IDLE,0,7823.884,0.0,7823.884,0.0,0.0,0.0,0.9617406189871114,0.9617406189871114
71,Host,GatherV2,GatherV2,2,70.147,35.0735,70.147,35.0735,0.0,0.0,0.008622727433086803,0.9703633464201982
72,Host,LogicalAnd,LogicalAnd,1,47.529,47.529,47.529,47.529,0.0,0.0,0.005842439622039184,0.9762057860422374
73,Host,FlushSummaryWriter,FlushSummaryWriter,1,31.716,31.716,31.716,31.716,0.0,0.0,0.003898647458448416,0.9801044335006858
74,Host,Dataset,Iterator::Model,2,47.26,23.63,28.813,14.4065,0.0,0.0,0.0035418000132511726,0.983646233513937
75,Host,Dataset,Iterator::Model::ParallelMapV2::Zip[1]::ForeverRepeat,2,32.028,16.014,27.166,13.583,0.0,0.0,0.003339344711067274,0.9869855782250042
76,Host,Dataset,Iterator::Model::ParallelMapV2::Zip[0]::FlatMap,2,30.393,15.1965,23.939,11.9695,0.0,0.0,0.002942669993309264,0.9899282482183135
77,Host,WriteSummary,WriteSummary,1,20.249,20.249,20.249,20.249,0.0,0.0,0.0024890816113671953,0.9924173298296807
78,Host,Dataset,Iterator::Model::ParallelMapV2,2,18.447,9.2235,18.447,9.2235,0.0,0.0,0.0022675731386681145,0.9946849029683488
79,Host,GatherV2,GatherV2_1,2,13.31,6.655,13.31,6.655,0.0,0.0,0.0016361141906907684,0.9963210171590395
80,Host,IteratorGetNext,IteratorGetNext,2,9.756,4.878,9.756,4.878,0.0,0.0,0.0011992434293297623,0.9975202605883693
81,Host,Dataset,Iterator::Model::ParallelMapV2::Zip,2,70.538,35.269,8.117,4.0585,0.0,0.0,0.0009977715165918083,0.9985180321049612
82,Host,Dataset,Iterator::Model::ParallelMapV2::Zip[0]::FlatMap[1]::TensorSlice,2,6.454,3.227,6.454,3.227,0.0,0.0,0.0007933494355160195,0.9993113815404772
83,Host,Dataset,Iterator::Model::ParallelMapV2::Zip[1]::ForeverRepeat::FromTensor,4,4.862,1.2155,4.862,1.2155,0.0,0.0,0.0005976549357729914,0.9999090364762502
84,Host,Identity,Identity,1,0.74,0.74,0.74,0.74,0.0,0.0,9.096352374989997e-05,1.0
