Rank,Host/device,Type,Operation,#Occurrences,Total time (us),Avg. time (us),Total self-time (us),Avg. self-time (us),Total self-time on Device (%),Cumulative total-self time on Device (%),Total self-time on Host (%),Cumulative total-self time on Host (%)
1,Device,IDLE,IDLE,0,2662.375,0.0,2662.375,0.0,0.3646657436708861,0.3646657436708861,0.0,0.0
2,Device,Conv2DBackpropFilter,gradient_tape/sequential/conv2d_1/Conv2DBackpropFilter,4,541.723,135.43075,541.723,135.43075,0.07419984812756408,0.4388655917984502,0.0,0.0
3,Device,Conv2DBackpropInput,gradient_tape/sequential/conv2d_1/Conv2DBackpropInput,4,443.389,110.84725,443.389,110.84725,0.06073103128616011,0.4995966230846103,0.0,0.0
4,Device,Conv2D,sequential/conv2d_1/Conv2D,4,433.948,108.487,433.948,108.487,0.059437896665380976,0.5590345197499913,0.0,0.0
5,Device,ResourceApplyAdadelta,Adadelta/Adadelta/update_4/ResourceApplyAdadelta,2,418.812,209.406,418.812,209.406,0.05736471738139486,0.6163992371313861,0.0,0.0
6,Device,Conv2DBackpropFilter,gradient_tape/sequential/conv2d/Conv2DBackpropFilter,2,321.949,160.9745,321.949,160.9745,0.044097383542550585,0.6604966206739367,0.0,0.0
7,Device,ReluGrad,gradient_tape/sequential/conv2d/ReluGrad,2,237.758,118.879,237.758,118.879,0.03256573468564817,0.6930623553595848,0.0,0.0
8,Device,MaxPoolGrad,gradient_tape/sequential/max_pooling2d/MaxPool/MaxPoolGrad,2,199.934,99.967,199.934,99.967,0.027384977997124724,0.7204473333567095,0.0,0.0
9,Device,BiasAdd,sequential/conv2d/BiasAdd,2,185.982,92.991,185.982,92.991,0.0254739712998352,0.7459213046565447,0.0,0.0
10,Device,Relu,sequential/conv2d/Relu,2,166.334,83.167,166.334,83.167,0.02278278296924857,0.7687040876257933,0.0,0.0
11,Device,MaxPoolGrad,gradient_tape/sequential/max_pooling2d_1/MaxPool/MaxPoolGrad,2,143.359,71.6795,143.359,71.6795,0.01963589514884814,0.7883399827746415,0.0,0.0
12,Device,MatMul,gradient_tape/sequential/dense/MatMul,2,134.527,67.2635,134.527,67.2635,0.01842617531294926,0.8067661580875907,0.0,0.0
13,Device,Conv2D,sequential/conv2d/Conv2D,2,133.215,66.6075,133.215,66.6075,0.018246470554717908,0.8250126286423086,0.0,0.0
14,Device,_Send,IteratorGetNext/_1,2,132.256,66.128,132.256,66.128,0.01811511623829728,0.8431277448806059,0.0,0.0
15,Device,MatMul,sequential/dense/MatMul,2,117.663,58.8315,117.663,58.8315,0.016116311713243802,0.8592440565938497,0.0,0.0
16,Device,MatMul,gradient_tape/sequential/dense/MatMul_1,2,114.527,57.2635,114.527,57.2635,0.01568677351064203,0.8749308301044918,0.0,0.0
17,Device,MaxPool,sequential/max_pooling2d/MaxPool,2,113.407,56.7035,113.407,56.7035,0.015533367009712824,0.8904641971142047,0.0,0.0
18,Device,SoftmaxCrossEntropyWithLogits,categorical_crossentropy/softmax_cross_entropy_with_logits,2,95.36,47.68,95.36,47.68,0.013061467793400892,0.9035256649076056,0.0,0.0
19,Device,BiasAddGrad,gradient_tape/sequential/conv2d/BiasAdd/BiasAddGrad,2,90.111,45.0555,90.111,45.0555,0.012342511790385358,0.9158681766979909,0.0,0.0
20,Device,BiasAddGrad,gradient_tape/sequential/conv2d_1/BiasAdd/BiasAddGrad,2,33.759,16.8795,33.759,16.8795,0.004623973272204496,0.9204921499701955,0.0,0.0
21,Device,ResourceApplyAdadelta,Adadelta/Adadelta/update_2/ResourceApplyAdadelta,2,32.576,16.288,32.576,16.288,0.004461937655598023,0.9249540876257935,0.0,0.0
22,Device,ResourceApplyAdadelta,Adadelta/Adadelta/update_6/ResourceApplyAdadelta,2,27.584,13.792,27.584,13.792,0.003778182965742137,0.9287322705915356,0.0,0.0
23,Device,BiasAdd,sequential/conv2d_1/BiasAdd,2,26.367,13.1835,26.367,13.1835,0.003611490366071742,0.9323437609576074,0.0,0.0
24,Device,ReluGrad,gradient_tape/sequential/conv2d_1/ReluGrad,2,26.016,13.008,26.016,13.008,0.0035634138644412496,0.9359071748220487,0.0,0.0
25,Device,ResourceApplyAdadelta,Adadelta/Adadelta/update_7/ResourceApplyAdadelta,2,23.488,11.744,23.488,11.744,0.0032171534766296155,0.9391243282986783,0.0,0.0
26,Device,MatMul,sequential/dense_1/MatMul,2,23.04,11.52,23.04,11.52,0.0031557908762579333,0.9422801191749363,0.0,0.0
27,Device,ResourceApplyAdadelta,Adadelta/Adadelta/update_5/ResourceApplyAdadelta,2,22.368,11.184,22.368,11.184,0.0030637469757004102,0.9453438661506367,0.0,0.0
28,Device,ResourceApplyAdadelta,Adadelta/Adadelta/update/ResourceApplyAdadelta,2,21.152,10.576,21.152,10.576,0.0028971913461201307,0.9482410574967568,0.0,0.0
29,Device,ResourceApplyAdadelta,Adadelta/Adadelta/update_3/ResourceApplyAdadelta,2,20.512,10.256,20.512,10.256,0.0028095304884462992,0.9510505879852031,0.0,0.0
30,Device,ResourceApplyAdadelta,Adadelta/Adadelta/update_1/ResourceApplyAdadelta,2,20.224,10.112,20.224,10.112,0.002770083102493075,0.9538206710876962,0.0,0.0
31,Device,Softmax,sequential/dense_1/Softmax,2,17.44,8.72,17.44,8.72,0.0023887583716119083,0.9562094294593081,0.0,0.0
32,Device,MatMul,gradient_tape/sequential/dense_1/MatMul_1,2,16.416,8.208,16.416,8.208,0.0022485009993337777,0.9584579304586419,0.0,0.0
33,Device,MaxPool,sequential/max_pooling2d_1/MaxPool,2,15.136,7.568,15.136,7.568,0.0020731792839861147,0.960531109742628,0.0,0.0
34,Device,Unknown,gradient_tape/sequential/max_pooling2d_1/MaxPool/MaxPoolGrad-2-TransposeNHWCToNCHW-LayoutOptimizer:Transpose,2,14.911,7.4555,14.911,7.4555,0.0020423610137101584,0.9625734707563381,0.0,0.0
35,Device,BiasAddGrad,gradient_tape/sequential/dense_1/BiasAdd/BiasAddGrad,2,12.288,6.144,12.288,6.144,0.0016830884673375646,0.9642565592236757,0.0,0.0
36,Device,RandomUniform,sequential/dropout/dropout/random_uniform/RandomUniform,2,12.288,6.144,12.288,6.144,0.0016830884673375646,0.9659396476910133,0.0,0.0
37,Device,MatMul,gradient_tape/sequential/dense_1/MatMul,2,12.064,6.032,12.064,6.032,0.0016524071671517235,0.967592054858165,0.0,0.0
38,Device,Unknown,sequential/max_pooling2d_1/MaxPool-0-2-TransposeNCHWToNHWC-LayoutOptimizer:Transpose,2,11.424,5.712,11.424,5.712,0.001564746309477892,0.9691568011676429,0.0,0.0
39,Device,BiasAdd,sequential/dense/BiasAdd,2,11.168,5.584,11.168,5.584,0.0015296819664083593,0.9706864831340513,0.0,0.0
40,Device,Relu,sequential/conv2d_1/Relu,2,10.944,5.472,10.944,5.472,0.0014990006662225185,0.9721854838002738,0.0,0.0
41,Device,ArgMax,ArgMax,2,9.984,4.992,9.984,4.992,0.0013675093797117712,0.9735529931799856,0.0,0.0
42,Device,BiasAddGrad,gradient_tape/sequential/dense/BiasAdd/BiasAddGrad,2,8.48,4.24,8.48,4.24,0.0011615063641782673,0.9747144995441638,0.0,0.0
43,Device,GreaterEqual,sequential/dropout/dropout/GreaterEqual,2,8.191,4.0955,8.191,4.0955,0.0011219220081349277,0.9758364215522987,0.0,0.0
44,Device,ArgMax,ArgMax_1,2,8.128,4.064,8.128,4.064,0.00111329289245766,0.9769497144447563,0.0,0.0
45,Device,ReluGrad,gradient_tape/sequential/dense/ReluGrad,2,8.096,4.048,8.096,4.048,0.0011089098495739684,0.9780586242943303,0.0,0.0
46,Device,Mul,sequential/dropout/dropout/Mul,2,7.84,3.92,7.84,3.92,0.0010738455065044358,0.9791324698008348,0.0,0.0
47,Device,Cast,sequential/dropout/dropout/Cast,2,7.68,3.84,7.68,3.84,0.0010519302920859778,0.9801844000929207,0.0,0.0
48,Device,Mul,gradient_tape/sequential/dropout/dropout/Mul,2,7.456,3.728,7.456,3.728,0.0010212489919001369,0.9812056490848209,0.0,0.0
49,Device,Mul,sequential/dropout/dropout/Mul_1,2,6.752,3.376,6.752,3.376,0.0009248220484589222,0.9821304711332798,0.0,0.0
50,Device,Sum,Sum_2,2,6.688,3.344,6.688,3.344,0.0009160559626915389,0.9830465270959713,0.0,0.0
51,Device,DivNoNan,gradient_tape/categorical_crossentropy/weighted_loss/value/div_no_nan,2,6.496,3.248,6.496,3.248,0.0008897577053893896,0.9839362848013606,0.0,0.0
52,Device,BiasAdd,sequential/dense_1/BiasAdd,2,6.272,3.136,6.272,3.136,0.0008590764052035486,0.9847953612065642,0.0,0.0
53,Device,AssignAddVariableOp,AssignAddVariableOp_4,2,5.791,2.8955,5.791,2.8955,0.0007931937918580597,0.9855885549984222,0.0,0.0
54,Device,Mul,gradient_tape/sequential/dropout/dropout/Mul_1,2,5.76,2.88,5.76,2.88,0.0007889477190644833,0.9863775027174867,0.0,0.0
55,Device,Mul,gradient_tape/categorical_crossentropy/softmax_cross_entropy_with_logits/mul,2,5.696,2.848,5.696,2.848,0.0007801816332971002,0.9871576843507838,0.0,0.0
56,Device,Relu,sequential/dense/Relu,2,5.696,2.848,5.696,2.848,0.0007801816332971002,0.9879378659840808,0.0,0.0
57,Device,DivNoNan,categorical_crossentropy/weighted_loss/value,2,5.6,2.8,5.6,2.8,0.0007670325046460254,0.9887048984887269,0.0,0.0
58,Device,DivNoNan,div_no_nan_1,2,5.376,2.688,5.376,2.688,0.0007363512044601846,0.989441249693187,0.0,0.0
59,Device,AssignAddVariableOp,AssignAddVariableOp_2,2,5.28,2.64,5.28,2.64,0.0007232020758091098,0.9901644517689961,0.0,0.0
60,Device,AssignAddVariableOp,AssignAddVariableOp,2,4.992,2.496,4.992,2.496,0.0006837546898558856,0.9908482064588521,0.0,0.0
61,Device,Tile,gradient_tape/categorical_crossentropy/weighted_loss/Tile_1,2,4.896,2.448,4.896,2.448,0.0006706055612048108,0.9915188120200569,0.0,0.0
62,Device,AssignAddVariableOp,AssignAddVariableOp_1,2,4.832,2.416,4.832,2.416,0.0006618394754374277,0.9921806514954943,0.0,0.0
63,Device,DivNoNan,div_no_nan,2,4.736,2.368,4.736,2.368,0.0006486903467863529,0.9928293418422807,0.0,0.0
64,Device,Cast,Cast_2,2,4.672,2.336,4.672,2.336,0.0006399242610189698,0.9934692661032997,0.0,0.0
65,Device,Mul,Mul,2,4.64,2.32,4.64,2.32,0.0006355412181352783,0.9941048073214349,0.0,0.0
66,Device,Cast,categorical_crossentropy/weighted_loss/num_elements/Cast,2,4.48,2.24,4.48,2.24,0.0006136260037168205,0.9947184333251518,0.0,0.0
67,Device,Cast,Cast,2,4.448,2.224,4.448,2.224,0.0006092429608331288,0.9953276762859848,0.0,0.0
68,Device,Equal,Equal,2,4.416,2.208,4.416,2.208,0.0006048599179494373,0.9959325362039343,0.0,0.0
69,Device,AssignAddVariableOp,Adadelta/Adadelta/AssignAddVariableOp,2,4.096,2.048,4.096,2.048,0.0005610294891125215,0.9964935656930468,0.0,0.0
70,Device,AssignAddVariableOp,AssignAddVariableOp_3,2,4.096,2.048,4.096,2.048,0.0005610294891125215,0.9970545951821593,0.0,0.0
71,Device,Cast,Cast_1,2,4.096,2.048,4.096,2.048,0.0005610294891125215,0.9976156246712719,0.0,0.0
72,Device,Sum,categorical_crossentropy/weighted_loss/Sum,2,4.096,2.048,4.096,2.048,0.0005610294891125215,0.9981766541603844,0.0,0.0
73,Device,LogicalAnd,LogicalAnd,1,3.168,3.168,3.168,3.168,0.00043392124548546587,0.9986105754058698,0.0,0.0
74,Device,_Recv,Size/_16,2,2.816,1.408,2.816,1.408,0.0003857077737648585,0.9989962831796347,0.0,0.0
75,Device,_Recv,categorical_crossentropy/weighted_loss/num_elements/_14,2,2.592,1.296,2.592,1.296,0.0003550264735790175,0.9993513096532137,0.0,0.0
76,Device,_Recv,strided_slice/_12,2,2.496,1.248,2.496,1.248,0.0003418773449279428,0.9996931869981417,0.0,0.0
77,Device,_Send,IteratorGetNext/_3,2,2.24,1.12,2.24,1.12,0.00030681300185841025,1.0,0.0,0.0
78,Host,IDLE,IDLE,0,26484.904,0.0,26484.904,0.0,0.0,0.0,0.9170492133638636,0.9170492133638636
79,Host,_Send,IteratorGetNext/_1,2,1041.188,520.594,1041.188,520.594,0.0,0.0,0.03605150452362956,0.9531007178874932
80,Host,_Send,IteratorGetNext/_3,2,901.351,450.6755,901.351,450.6755,0.0,0.0,0.031209598702518684,0.9843103165900119
81,Host,GatherV2,GatherV2,2,134.607,67.3035,134.607,67.3035,0.0,0.0,0.004660815212442136,0.988971131802454
82,Host,_Send,IteratorGetNext/_6,2,67.147,33.5735,67.147,33.5735,0.0,0.0,0.002324988738103161,0.9912961205405572
83,Host,LogicalAnd,LogicalAnd,1,44.941,44.941,44.941,44.941,0.0,0.0,0.0015560980964018372,0.992852218636959
84,Host,GatherV2,GatherV2_1,2,32.081,16.0405,32.081,16.0405,0.0,0.0,0.0011108160261379884,0.993963034663097
85,Host,FlushSummaryWriter,FlushSummaryWriter,1,31.698,31.698,31.698,31.698,0.0,0.0,0.0010975545150251535,0.9950605891781221
86,Host,WriteSummary,WriteSummary,1,20.718,20.718,20.718,20.718,0.0,0.0,0.0007173681128869687,0.995777957291009
87,Host,Dataset,Iterator::Model::ParallelMapV2::Zip[1]::ForeverRepeat,2,25.068,12.534,20.438,10.219,0.0,0.0,0.000707673013378891,0.996485630304388
88,Host,Dataset,Iterator::Model,2,31.628,15.814,19.803,9.9015,0.0,0.0,0.0006856859127087866,0.9971713162170968
89,Host,_HostSend,categorical_crossentropy/softmax_cross_entropy_with_logits/Shape_2/_9,2,19.108,9.554,19.108,9.554,0.0,0.0,0.0006616212907155227,0.9978329375078123
90,Host,Dataset,Iterator::Model::ParallelMapV2::Zip[0]::FlatMap[1]::Concatenate,2,25.263,12.6315,16.4,8.2,0.0,0.0,0.0005678558283302579,0.9984007933361426
91,Host,IteratorGetNext,IteratorGetNext,2,11.994,5.997,11.994,5.997,0.0,0.0,0.00041529651249958016,0.9988160898486422
92,Host,Dataset,Iterator::Model::ParallelMapV2,2,11.825,5.9125,11.825,5.9125,0.0,0.0,0.00040944482743934764,0.9992255346760816
93,Host,Dataset,Iterator::Model::ParallelMapV2::Zip[0]::FlatMap[1]::Concatenate[0]::TensorSlice,2,8.863,4.4315,8.863,4.4315,0.0,0.0,0.0003068845247860413,0.9995324192008676
94,Host,Dataset,Iterator::Model::ParallelMapV2::Zip,2,58.393,29.1965,6.057,3.0285,0.0,0.0,0.00020972577757294957,0.9997421449784405
95,Host,Dataset,Iterator::Model::ParallelMapV2::Zip[1]::ForeverRepeat::FromTensor,4,4.63,1.1575,4.63,1.1575,0.0,0.0,0.00016031539543713991,0.9999024603738776
96,Host,Dataset,Iterator::Model::ParallelMapV2::Zip[0]::FlatMap,2,27.268,13.634,2.005,1.0025,0.0,0.0,6.942383754891265e-05,0.9999718842114266
97,Host,Identity,Identity,1,0.812,0.812,0.812,0.812,0.0,0.0,2.811578857342497e-05,1.0
