Rank,Host/device,Type,Operation,#Occurrences,Total time (us),Avg. time (us),Total self-time (us),Avg. self-time (us),Total self-time on Device (%),Cumulative total-self time on Device (%),Total self-time on Host (%),Cumulative total-self time on Host (%)
1,Device,IDLE,IDLE,0,2819.814,0.0,2819.814,0.0,0.26063979644352947,0.26063979644352947,0.0,0.0
2,Device,Conv2DBackpropFilter,gradient_tape/sequential/conv2d_1/Conv2DBackpropFilter,4,1039.768,259.942,1039.768,259.942,0.09610737441139584,0.3567471708549253,0.0,0.0
3,Device,Conv2DBackpropInput,gradient_tape/sequential/conv2d_1/Conv2DBackpropInput,4,786.202,196.5505,786.202,196.5505,0.07266987441139584,0.42941704526632113,0.0,0.0
4,Device,Conv2D,sequential/conv2d_1/Conv2D,4,751.194,187.7985,751.194,187.7985,0.06943403048910342,0.49885107575542453,0.0,0.0
5,Device,Conv2DBackpropFilter,gradient_tape/sequential/conv2d/Conv2DBackpropFilter,2,529.948,264.974,529.948,264.974,0.04898391838811197,0.5478349941435365,0.0,0.0
6,Device,ReluGrad,gradient_tape/sequential/conv2d/ReluGrad,2,483.228,241.614,483.228,241.614,0.04466551607865408,0.5925005102221906,0.0,0.0
7,Device,ResourceApplyAdadelta,Adadelta/Adadelta/update_4/ResourceApplyAdadelta,2,417.021,208.5105,417.021,208.5105,0.038545900031944344,0.631046410254135,0.0,0.0
8,Device,MaxPoolGrad,gradient_tape/sequential/max_pooling2d/MaxPool/MaxPoolGrad,2,392.189,196.0945,392.189,196.0945,0.036250639626369464,0.6672970498805044,0.0,0.0
9,Device,BiasAdd,sequential/conv2d/BiasAdd,2,368.446,184.223,368.446,184.223,0.034056037185584816,0.7013530870660892,0.0,0.0
10,Device,Relu,sequential/conv2d/Relu,2,327.9,163.95,327.9,163.95,0.03030830730460708,0.7316613943706963,0.0,0.0
11,Device,MaxPoolGrad,gradient_tape/sequential/max_pooling2d_1/MaxPool/MaxPoolGrad,2,315.197,157.5985,315.197,157.5985,0.029134149245166937,0.7607955436158632,0.0,0.0
12,Device,_Send,IteratorGetNext/_1,2,261.182,130.591,261.182,130.591,0.024141458732637656,0.7849370023485008,0.0,0.0
13,Device,Conv2D,sequential/conv2d/Conv2D,2,260.157,130.0785,260.157,130.0785,0.02404671638744942,0.8089837187359502,0.0,0.0
14,Device,MatMul,gradient_tape/sequential/dense/MatMul,2,231.39,115.695,231.39,115.695,0.021387737807907998,0.8303714565438582,0.0,0.0
15,Device,MatMul,gradient_tape/sequential/dense/MatMul_1,2,228.062,114.031,228.062,114.031,0.02108012558860415,0.8514515821324624,0.0,0.0
16,Device,MaxPool,sequential/max_pooling2d/MaxPool,2,215.518,107.759,215.518,107.759,0.019920664146612716,0.8713722462790752,0.0,0.0
17,Device,MatMul,sequential/dense/MatMul,2,209.15,104.575,209.15,104.575,0.019332059996214002,0.8907043062752892,0.0,0.0
18,Device,BiasAddGrad,gradient_tape/sequential/conv2d/BiasAdd/BiasAddGrad,2,161.79,80.895,161.79,80.895,0.014954501490736138,0.9056588077660254,0.0,0.0
19,Device,SoftmaxCrossEntropyWithLogits,categorical_crossentropy/softmax_cross_entropy_with_logits,2,101.28,50.64,101.28,50.64,0.009361468020160432,0.9150202757861858,0.0,0.0
20,Device,ReluGrad,gradient_tape/sequential/conv2d_1/ReluGrad,2,86.079,43.0395,86.079,43.0395,0.007956415933129835,0.9229766917193156,0.0,0.0
21,Device,BiasAdd,sequential/conv2d_1/BiasAdd,2,73.726,36.863,73.726,36.863,0.006814608918388112,0.9297913006377038,0.0,0.0
22,Device,BiasAddGrad,gradient_tape/sequential/conv2d_1/BiasAdd/BiasAddGrad,2,64.575,32.2875,64.575,32.2875,0.0059687677468588055,0.9357600683845626,0.0,0.0
23,Device,Relu,sequential/conv2d_1/Relu,2,53.056,26.528,53.056,26.528,0.004904048650055606,0.9406641170346182,0.0,0.0
24,Device,ResourceApplyAdadelta,Adadelta/Adadelta/update_2/ResourceApplyAdadelta,2,34.943,17.4715,34.943,17.4715,0.003229835871134142,0.9438939529057523,0.0,0.0
25,Device,MaxPool,sequential/max_pooling2d_1/MaxPool,2,32.896,16.448,32.896,16.448,0.003040628475426516,0.9469345813811788,0.0,0.0
26,Device,MatMul,sequential/dense_1/MatMul,2,30.623,15.3115,30.623,15.3115,0.002830531547999337,0.9497651129291781,0.0,0.0
27,Device,ResourceApplyAdadelta,Adadelta/Adadelta/update_6/ResourceApplyAdadelta,2,30.559,15.2795,30.559,15.2795,0.0028246159283973403,0.9525897288575754,0.0,0.0
28,Device,ResourceApplyAdadelta,Adadelta/Adadelta/update_7/ResourceApplyAdadelta,2,26.592,13.296,26.592,13.296,0.0024579399446298003,0.9550476688022053,0.0,0.0
29,Device,MatMul,gradient_tape/sequential/dense_1/MatMul_1,2,25.184,12.592,25.184,12.592,0.002327796313385864,0.9573754651155911,0.0,0.0
30,Device,Unknown,gradient_tape/sequential/max_pooling2d_1/MaxPool/MaxPoolGrad-2-TransposeNHWCToNCHW-LayoutOptimizer:Transpose,2,24.608,12.304,24.608,12.304,0.00227455573696789,0.959650020852559,0.0,0.0
31,Device,ResourceApplyAdadelta,Adadelta/Adadelta/update_5/ResourceApplyAdadelta,2,24.479,12.2395,24.479,12.2395,0.0022626320662076146,0.9619126529187666,0.0,0.0
32,Device,ResourceApplyAdadelta,Adadelta/Adadelta/update/ResourceApplyAdadelta,2,21.568,10.784,21.568,10.784,0.001993563805873027,0.9639062167246396,0.0,0.0
33,Device,ResourceApplyAdadelta,Adadelta/Adadelta/update_1/ResourceApplyAdadelta,2,21.408,10.704,21.408,10.704,0.0019787747568680344,0.9658849914815076,0.0,0.0
34,Device,ResourceApplyAdadelta,Adadelta/Adadelta/update_3/ResourceApplyAdadelta,2,19.519,9.7595,19.519,9.7595,0.001804171547052838,0.9676891630285605,0.0,0.0
35,Device,MatMul,gradient_tape/sequential/dense_1/MatMul,2,18.976,9.488,18.976,9.488,0.0017539812119921438,0.9694431442405526,0.0,0.0
36,Device,Softmax,sequential/dense_1/Softmax,2,18.592,9.296,18.592,9.296,0.0017184874943801613,0.9711616317349328,0.0,0.0
37,Device,Mul,gradient_tape/sequential/dropout/dropout/Mul,2,17.728,8.864,17.728,8.864,0.0016386266297532003,0.972800258364686,0.0,0.0
38,Device,Unknown,sequential/max_pooling2d_1/MaxPool-0-2-TransposeNCHWToNHWC-LayoutOptimizer:Transpose,2,16.96,8.48,16.96,8.48,0.001567639194529235,0.9743678975592152,0.0,0.0
39,Device,ReluGrad,gradient_tape/sequential/dense/ReluGrad,2,16.319,8.1595,16.319,8.1595,0.0015083905669529825,0.9758762881261681,0.0,0.0
40,Device,Mul,gradient_tape/sequential/dropout/dropout/Mul_1,2,16.032,8.016,16.032,8.016,0.0014818627103002767,0.9773581508364684,0.0,0.0
41,Device,BiasAddGrad,gradient_tape/sequential/dense_1/BiasAdd/BiasAddGrad,2,14.943,7.4715,14.943,7.4715,0.0013812047455100446,0.9787393555819784,0.0,0.0
42,Device,RandomUniform,sequential/dropout/dropout/random_uniform/RandomUniform,2,14.4,7.2,14.4,7.2,0.0013310144104493504,0.9800703699924278,0.0,0.0
43,Device,BiasAdd,sequential/dense/BiasAdd,2,13.344,6.672,13.344,6.672,0.001233406687016398,0.9813037766794442,0.0,0.0
44,Device,BiasAddGrad,gradient_tape/sequential/dense/BiasAdd/BiasAddGrad,2,13.119,6.5595,13.119,6.5595,0.001212609586853127,0.9825163862662973,0.0,0.0
45,Device,Cast,sequential/dropout/dropout/Cast,2,11.168,5.584,11.168,5.584,0.001032275620548496,0.9835486618868459,0.0,0.0
46,Device,Mul,sequential/dropout/dropout/Mul,2,10.4,5.2,10.4,5.2,0.0009612881853245308,0.9845099500721703,0.0,0.0
47,Device,Mul,sequential/dropout/dropout/Mul_1,2,10.24,5.12,10.24,5.12,0.0009464991363195381,0.9854564492084898,0.0,0.0
48,Device,Relu,sequential/dense/Relu,2,9.728,4.864,9.728,4.864,0.0008991741795035611,0.9863556233879934,0.0,0.0
49,Device,GreaterEqual,sequential/dropout/dropout/GreaterEqual,2,9.728,4.864,9.728,4.864,0.0008991741795035611,0.987254797567497,0.0,0.0
50,Device,ArgMax,ArgMax_1,2,8.096,4.048,8.096,4.048,0.0007483258796526348,0.9880031234471497,0.0,0.0
51,Device,ArgMax,ArgMax,2,7.136,3.568,7.136,3.568,0.0006595915856226781,0.9886627150327724,0.0,0.0
52,Device,AssignAddVariableOp,AssignAddVariableOp_3,2,6.656,3.328,6.656,3.328,0.0006152244386076997,0.9892779394713801,0.0,0.0
53,Device,Sum,categorical_crossentropy/weighted_loss/Sum,2,6.656,3.328,6.656,3.328,0.0006152244386076997,0.9898931639099878,0.0,0.0
54,Device,DivNoNan,div_no_nan,2,6.464,3.232,6.464,3.232,0.0005974775798017084,0.9904906414897895,0.0,0.0
55,Device,Equal,Equal,2,6.4,3.2,6.4,3.2,0.0005915619601997113,0.9910822034499892,0.0,0.0
56,Device,Tile,gradient_tape/categorical_crossentropy/weighted_loss/Tile_1,2,5.92,2.96,5.92,2.96,0.000547194813184733,0.991629398263174,0.0,0.0
57,Device,AssignAddVariableOp,AssignAddVariableOp_2,2,5.664,2.832,5.664,2.832,0.0005235323347767445,0.9921529305979507,0.0,0.0
58,Device,Mul,Mul,2,5.568,2.784,5.568,2.784,0.0005146589053737488,0.9926675895033245,0.0,0.0
59,Device,Mul,gradient_tape/categorical_crossentropy/softmax_cross_entropy_with_logits/mul,2,5.44,2.72,5.44,2.72,0.0005028276661697546,0.9931704171694942,0.0,0.0
60,Device,AssignAddVariableOp,Adadelta/Adadelta/AssignAddVariableOp,2,5.184,2.592,5.184,2.592,0.00047916518776176613,0.993649582357256,0.0,0.0
61,Device,Sum,Sum_2,2,5.184,2.592,5.184,2.592,0.00047916518776176613,0.9941287475450178,0.0,0.0
62,Device,Cast,Cast_1,2,4.992,2.496,4.992,2.496,0.0004614183289557748,0.9945901658739735,0.0,0.0
63,Device,BiasAdd,sequential/dense_1/BiasAdd,2,4.864,2.432,4.864,2.432,0.00044958708975178054,0.9950397529637253,0.0,0.0
64,Device,AssignAddVariableOp,AssignAddVariableOp_4,2,4.768,2.384,4.768,2.384,0.0004407136603487849,0.9954804666240741,0.0,0.0
65,Device,Cast,Cast,2,4.704,2.352,4.704,2.352,0.00043479804074678775,0.9959152646648208,0.0,0.0
66,Device,Cast,Cast_2,2,4.672,2.336,4.672,2.336,0.0004318402309457892,0.9963471048957666,0.0,0.0
67,Device,DivNoNan,categorical_crossentropy/weighted_loss/value,2,4.64,2.32,4.64,2.32,0.00042888242114479065,0.9967759873169114,0.0,0.0
68,Device,Cast,categorical_crossentropy/weighted_loss/num_elements/Cast,2,4.608,2.304,4.608,2.304,0.0004259246113437921,0.9972019119282552,0.0,0.0
69,Device,DivNoNan,gradient_tape/categorical_crossentropy/weighted_loss/value/div_no_nan,2,4.384,2.192,4.384,2.192,0.00040521994273680226,0.997607131870992,0.0,0.0
70,Device,DivNoNan,div_no_nan_1,2,4.288,2.144,4.288,2.144,0.00039634651333380656,0.9980034783843258,0.0,0.0
71,Device,AssignAddVariableOp,AssignAddVariableOp,2,4.256,2.128,4.256,2.128,0.000393388703532808,0.9983968670878586,0.0,0.0
72,Device,AssignAddVariableOp,AssignAddVariableOp_1,2,4.096,2.048,4.096,2.048,0.0003785996545278152,0.9987754667423864,0.0,0.0
73,Device,_Recv,strided_slice/_12,2,3.104,1.552,3.104,1.552,0.00028690755069686,0.9990623742930832,0.0,0.0
74,Device,_Recv,categorical_crossentropy/weighted_loss/num_elements/_14,2,2.848,1.424,2.848,1.424,0.0002632450722888715,0.9993256193653721,0.0,0.0
75,Device,_Send,IteratorGetNext/_3,2,2.656,1.328,2.656,1.328,0.0002454982134828802,0.999571117578855,0.0,0.0
76,Device,_Recv,Size/_16,2,2.528,1.264,2.528,1.264,0.00023366697427888597,0.9998047845531338,0.0,0.0
77,Device,LogicalAnd,LogicalAnd,1,2.112,2.112,2.112,2.112,0.00019521544686590473,0.9999999999999998,0.0,0.0
78,Host,IDLE,IDLE,0,44412.295,0.0,44412.295,0.0,0.0,0.0,0.942201082688182,0.942201082688182
79,Host,_Send,IteratorGetNext/_3,2,1125.163,562.5815,1125.163,562.5815,0.0,0.0,0.023870187226322868,0.9660712699145049
80,Host,_Send,IteratorGetNext/_1,2,1065.216,532.608,1065.216,532.608,0.0,0.0,0.022598419390323657,0.9886696893048286
81,Host,GatherV2,GatherV2,2,175.191,87.5955,175.191,87.5955,0.0,0.0,0.003716654360627509,0.9923863436654561
82,Host,_Send,IteratorGetNext/_6,2,84.216,42.108,84.216,42.108,0.0,0.0,0.0017866315257896025,0.9941729751912457
83,Host,LogicalAnd,LogicalAnd,1,43.955,43.955,43.955,43.955,0.0,0.0,0.0009324996285276192,0.9951054748197733
84,Host,GatherV2,GatherV2_1,2,43.876,21.938,43.876,21.938,0.0,0.0,0.0009308236537658473,0.9960362984735391
85,Host,FlushSummaryWriter,FlushSummaryWriter,1,32.512,32.512,32.512,32.512,0.0,0.0,0.0006897378665155263,0.9967260363400546
86,Host,Dataset,Iterator::Model,2,43.91,21.955,23.916,11.958,0.0,0.0,0.0005073748405384266,0.997233411180593
87,Host,WriteSummary,WriteSummary,1,20.415,20.415,20.415,20.415,0.0,0.0,0.00043310157926041055,0.9976665127598535
88,Host,Dataset,Iterator::Model::ParallelMapV2,2,19.994,9.997,19.994,9.997,0.0,0.0,0.00042417011882109475,0.9980906828786746
89,Host,_HostSend,categorical_crossentropy/softmax_cross_entropy_with_logits/Shape_2/_9,2,19.96,9.98,19.96,9.98,0.0,0.0,0.0004234488132274208,0.9985141316919021
90,Host,Dataset,Iterator::Model::ParallelMapV2::Zip[1]::ForeverRepeat,2,23.209,11.6045,19.836,9.918,0.0,0.0,0.000420818169297551,0.9989349498611996
91,Host,Dataset,Iterator::Model::ParallelMapV2::Zip[0]::FlatMap[1]::Concatenate,2,24.477,12.2385,16.586,8.293,0.0,0.0,0.00035186984049048097,0.9992868197016901
92,Host,IteratorGetNext,IteratorGetNext,2,13.08,6.54,13.08,6.54,0.0,0.0,0.0002774905048604541,0.9995643102065506
93,Host,Dataset,Iterator::Model::ParallelMapV2::Zip[0]::FlatMap[1]::Concatenate[0]::TensorSlice,2,7.891,3.9455,7.891,3.9455,0.0,0.0,0.00016740654234356602,0.9997317167488942
94,Host,Dataset,Iterator::Model::ParallelMapV2::Zip,2,56.147,28.0735,6.048,3.024,0.0,0.0,0.00012830753619235677,0.9998600242850865
95,Host,Dataset,Iterator::Model::ParallelMapV2::Zip[1]::ForeverRepeat::FromTensor,4,3.373,0.84325,3.373,0.84325,0.0,0.0,7.15577578665376e-05,0.999931582042953
96,Host,Dataset,Iterator::Model::ParallelMapV2::Zip[0]::FlatMap,2,26.89,13.445,2.413,1.2065,0.0,0.0,5.119148228044921e-05,0.9999827735252335
97,Host,Identity,Identity,1,0.812,0.812,0.812,0.812,0.0,0.0,1.7226474766566417e-05,1.0
