Rank,Host/device,Type,Operation,#Occurrences,Total time (us),Avg. time (us),Total self-time (us),Avg. self-time (us),Total self-time on Device (%),Cumulative total-self time on Device (%),Total self-time on Host (%),Cumulative total-self time on Host (%)
1,Device,IDLE,IDLE,0,6094.017,0.0,6094.017,0.0,0.7767272318482258,0.7767272318482258,0.0,0.0
2,Device,ResourceApplyAdadelta,Adadelta/Adadelta/update_4/ResourceApplyAdadelta,2,146.433,73.2165,146.433,73.2165,0.018663961511960214,0.795391193360186,0.0,0.0
3,Device,Conv2DBackpropInput,gradient_tape/sequential/conv2d_1/Conv2DBackpropInput,4,135.168,33.792,135.168,33.792,0.017228154511951803,0.8126193478721379,0.0,0.0
4,Device,Conv2D,sequential/conv2d_1/Conv2D,2,133.12,66.56,133.12,66.56,0.016967121867831322,0.8295864697399692,0.0,0.0
5,Device,Conv2DBackpropFilter,gradient_tape/sequential/conv2d_1/Conv2DBackpropFilter,2,128.0,64.0,128.0,64.0,0.016314540257530118,0.8459010099974993,0.0,0.0
6,Device,SoftmaxCrossEntropyWithLogits,categorical_crossentropy/softmax_cross_entropy_with_logits,2,125.952,62.976,125.952,62.976,0.016053507613409634,0.8619545176109089,0.0,0.0
7,Device,Conv2DBackpropFilter,gradient_tape/sequential/conv2d/Conv2DBackpropFilter,2,100.352,50.176,100.352,50.176,0.012790599561903612,0.8747451171728126,0.0,0.0
8,Device,MatMul,sequential/dense/MatMul,2,60.416,30.208,60.416,30.208,0.0077004630015542145,0.8824455801743668,0.0,0.0
9,Device,Conv2D,sequential/conv2d/Conv2D,2,51.2,25.6,51.2,25.6,0.006525816103012047,0.8889713962773789,0.0,0.0
10,Device,MatMul,gradient_tape/sequential/dense/MatMul,2,49.152,24.576,49.152,24.576,0.006264783458891565,0.8952361797362705,0.0,0.0
11,Device,MatMul,sequential/dense_1/MatMul,2,36.864,18.432,36.864,18.432,0.004698587594168673,0.8999347673304391,0.0,0.0
12,Device,ResourceApplyAdadelta,Adadelta/Adadelta/update_2/ResourceApplyAdadelta,2,33.792,16.896,33.792,16.896,0.004307038627987951,0.9042418059584271,0.0,0.0
13,Device,ResourceApplyAdadelta,Adadelta/Adadelta/update_6/ResourceApplyAdadelta,2,33.792,16.896,33.792,16.896,0.004307038627987951,0.908548844586415,0.0,0.0
14,Device,ResourceApplyAdadelta,Adadelta/Adadelta/update/ResourceApplyAdadelta,2,29.696,14.848,29.696,14.848,0.003784973339746987,0.9123338179261621,0.0,0.0
15,Device,MatMul,gradient_tape/sequential/dense/MatMul_1,2,28.672,14.336,28.672,14.336,0.0036544570176867464,0.9159882749438488,0.0,0.0
16,Device,Softmax,sequential/dense_1/Softmax,2,28.672,14.336,28.672,14.336,0.0036544570176867464,0.9196427319615356,0.0,0.0
17,Device,ResourceApplyAdadelta,Adadelta/Adadelta/update_5/ResourceApplyAdadelta,2,27.648,13.824,27.648,13.824,0.0035239406956265053,0.9231666726571621,0.0,0.0
18,Device,ResourceApplyAdadelta,Adadelta/Adadelta/update_7/ResourceApplyAdadelta,2,27.648,13.824,27.648,13.824,0.0035239406956265053,0.9266906133527887,0.0,0.0
19,Device,MaxPoolGrad,gradient_tape/sequential/max_pooling2d/MaxPool/MaxPoolGrad,2,27.648,13.824,27.648,13.824,0.0035239406956265053,0.9302145540484152,0.0,0.0
20,Device,ResourceApplyAdadelta,Adadelta/Adadelta/update_1/ResourceApplyAdadelta,2,25.568,12.784,25.568,12.784,0.003258829416441641,0.9334733834648569,0.0,0.0
21,Device,MatMul,gradient_tape/sequential/dense_1/MatMul_1,2,24.576,12.288,24.576,12.288,0.0031323917294457824,0.9366057751943027,0.0,0.0
22,Device,ResourceApplyAdadelta,Adadelta/Adadelta/update_3/ResourceApplyAdadelta,2,23.552,11.776,23.552,11.776,0.0030018754073855413,0.9396076506016882,0.0,0.0
23,Device,_Send,IteratorGetNext/_1,2,23.264,11.632,23.264,11.632,0.002965167691806099,0.9425728182934943,0.0,0.0
24,Device,BiasAddGrad,gradient_tape/sequential/conv2d/BiasAdd/BiasAddGrad,2,22.528,11.264,22.528,11.264,0.0028713590853253,0.9454441773788196,0.0,0.0
25,Device,MaxPoolGrad,gradient_tape/sequential/max_pooling2d_1/MaxPool/MaxPoolGrad,2,20.48,10.24,20.48,10.24,0.002610326441204819,0.9480545038200244,0.0,0.0
26,Device,MatMul,gradient_tape/sequential/dense_1/MatMul,2,18.432,9.216,18.432,9.216,0.0023492937970843366,0.9504037976171088,0.0,0.0
27,Device,BiasAdd,sequential/conv2d/BiasAdd,2,15.36,7.68,15.36,7.68,0.001957744830903614,0.9523615424480124,0.0,0.0
28,Device,MaxPool,sequential/max_pooling2d/MaxPool,2,15.36,7.68,15.36,7.68,0.001957744830903614,0.954319287278916,0.0,0.0
29,Device,BiasAddGrad,gradient_tape/sequential/conv2d_1/BiasAdd/BiasAddGrad,2,14.336,7.168,14.336,7.168,0.0018272285088433732,0.9561465157877594,0.0,0.0
30,Device,Unknown,gradient_tape/sequential/max_pooling2d_1/MaxPool/MaxPoolGrad-2-TransposeNHWCToNCHW-LayoutOptimizer:Transpose,2,14.336,7.168,14.336,7.168,0.0018272285088433732,0.9579737442966029,0.0,0.0
31,Device,RandomUniform,sequential/dropout/dropout/random_uniform/RandomUniform,2,14.336,7.168,14.336,7.168,0.0018272285088433732,0.9598009728054463,0.0,0.0
32,Device,ReluGrad,gradient_tape/sequential/conv2d/ReluGrad,2,13.312,6.656,13.312,6.656,0.001696712186783132,0.9614976849922294,0.0,0.0
33,Device,BiasAddGrad,gradient_tape/sequential/dense_1/BiasAdd/BiasAddGrad,2,12.288,6.144,12.288,6.144,0.0015661958647228912,0.9630638808569523,0.0,0.0
34,Device,Unknown,sequential/max_pooling2d_1/MaxPool-0-1-TransposeNCHWToNHWC-LayoutOptimizer:Transpose,2,12.288,6.144,12.288,6.144,0.0015661958647228912,0.9646300767216751,0.0,0.0
35,Device,Relu,sequential/conv2d/Relu,2,11.264,5.632,11.264,5.632,0.00143567954266265,0.9660657562643378,0.0,0.0
36,Device,ArgMax,ArgMax,2,10.24,5.12,10.24,5.12,0.0013051632206024094,0.9673709194849401,0.0,0.0
37,Device,ArgMax,ArgMax_1,2,10.24,5.12,10.24,5.12,0.0013051632206024094,0.9686760827055425,0.0,0.0
38,Device,Mul,gradient_tape/categorical_crossentropy/softmax_cross_entropy_with_logits/mul,2,10.24,5.12,10.24,5.12,0.0013051632206024094,0.9699812459261449,0.0,0.0
39,Device,BiasAdd,sequential/conv2d_1/BiasAdd,2,10.24,5.12,10.24,5.12,0.0013051632206024094,0.9712864091467472,0.0,0.0
40,Device,MaxPool,sequential/max_pooling2d_1/MaxPool,2,10.24,5.12,10.24,5.12,0.0013051632206024094,0.9725915723673496,0.0,0.0
41,Device,DivNoNan,categorical_crossentropy/weighted_loss/value,2,9.216,4.608,9.216,4.608,0.0011746468985421683,0.9737662192658918,0.0,0.0
42,Device,BiasAdd,sequential/dense/BiasAdd,2,9.216,4.608,9.216,4.608,0.0011746468985421683,0.974940866164434,0.0,0.0
43,Device,Mul,sequential/dropout/dropout/Mul,2,9.216,4.608,9.216,4.608,0.0011746468985421683,0.9761155130629762,0.0,0.0
44,Device,AssignAddVariableOp,Adadelta/Adadelta/AssignAddVariableOp,2,8.192,4.096,8.192,4.096,0.0010441305764819274,0.9771596436394581,0.0,0.0
45,Device,Cast,Cast_1,2,8.192,4.096,8.192,4.096,0.0010441305764819274,0.97820377421594,0.0,0.0
46,Device,Equal,Equal,2,8.192,4.096,8.192,4.096,0.0010441305764819274,0.9792479047924219,0.0,0.0
47,Device,DivNoNan,div_no_nan_1,2,8.192,4.096,8.192,4.096,0.0010441305764819274,0.9802920353689037,0.0,0.0
48,Device,ReluGrad,gradient_tape/sequential/conv2d_1/ReluGrad,2,8.192,4.096,8.192,4.096,0.0010441305764819274,0.9813361659453856,0.0,0.0
49,Device,BiasAddGrad,gradient_tape/sequential/dense/BiasAdd/BiasAddGrad,2,8.192,4.096,8.192,4.096,0.0010441305764819274,0.9823802965218675,0.0,0.0
50,Device,Mul,gradient_tape/sequential/dropout/dropout/Mul,2,8.192,4.096,8.192,4.096,0.0010441305764819274,0.9834244270983494,0.0,0.0
51,Device,Mul,gradient_tape/sequential/dropout/dropout/Mul_2,2,8.192,4.096,8.192,4.096,0.0010441305764819274,0.9844685576748313,0.0,0.0
52,Device,Relu,sequential/conv2d_1/Relu,2,8.192,4.096,8.192,4.096,0.0010441305764819274,0.9855126882513132,0.0,0.0
53,Device,Relu,sequential/dense/Relu,2,8.192,4.096,8.192,4.096,0.0010441305764819274,0.9865568188277951,0.0,0.0
54,Device,GreaterEqual,sequential/dropout/dropout/GreaterEqual,2,8.192,4.096,8.192,4.096,0.0010441305764819274,0.987600949404277,0.0,0.0
55,Device,Mul,sequential/dropout/dropout/Mul_1,2,8.192,4.096,8.192,4.096,0.0010441305764819274,0.9886450799807589,0.0,0.0
56,Device,AssignAddVariableOp,AssignAddVariableOp,2,7.168,3.584,7.168,3.584,0.0009136142544216866,0.9895586942351806,0.0,0.0
57,Device,AssignAddVariableOp,AssignAddVariableOp_1,2,7.168,3.584,7.168,3.584,0.0009136142544216866,0.9904723084896023,0.0,0.0
58,Device,AssignAddVariableOp,AssignAddVariableOp_3,2,7.168,3.584,7.168,3.584,0.0009136142544216866,0.991385922744024,0.0,0.0
59,Device,Sum,categorical_crossentropy/weighted_loss/Sum,2,7.168,3.584,7.168,3.584,0.0009136142544216866,0.9922995369984458,0.0,0.0
60,Device,DivNoNan,div_no_nan,2,7.168,3.584,7.168,3.584,0.0009136142544216866,0.9932131512528675,0.0,0.0
61,Device,ReluGrad,gradient_tape/sequential/dense/ReluGrad,2,7.168,3.584,7.168,3.584,0.0009136142544216866,0.9941267655072892,0.0,0.0
62,Device,Cast,sequential/dropout/dropout/Cast,2,7.168,3.584,7.168,3.584,0.0009136142544216866,0.9950403797617109,0.0,0.0
63,Device,AssignAddVariableOp,AssignAddVariableOp_2,2,6.144,3.072,6.144,3.072,0.0007830979323614456,0.9958234776940723,0.0,0.0
64,Device,AssignAddVariableOp,AssignAddVariableOp_4,2,6.144,3.072,6.144,3.072,0.0007830979323614456,0.9966065756264337,0.0,0.0
65,Device,Mul,Mul,2,6.144,3.072,6.144,3.072,0.0007830979323614456,0.9973896735587952,0.0,0.0
66,Device,Sum,Sum_2,2,6.144,3.072,6.144,3.072,0.0007830979323614456,0.9981727714911566,0.0,0.0
67,Device,BiasAdd,sequential/dense_1/BiasAdd,2,6.144,3.072,6.144,3.072,0.0007830979323614456,0.998955869423518,0.0,0.0
68,Device,_Send,IteratorGetNext/_3,2,4.096,2.048,4.096,2.048,0.0005220652882409637,0.9994779347117589,0.0,0.0
69,Device,LogicalAnd,LogicalAnd,1,4.096,4.096,4.096,4.096,0.0005220652882409637,0.9999999999999999,0.0,0.0
70,Host,IDLE,IDLE,0,23859.034,0.0,23859.034,0.0,0.0,0.0,0.8822549129924987,0.8822549129924987
71,Host,_Send,IteratorGetNext/_1,2,1281.155,640.5775,1281.155,640.5775,0.0,0.0,0.04737431083986488,0.9296292238323636
72,Host,_Send,IteratorGetNext/_3,2,1280.452,640.226,1280.452,640.226,0.0,0.0,0.04734831543687272,0.9769775392692363
73,Host,_Send,IteratorGetNext/_6,2,143.752,71.876,143.752,71.876,0.0,0.0,0.0053156346670404885,0.9822931739362767
74,Host,GatherV2,GatherV2,2,108.381,54.1905,108.381,54.1905,0.0,0.0,0.004007692420616862,0.9863008663568935
75,Host,LogicalAnd,LogicalAnd,1,56.478,56.478,56.478,56.478,0.0,0.0,0.0020884329590204844,0.988389299315914
76,Host,FlushSummaryWriter,FlushSummaryWriter,1,50.499,50.499,50.499,50.499,0.0,0.0,0.00186734261123934,0.9902566419271533
77,Host,Dataset,Iterator::Model::ParallelMapV2::Zip[1]::ForeverRepeat,2,52.314,26.157,37.553,18.7765,0.0,0.0,0.0013886278357961729,0.9916452697629495
78,Host,Dataset,Iterator::Model::ParallelMapV2::Zip[0]::FlatMap,2,48.159,24.0795,36.517,18.2585,0.0,0.0,0.0013503188208603533,0.9929955885838099
79,Host,Dataset,Iterator::Model,2,67.437,33.7185,35.455,17.7275,0.0,0.0,0.0013110483827697735,0.9943066369665796
80,Host,Dataset,Iterator::Model::ParallelMapV2,2,31.982,15.991,31.982,15.991,0.0,0.0,0.0011826244359820308,0.9954892614025617
81,Host,WriteSummary,WriteSummary,1,29.914,29.914,29.914,29.914,0.0,0.0,0.00110615431736497,0.9965954157199266
82,Host,GatherV2,GatherV2_1,2,25.375,12.6875,25.375,12.6875,0.0,0.0,0.000938312021232069,0.9975337277411587
83,Host,IteratorGetNext,IteratorGetNext,2,21.645,10.8225,21.645,10.8225,0.0,0.0,0.0008003847763376604,0.9983341125174964
84,Host,Dataset,Iterator::Model::ParallelMapV2::Zip,2,117.646,58.823,17.173,8.5865,0.0,0.0,0.0006350199937189485,0.9989691325112153
85,Host,Dataset,Iterator::Model::ParallelMapV2::Zip[1]::ForeverRepeat::FromTensor,4,14.761,3.69025,14.761,3.69025,0.0,0.0,0.0005458295072081407,0.9995149620184235
86,Host,Dataset,Iterator::Model::ParallelMapV2::Zip[0]::FlatMap[1]::TensorSlice,2,11.642,5.821,11.642,5.821,0.0,0.0,0.000430495706450591,0.9999454577248741
87,Host,Identity,Identity,1,1.475,1.475,1.475,1.475,0.0,0.0,5.4542275125805e-05,0.9999999999999999
