Rank,Host/device,Type,Operation,#Occurrences,Total time (us),Avg. time (us),Total self-time (us),Avg. self-time (us),Total self-time on Device (%),Cumulative total-self time on Device (%),Total self-time on Host (%),Cumulative total-self time on Host (%)
1,Device,IDLE,IDLE,0,6147.759,0.0,6147.759,0.0,0.714500358368286,0.714500358368286,0.0,0.0
2,Device,Conv2DBackpropFilter,gradient_tape/sequential/conv2d_1/Conv2DBackpropFilter,4,200.705,50.17625,200.705,50.17625,0.023326189986677556,0.7378265483549635,0.0,0.0
3,Device,Conv2D,sequential/conv2d_1/Conv2D,4,193.537,48.38425,193.537,48.38425,0.022493115923627283,0.7603196642785908,0.0,0.0
4,Device,Conv2DBackpropFilter,gradient_tape/sequential/conv2d/Conv2DBackpropFilter,2,174.081,87.0405,174.081,87.0405,0.020231914895347976,0.7805515791739387,0.0,0.0
5,Device,Conv2DBackpropInput,gradient_tape/sequential/conv2d_1/Conv2DBackpropInput,4,174.08,43.52,174.08,43.52,0.02023179867407802,0.8007833778480167,0.0,0.0
6,Device,ResourceApplyAdadelta,Adadelta/Adadelta/update_4/ResourceApplyAdadelta,2,146.432,73.216,146.432,73.216,0.017018513002312687,0.8178018908503294,0.0,0.0
7,Device,SoftmaxCrossEntropyWithLogits,categorical_crossentropy/softmax_cross_entropy_with_logits,2,111.616,55.808,111.616,55.808,0.012972153267497084,0.8307740441178265,0.0,0.0
8,Device,Conv2D,sequential/conv2d/Conv2D,2,97.28,48.64,97.28,48.64,0.011306005141396541,0.8420800492592231,0.0,0.0
9,Device,MatMul,gradient_tape/sequential/dense/MatMul,2,83.968,41.984,83.968,41.984,0.009758867595731751,0.8518389168549548,0.0,0.0
10,Device,_Send,IteratorGetNext/_1,2,78.016,39.008,78.016,39.008,0.009067118596948937,0.8609060354519038,0.0,0.0
11,Device,ReluGrad,gradient_tape/sequential/conv2d/ReluGrad,2,75.776,37.888,75.776,37.888,0.008806782952245726,0.8697128184041495,0.0,0.0
12,Device,MaxPoolGrad,gradient_tape/sequential/max_pooling2d/MaxPool/MaxPoolGrad,2,74.752,37.376,74.752,37.376,0.008687772371809973,0.8784005907759594,0.0,0.0
13,Device,MatMul,sequential/dense/MatMul,2,69.632,34.816,69.632,34.816,0.008092719469631209,0.8864933102455906,0.0,0.0
14,Device,BiasAdd,sequential/conv2d/BiasAdd,2,68.608,34.304,68.608,34.304,0.007973708889195455,0.8944670191347861,0.0,0.0
15,Device,MatMul,gradient_tape/sequential/dense/MatMul_1,2,59.393,29.6965,59.393,29.6965,0.006902729886543634,0.9013697490213297,0.0,0.0
16,Device,Relu,sequential/conv2d/Relu,2,54.273,27.1365,54.273,27.1365,0.006307676984364869,0.9076774260056946,0.0,0.0
17,Device,MaxPool,sequential/max_pooling2d/MaxPool,2,45.056,22.528,45.056,22.528,0.005236465539173134,0.9129138915448677,0.0,0.0
18,Device,BiasAddGrad,gradient_tape/sequential/conv2d/BiasAdd/BiasAddGrad,2,44.032,22.016,44.032,22.016,0.005117454958737381,0.9180313465036051,0.0,0.0
19,Device,MaxPoolGrad,gradient_tape/sequential/max_pooling2d_1/MaxPool/MaxPoolGrad,2,43.008,21.504,43.008,21.504,0.004998444378301629,0.9230297908819067,0.0,0.0
20,Device,MatMul,sequential/dense_1/MatMul,2,34.817,17.4085,34.817,17.4085,0.0040464759560855604,0.9270762668379923,0.0,0.0
21,Device,ResourceApplyAdadelta,Adadelta/Adadelta/update_2/ResourceApplyAdadelta,2,32.768,16.384,32.768,16.384,0.003808338573944098,0.9308846054119364,0.0,0.0
22,Device,ResourceApplyAdadelta,Adadelta/Adadelta/update_6/ResourceApplyAdadelta,2,31.744,15.872,31.744,15.872,0.0036893279935083447,0.9345739334054447,0.0,0.0
23,Device,Softmax,sequential/dense_1/Softmax,2,26.624,13.312,26.624,13.312,0.0030942750913295794,0.9376682084967742,0.0,0.0
24,Device,ResourceApplyAdadelta,Adadelta/Adadelta/update_7/ResourceApplyAdadelta,2,25.6,12.8,25.6,12.8,0.0029752645108938264,0.940643473007668,0.0,0.0
25,Device,ResourceApplyAdadelta,Adadelta/Adadelta/update_1/ResourceApplyAdadelta,2,24.576,12.288,24.576,12.288,0.0028562539304580734,0.9434997269381261,0.0,0.0
26,Device,ResourceApplyAdadelta,Adadelta/Adadelta/update_5/ResourceApplyAdadelta,2,24.576,12.288,24.576,12.288,0.0028562539304580734,0.9463559808685842,0.0,0.0
27,Device,MatMul,gradient_tape/sequential/dense_1/MatMul_1,2,24.576,12.288,24.576,12.288,0.0028562539304580734,0.9492122347990423,0.0,0.0
28,Device,ResourceApplyAdadelta,Adadelta/Adadelta/update/ResourceApplyAdadelta,2,23.552,11.776,23.552,11.776,0.00273724335002232,0.9519494781490646,0.0,0.0
29,Device,ResourceApplyAdadelta,Adadelta/Adadelta/update_3/ResourceApplyAdadelta,2,23.552,11.776,23.552,11.776,0.00273724335002232,0.954686721499087,0.0,0.0
30,Device,BiasAddGrad,gradient_tape/sequential/conv2d_1/BiasAdd/BiasAddGrad,2,18.432,9.216,18.432,9.216,0.0021421904478435548,0.9568289119469305,0.0,0.0
31,Device,MatMul,gradient_tape/sequential/dense_1/MatMul,2,17.408,8.704,17.408,8.704,0.0020231798674078022,0.9588520918143384,0.0,0.0
32,Device,Unknown,gradient_tape/sequential/max_pooling2d_1/MaxPool/MaxPoolGrad-2-TransposeNHWCToNCHW-LayoutOptimizer:Transpose,2,14.336,7.168,14.336,7.168,0.0016661481261005429,0.960518239940439,0.0,0.0
33,Device,RandomUniform,sequential/dropout/dropout/random_uniform/RandomUniform,2,14.336,7.168,14.336,7.168,0.0016661481261005429,0.9621843880665395,0.0,0.0
34,Device,BiasAddGrad,gradient_tape/sequential/dense_1/BiasAdd/BiasAddGrad,2,13.312,6.656,13.312,6.656,0.0015471375456647897,0.9637315256122043,0.0,0.0
35,Device,BiasAdd,sequential/conv2d_1/BiasAdd,2,13.312,6.656,13.312,6.656,0.0015471375456647897,0.9652786631578691,0.0,0.0
36,Device,MaxPool,sequential/max_pooling2d_1/MaxPool,2,11.264,5.632,11.264,5.632,0.0013091163847932835,0.9665877795426624,0.0,0.0
37,Device,ArgMax,ArgMax,2,10.24,5.12,10.24,5.12,0.0011901058043575306,0.9677778853470199,0.0,0.0
38,Device,ArgMax,ArgMax_1,2,10.24,5.12,10.24,5.12,0.0011901058043575306,0.9689679911513774,0.0,0.0
39,Device,BiasAdd,sequential/dense/BiasAdd,2,10.24,5.12,10.24,5.12,0.0011901058043575306,0.970158096955735,0.0,0.0
40,Device,Unknown,sequential/max_pooling2d_1/MaxPool-0-2-TransposeNCHWToNHWC-LayoutOptimizer:Transpose,2,10.24,5.12,10.24,5.12,0.0011901058043575306,0.9713482027600925,0.0,0.0
41,Device,BiasAddGrad,gradient_tape/sequential/dense/BiasAdd/BiasAddGrad,2,9.216,4.608,9.216,4.608,0.0010710952239217774,0.9724192979840143,0.0,0.0
42,Device,AssignAddVariableOp,Adadelta/Adadelta/AssignAddVariableOp,2,8.192,4.096,8.192,4.096,0.0009520846434860245,0.9733713826275003,0.0,0.0
43,Device,Sum,categorical_crossentropy/weighted_loss/Sum,2,8.192,4.096,8.192,4.096,0.0009520846434860245,0.9743234672709864,0.0,0.0
44,Device,Mul,gradient_tape/categorical_crossentropy/softmax_cross_entropy_with_logits/mul,2,8.192,4.096,8.192,4.096,0.0009520846434860245,0.9752755519144725,0.0,0.0
45,Device,Tile,gradient_tape/categorical_crossentropy/weighted_loss/Tile_1,2,8.192,4.096,8.192,4.096,0.0009520846434860245,0.9762276365579585,0.0,0.0
46,Device,DivNoNan,gradient_tape/categorical_crossentropy/weighted_loss/value/div_no_nan,2,8.192,4.096,8.192,4.096,0.0009520846434860245,0.9771797212014446,0.0,0.0
47,Device,ReluGrad,gradient_tape/sequential/conv2d_1/ReluGrad,2,8.192,4.096,8.192,4.096,0.0009520846434860245,0.9781318058449306,0.0,0.0
48,Device,Mul,gradient_tape/sequential/dropout/dropout/Mul_1,2,8.192,4.096,8.192,4.096,0.0009520846434860245,0.9790838904884167,0.0,0.0
49,Device,Relu,sequential/conv2d_1/Relu,2,8.192,4.096,8.192,4.096,0.0009520846434860245,0.9800359751319028,0.0,0.0
50,Device,Relu,sequential/dense/Relu,2,8.192,4.096,8.192,4.096,0.0009520846434860245,0.9809880597753888,0.0,0.0
51,Device,Mul,sequential/dropout/dropout/Mul,2,8.192,4.096,8.192,4.096,0.0009520846434860245,0.9819401444188749,0.0,0.0
52,Device,Mul,sequential/dropout/dropout/Mul_1,2,8.192,4.096,8.192,4.096,0.0009520846434860245,0.982892229062361,0.0,0.0
53,Device,Cast,Cast,2,7.168,3.584,7.168,3.584,0.0008330740630502714,0.9837253031254112,0.0,0.0
54,Device,Equal,Equal,2,7.168,3.584,7.168,3.584,0.0008330740630502714,0.9845583771884614,0.0,0.0
55,Device,Cast,categorical_crossentropy/weighted_loss/num_elements/Cast,2,7.168,3.584,7.168,3.584,0.0008330740630502714,0.9853914512515116,0.0,0.0
56,Device,ReluGrad,gradient_tape/sequential/dense/ReluGrad,2,7.168,3.584,7.168,3.584,0.0008330740630502714,0.9862245253145618,0.0,0.0
57,Device,Mul,gradient_tape/sequential/dropout/dropout/Mul,2,7.168,3.584,7.168,3.584,0.0008330740630502714,0.9870575993776121,0.0,0.0
58,Device,GreaterEqual,sequential/dropout/dropout/GreaterEqual,2,7.168,3.584,7.168,3.584,0.0008330740630502714,0.9878906734406623,0.0,0.0
59,Device,AssignAddVariableOp,AssignAddVariableOp_1,2,6.144,3.072,6.144,3.072,0.0007140634826145184,0.9886047369232768,0.0,0.0
60,Device,AssignAddVariableOp,AssignAddVariableOp_2,2,6.144,3.072,6.144,3.072,0.0007140634826145184,0.9893188004058913,0.0,0.0
61,Device,AssignAddVariableOp,AssignAddVariableOp_3,2,6.144,3.072,6.144,3.072,0.0007140634826145184,0.9900328638885058,0.0,0.0
62,Device,AssignAddVariableOp,AssignAddVariableOp_4,2,6.144,3.072,6.144,3.072,0.0007140634826145184,0.9907469273711202,0.0,0.0
63,Device,Cast,Cast_1,2,6.144,3.072,6.144,3.072,0.0007140634826145184,0.9914609908537347,0.0,0.0
64,Device,Cast,Cast_2,2,6.144,3.072,6.144,3.072,0.0007140634826145184,0.9921750543363492,0.0,0.0
65,Device,Mul,Mul,2,6.144,3.072,6.144,3.072,0.0007140634826145184,0.9928891178189637,0.0,0.0
66,Device,Sum,Sum_2,2,6.144,3.072,6.144,3.072,0.0007140634826145184,0.9936031813015782,0.0,0.0
67,Device,DivNoNan,categorical_crossentropy/weighted_loss/value,2,6.144,3.072,6.144,3.072,0.0007140634826145184,0.9943172447841927,0.0,0.0
68,Device,DivNoNan,div_no_nan,2,6.144,3.072,6.144,3.072,0.0007140634826145184,0.9950313082668072,0.0,0.0
69,Device,DivNoNan,div_no_nan_1,2,6.144,3.072,6.144,3.072,0.0007140634826145184,0.9957453717494217,0.0,0.0
70,Device,BiasAdd,sequential/dense_1/BiasAdd,2,6.144,3.072,6.144,3.072,0.0007140634826145184,0.9964594352320362,0.0,0.0
71,Device,Cast,sequential/dropout/dropout/Cast,2,6.144,3.072,6.144,3.072,0.0007140634826145184,0.9971734987146507,0.0,0.0
72,Device,AssignAddVariableOp,AssignAddVariableOp,2,5.12,2.56,5.12,2.56,0.0005950529021787653,0.9977685516168294,0.0,0.0
73,Device,_Recv,categorical_crossentropy/weighted_loss/num_elements/_14,2,4.864,2.432,4.864,2.432,0.000565300257069827,0.9983338518738992,0.0,0.0
74,Device,_Send,IteratorGetNext/_3,2,4.096,2.048,4.096,2.048,0.00047604232174301226,0.9988098941956423,0.0,0.0
75,Device,LogicalAnd,LogicalAnd,1,4.096,4.096,4.096,4.096,0.00047604232174301226,0.9992859365173853,0.0,0.0
76,Device,_Recv,Size/_16,2,3.072,1.536,3.072,1.536,0.0003570317413072592,0.9996429682586926,0.0,0.0
77,Device,_Recv,strided_slice/_12,2,3.072,1.536,3.072,1.536,0.0003570317413072592,0.9999999999999999,0.0,0.0
78,Host,IDLE,IDLE,0,25971.945,0.0,25971.945,0.0,0.0,0.0,0.8813061777888657,0.8813061777888657
79,Host,_Send,IteratorGetNext/_1,2,1392.247,696.1235,1392.247,696.1235,0.0,0.0,0.04724312646234292,0.9285493042512086
80,Host,_Send,IteratorGetNext/_3,2,1221.807,610.9035,1221.807,610.9035,0.0,0.0,0.041459584839167056,0.9700088890903756
81,Host,GatherV2,GatherV2,2,352.477,176.2385,352.477,176.2385,0.0,0.0,0.01196060432241351,0.9819694934127892
82,Host,_Send,IteratorGetNext/_6,2,109.564,54.782,109.564,54.782,0.0,0.0,0.003717835921154895,0.9856873293339441
83,Host,LogicalAnd,LogicalAnd,1,60.033,60.033,60.033,60.033,0.0,0.0,0.0020371001775646366,0.9877244295115087
84,Host,FlushSummaryWriter,FlushSummaryWriter,1,52.53,52.53,52.53,52.53,0.0,0.0,0.0017825008300013385,0.98950693034151
85,Host,GatherV2,GatherV2_1,2,47.435,23.7175,47.435,23.7175,0.0,0.0,0.0016096121620238625,0.9911165425035339
86,Host,Dataset,Iterator::Model::ParallelMapV2::Zip[0]::FlatMap[1]::Concatenate,2,48.94,24.47,35.191,17.5955,0.0,0.0,0.0011941364307743595,0.9923106789343082
87,Host,_HostSend,categorical_crossentropy/softmax_cross_entropy_with_logits/Shape_2/_9,2,33.366,16.683,33.366,16.683,0.0,0.0,0.0011322086939620152,0.9934428876282703
88,Host,Dataset,Iterator::Model,2,62.84,31.42,32.425,16.2125,0.0,0.0,0.0011002777348713762,0.9945431653631417
89,Host,WriteSummary,WriteSummary,1,31.043,31.043,31.043,31.043,0.0,0.0,0.0010533823199263572,0.995596547683068
90,Host,Dataset,Iterator::Model::ParallelMapV2::Zip[1]::ForeverRepeat,2,43.633,21.8165,31.0,15.5,0.0,0.0,0.001051923200648039,0.9966484708837161
91,Host,Dataset,Iterator::Model::ParallelMapV2,2,30.415,15.2075,30.415,15.2075,0.0,0.0,0.0010320723918616163,0.9976805432755778
92,Host,IteratorGetNext,IteratorGetNext,2,18.956,9.478,18.956,9.478,0.0,0.0,0.0006432340706930395,0.9983237773462708
93,Host,Dataset,Iterator::Model::ParallelMapV2::Zip,2,114.216,57.108,14.032,7.016,0.0,0.0,0.000476147946822364,0.9987999252930931
94,Host,Dataset,Iterator::Model::ParallelMapV2::Zip[0]::FlatMap[1]::Concatenate[0]::TensorSlice,2,13.749,6.8745,13.749,6.8745,0.0,0.0,0.0004665449059906416,0.9992664701990838
95,Host,Dataset,Iterator::Model::ParallelMapV2::Zip[1]::ForeverRepeat::FromTensor,4,12.633,3.15825,12.633,3.15825,0.0,0.0,0.00042867567076731213,0.9996951458698511
96,Host,Dataset,Iterator::Model::ParallelMapV2::Zip[0]::FlatMap,2,56.551,28.2755,7.611,3.8055,0.0,0.0,0.0002582641122623298,0.9999534099821135
97,Host,Identity,Identity,1,1.373,1.373,1.373,1.373,0.0,0.0,4.6590017886766374e-05,1.0000000000000002
