Rank,Host/device,Type,Operation,#Occurrences,Total time (us),Avg. time (us),Total self-time (us),Avg. self-time (us),Total self-time on Device (%),Cumulative total-self time on Device (%),Total self-time on Host (%),Cumulative total-self time on Host (%)
1,Device,IDLE,IDLE,0,5021.773,0.0,5021.773,0.0,0.5844411974021334,0.5844411974021334,0.0,0.0
2,Device,Conv2DBackpropFilter,gradient_tape/sequential/conv2d_1/Conv2DBackpropFilter,4,326.657,81.66425,326.657,81.66425,0.03801681362733614,0.6224580110294695,0.0,0.0
3,Device,Conv2D,sequential/conv2d_1/Conv2D,4,301.058,75.2645,301.058,75.2645,0.03503756502085847,0.6574955760503279,0.0,0.0
4,Device,Conv2DBackpropInput,gradient_tape/sequential/conv2d_1/Conv2DBackpropInput,4,294.913,73.72825,294.913,73.72825,0.034322401042312226,0.6918179770926401,0.0,0.0
5,Device,Conv2DBackpropFilter,gradient_tape/sequential/conv2d/Conv2DBackpropFilter,2,275.456,137.728,275.456,137.728,0.03205796727004627,0.7238759443626864,0.0,0.0
6,Device,Conv2D,sequential/conv2d/Conv2D,2,156.672,78.336,156.672,78.336,0.018233713726085794,0.7421096580887723,0.0,0.0
7,Device,_Send,IteratorGetNext/_1,2,150.496,75.248,150.496,75.248,0.01751494192274949,0.7596246000115218,0.0,0.0
8,Device,ResourceApplyAdadelta,Adadelta/Adadelta/update_4/ResourceApplyAdadelta,2,148.48,74.24,148.48,74.24,0.01728031692995059,0.7769049169414723,0.0,0.0
9,Device,ReluGrad,gradient_tape/sequential/conv2d/ReluGrad,2,143.36,71.68,143.36,71.68,0.01668444393236609,0.7935893608738385,0.0,0.0
10,Device,MatMul,gradient_tape/sequential/dense/MatMul,2,132.096,66.048,132.096,66.048,0.015373523337680182,0.8089628842115186,0.0,0.0
11,Device,MaxPoolGrad,gradient_tape/sequential/max_pooling2d/MaxPool/MaxPoolGrad,2,126.977,63.4885,126.977,63.4885,0.01477776672154052,0.8237406509330591,0.0,0.0
12,Device,BiasAdd,sequential/conv2d/BiasAdd,2,126.976,63.488,126.976,63.488,0.014777650340095677,0.8385183012731549,0.0,0.0
13,Device,SoftmaxCrossEntropyWithLogits,categorical_crossentropy/softmax_cross_entropy_with_logits,2,124.928,62.464,124.928,62.464,0.014539301141061877,0.8530576024142167,0.0,0.0
14,Device,MatMul,sequential/dense/MatMul,2,114.688,57.344,114.688,57.344,0.013347555145892871,0.8664051575601096,0.0,0.0
15,Device,MatMul,gradient_tape/sequential/dense/MatMul_1,2,103.424,51.712,103.424,51.712,0.012036634551206965,0.8784417921113166,0.0,0.0
16,Device,Relu,sequential/conv2d/Relu,2,100.352,50.176,100.352,50.176,0.011679110752656261,0.8901209028639728,0.0,0.0
17,Device,MaxPoolGrad,gradient_tape/sequential/max_pooling2d_1/MaxPool/MaxPoolGrad,2,81.92,40.96,81.92,40.96,0.009533967961352051,0.8996548708253249,0.0,0.0
18,Device,MaxPool,sequential/max_pooling2d/MaxPool,2,74.752,37.376,74.752,37.376,0.008699745764733745,0.9083546165900587,0.0,0.0
19,Device,BiasAddGrad,gradient_tape/sequential/conv2d/BiasAdd/BiasAddGrad,2,67.584,33.792,67.584,33.792,0.007865523568115441,0.9162201401581741,0.0,0.0
20,Device,MatMul,sequential/dense_1/MatMul,2,35.84,17.92,35.84,17.92,0.004171110983091523,0.9203912511412656,0.0,0.0
21,Device,MatMul,gradient_tape/sequential/dense_1/MatMul_1,2,32.768,16.384,32.768,16.384,0.0038135871845408204,0.9242048383258065,0.0,0.0
22,Device,ResourceApplyAdadelta,Adadelta/Adadelta/update_2/ResourceApplyAdadelta,2,31.744,15.872,31.744,15.872,0.0036944125850239193,0.9278992509108304,0.0,0.0
23,Device,ResourceApplyAdadelta,Adadelta/Adadelta/update_6/ResourceApplyAdadelta,2,28.673,14.3365,28.673,14.3365,0.003337005167918058,0.9312362560787484,0.0,0.0
24,Device,BiasAdd,sequential/conv2d_1/BiasAdd,2,27.648,13.824,27.648,13.824,0.003217714186956317,0.9344539702657046,0.0,0.0
25,Device,Softmax,sequential/dense_1/Softmax,2,27.648,13.824,27.648,13.824,0.003217714186956317,0.9376716844526609,0.0,0.0
26,Device,ReluGrad,gradient_tape/sequential/conv2d_1/ReluGrad,2,26.624,13.312,26.624,13.312,0.003098539587439416,0.9407702240401004,0.0,0.0
27,Device,ResourceApplyAdadelta,Adadelta/Adadelta/update_5/ResourceApplyAdadelta,2,25.6,12.8,25.6,12.8,0.002979364987922516,0.9437495890280229,0.0,0.0
28,Device,ResourceApplyAdadelta,Adadelta/Adadelta/update_7/ResourceApplyAdadelta,2,25.6,12.8,25.6,12.8,0.002979364987922516,0.9467289540159454,0.0,0.0
29,Device,ResourceApplyAdadelta,Adadelta/Adadelta/update_1/ResourceApplyAdadelta,2,24.576,12.288,24.576,12.288,0.0028601903884056153,0.9495891444043509,0.0,0.0
30,Device,BiasAddGrad,gradient_tape/sequential/conv2d_1/BiasAdd/BiasAddGrad,2,24.576,12.288,24.576,12.288,0.0028601903884056153,0.9524493347927565,0.0,0.0
31,Device,ResourceApplyAdadelta,Adadelta/Adadelta/update/ResourceApplyAdadelta,2,23.552,11.776,23.552,11.776,0.0027410157888887146,0.9551903505816453,0.0,0.0
32,Device,ResourceApplyAdadelta,Adadelta/Adadelta/update_3/ResourceApplyAdadelta,2,18.432,9.216,18.432,9.216,0.002145142791304211,0.9573354933729494,0.0,0.0
33,Device,MatMul,gradient_tape/sequential/dense_1/MatMul,2,18.432,9.216,18.432,9.216,0.002145142791304211,0.9594806361642536,0.0,0.0
34,Device,RandomUniform,sequential/dropout/dropout/random_uniform/RandomUniform,2,16.384,8.192,16.384,8.192,0.0019067935922704102,0.961387429756524,0.0,0.0
35,Device,Unknown,gradient_tape/sequential/max_pooling2d_1/MaxPool/MaxPoolGrad-2-TransposeNHWCToNCHW-LayoutOptimizer:Transpose,2,15.36,7.68,15.36,7.68,0.0017876189927535093,0.9631750487492775,0.0,0.0
36,Device,BiasAddGrad,gradient_tape/sequential/dense_1/BiasAdd/BiasAddGrad,2,14.336,7.168,14.336,7.168,0.001668444393236609,0.9648434931425142,0.0,0.0
37,Device,Relu,sequential/conv2d_1/Relu,2,13.312,6.656,13.312,6.656,0.001549269793719708,0.9663927629362339,0.0,0.0
38,Device,MaxPool,sequential/max_pooling2d_1/MaxPool,2,13.312,6.656,13.312,6.656,0.001549269793719708,0.9679420327299536,0.0,0.0
39,Device,BiasAdd,sequential/dense/BiasAdd,2,12.288,6.144,12.288,6.144,0.0014300951942028076,0.9693721279241564,0.0,0.0
40,Device,Unknown,sequential/max_pooling2d_1/MaxPool-0-2-TransposeNCHWToNHWC-LayoutOptimizer:Transpose,2,12.288,6.144,12.288,6.144,0.0014300951942028076,0.9708022231183592,0.0,0.0
41,Device,BiasAddGrad,gradient_tape/sequential/dense/BiasAdd/BiasAddGrad,2,11.264,5.632,11.264,5.632,0.0013109205946859068,0.9721131437130451,0.0,0.0
42,Device,ArgMax,ArgMax,2,10.24,5.12,10.24,5.12,0.0011917459951690064,0.9733048897082142,0.0,0.0
43,Device,Mul,gradient_tape/categorical_crossentropy/softmax_cross_entropy_with_logits/mul,2,10.24,5.12,10.24,5.12,0.0011917459951690064,0.9744966357033832,0.0,0.0
44,Device,ArgMax,ArgMax_1,2,9.216,4.608,9.216,4.608,0.0010725713956521055,0.9755692070990353,0.0,0.0
45,Device,GreaterEqual,sequential/dropout/dropout/GreaterEqual,2,9.216,4.608,9.216,4.608,0.0010725713956521055,0.9766417784946874,0.0,0.0
46,Device,Mul,sequential/dropout/dropout/Mul_1,2,9.216,4.608,9.216,4.608,0.0010725713956521055,0.9777143498903395,0.0,0.0
47,Device,Tile,gradient_tape/categorical_crossentropy/weighted_loss/Tile_1,2,8.192,4.096,8.192,4.096,0.0009533967961352051,0.9786677466864746,0.0,0.0
48,Device,DivNoNan,gradient_tape/categorical_crossentropy/weighted_loss/value/div_no_nan,2,8.192,4.096,8.192,4.096,0.0009533967961352051,0.9796211434826098,0.0,0.0
49,Device,ReluGrad,gradient_tape/sequential/dense/ReluGrad,2,8.192,4.096,8.192,4.096,0.0009533967961352051,0.9805745402787449,0.0,0.0
50,Device,Mul,gradient_tape/sequential/dropout/dropout/Mul_1,2,8.192,4.096,8.192,4.096,0.0009533967961352051,0.9815279370748801,0.0,0.0
51,Device,Relu,sequential/dense/Relu,2,8.192,4.096,8.192,4.096,0.0009533967961352051,0.9824813338710152,0.0,0.0
52,Device,Cast,sequential/dropout/dropout/Cast,2,8.192,4.096,8.192,4.096,0.0009533967961352051,0.9834347306671504,0.0,0.0
53,Device,Mul,sequential/dropout/dropout/Mul,2,8.192,4.096,8.192,4.096,0.0009533967961352051,0.9843881274632855,0.0,0.0
54,Device,AssignAddVariableOp,AssignAddVariableOp_2,2,7.168,3.584,7.168,3.584,0.0008342221966183045,0.9852223496599039,0.0,0.0
55,Device,Mul,gradient_tape/sequential/dropout/dropout/Mul,2,7.168,3.584,7.168,3.584,0.0008342221966183045,0.9860565718565222,0.0,0.0
56,Device,AssignAddVariableOp,Adadelta/Adadelta/AssignAddVariableOp,2,6.144,3.072,6.144,3.072,0.0007150475971014038,0.9867716194536236,0.0,0.0
57,Device,AssignAddVariableOp,AssignAddVariableOp,2,6.144,3.072,6.144,3.072,0.0007150475971014038,0.987486667050725,0.0,0.0
58,Device,AssignAddVariableOp,AssignAddVariableOp_1,2,6.144,3.072,6.144,3.072,0.0007150475971014038,0.9882017146478264,0.0,0.0
59,Device,AssignAddVariableOp,AssignAddVariableOp_3,2,6.144,3.072,6.144,3.072,0.0007150475971014038,0.9889167622449277,0.0,0.0
60,Device,AssignAddVariableOp,AssignAddVariableOp_4,2,6.144,3.072,6.144,3.072,0.0007150475971014038,0.9896318098420291,0.0,0.0
61,Device,Cast,Cast,2,6.144,3.072,6.144,3.072,0.0007150475971014038,0.9903468574391305,0.0,0.0
62,Device,Cast,Cast_1,2,6.144,3.072,6.144,3.072,0.0007150475971014038,0.9910619050362319,0.0,0.0
63,Device,Cast,Cast_2,2,6.144,3.072,6.144,3.072,0.0007150475971014038,0.9917769526333333,0.0,0.0
64,Device,Equal,Equal,2,6.144,3.072,6.144,3.072,0.0007150475971014038,0.9924920002304347,0.0,0.0
65,Device,Mul,Mul,2,6.144,3.072,6.144,3.072,0.0007150475971014038,0.9932070478275361,0.0,0.0
66,Device,Sum,Sum_2,2,6.144,3.072,6.144,3.072,0.0007150475971014038,0.9939220954246375,0.0,0.0
67,Device,Sum,categorical_crossentropy/weighted_loss/Sum,2,6.144,3.072,6.144,3.072,0.0007150475971014038,0.9946371430217389,0.0,0.0
68,Device,Cast,categorical_crossentropy/weighted_loss/num_elements/Cast,2,6.144,3.072,6.144,3.072,0.0007150475971014038,0.9953521906188403,0.0,0.0
69,Device,DivNoNan,categorical_crossentropy/weighted_loss/value,2,6.144,3.072,6.144,3.072,0.0007150475971014038,0.9960672382159417,0.0,0.0
70,Device,DivNoNan,div_no_nan,2,6.144,3.072,6.144,3.072,0.0007150475971014038,0.9967822858130431,0.0,0.0
71,Device,DivNoNan,div_no_nan_1,2,6.144,3.072,6.144,3.072,0.0007150475971014038,0.9974973334101445,0.0,0.0
72,Device,BiasAdd,sequential/dense_1/BiasAdd,2,6.144,3.072,6.144,3.072,0.0007150475971014038,0.9982123810072459,0.0,0.0
73,Device,_Send,IteratorGetNext/_3,2,4.096,2.048,4.096,2.048,0.00047669839806760254,0.9986890794053135,0.0,0.0
74,Device,LogicalAnd,LogicalAnd,1,3.072,3.072,3.072,3.072,0.0003575237985507019,0.9990466032038642,0.0,0.0
75,Device,_Recv,Size/_16,2,3.072,1.536,3.072,1.536,0.0003575237985507019,0.9994041270024149,0.0,0.0
76,Device,_Recv,strided_slice/_12,2,3.072,1.536,3.072,1.536,0.0003575237985507019,0.9997616508009656,0.0,0.0
77,Device,_Recv,categorical_crossentropy/weighted_loss/num_elements/_14,2,2.048,1.024,2.048,1.024,0.00023834919903380127,0.9999999999999993,0.0,0.0
78,Host,IDLE,IDLE,0,30700.617,0.0,30700.617,0.0,0.0,0.0,0.8953987085110253,0.8953987085110253
79,Host,_Send,IteratorGetNext/_3,2,1350.926,675.463,1350.926,675.463,0.0,0.0,0.03940042624205127,0.9347991347530766
80,Host,_Send,IteratorGetNext/_1,2,1174.883,587.4415,1174.883,587.4415,0.0,0.0,0.034266044908855056,0.9690651796619317
81,Host,GatherV2,GatherV2,2,365.392,182.696,365.392,182.696,0.0,0.0,0.010656838750187352,0.979722018412119
82,Host,_Send,IteratorGetNext/_6,2,230.886,115.443,230.886,115.443,0.0,0.0,0.006733904605672146,0.9864559230177912
83,Host,GatherV2,GatherV2_1,2,68.431,34.2155,68.431,34.2155,0.0,0.0,0.001995824026016089,0.9884517470438072
84,Host,LogicalAnd,LogicalAnd,1,58.818,58.818,58.818,58.818,0.0,0.0,0.0017154561172891569,0.9901672031610964
85,Host,FlushSummaryWriter,FlushSummaryWriter,1,51.391,51.391,51.391,51.391,0.0,0.0,0.0014988439818356127,0.991666047142932
86,Host,_HostSend,categorical_crossentropy/softmax_cross_entropy_with_logits/Shape_2/_9,2,41.633,20.8165,41.633,20.8165,0.0,0.0,0.001214247076253859,0.9928802942191859
87,Host,Dataset,Iterator::Model,2,68.597,34.2985,38.174,19.087,0.0,0.0,0.0011133636271446884,0.9939936578463305
88,Host,Dataset,Iterator::Model::ParallelMapV2::Zip[1]::ForeverRepeat,2,51.939,25.9695,37.626,18.813,0.0,0.0,0.0010973809355830158,0.9950910387819135
89,Host,WriteSummary,WriteSummary,1,32.183,32.183,32.183,32.183,0.0,0.0,0.0009386331433016583,0.9960296719252152
90,Host,Dataset,Iterator::Model::ParallelMapV2,2,30.423,15.2115,30.423,15.2115,0.0,0.0,0.0008873018711327828,0.9969169737963479
91,Host,Dataset,Iterator::Model::ParallelMapV2::Zip[0]::FlatMap[1]::Concatenate,2,47.216,23.608,29.677,14.8385,0.0,0.0,0.0008655444114521118,0.9977825182078001
92,Host,IteratorGetNext,IteratorGetNext,2,20.111,10.0555,20.111,10.0555,0.0,0.0,0.0005865472810160535,0.9983690654888161
93,Host,Dataset,Iterator::Model::ParallelMapV2::Zip[0]::FlatMap[1]::Concatenate[0]::TensorSlice,2,17.539,8.7695,17.539,8.7695,0.0,0.0,0.0005115336264601742,0.9988805991152763
94,Host,Dataset,Iterator::Model::ParallelMapV2::Zip,2,121.781,60.8905,14.554,7.277,0.0,0.0,0.0004244746222419394,0.9993050737375182
95,Host,Dataset,Iterator::Model::ParallelMapV2::Zip[1]::ForeverRepeat::FromTensor,4,14.313,3.57825,14.313,3.57825,0.0,0.0,0.00041744573781426954,0.9997225194753324
96,Host,Dataset,Iterator::Model::ParallelMapV2::Zip[0]::FlatMap,2,55.288,27.644,8.072,4.036,0.0,0.0,0.00023542388008361513,0.999957943355416
97,Host,Identity,Identity,1,1.442,1.442,1.442,1.442,0.0,0.0,4.205664458381727e-05,0.9999999999999998
