Rank,Host/device,Type,Operation,#Occurrences,Total time (us),Avg. time (us),Total self-time (us),Avg. self-time (us),Total self-time on Device (%),Cumulative total-self time on Device (%),Total self-time on Host (%),Cumulative total-self time on Host (%)
1,Device,IDLE,IDLE,0,4676.023,0.0,4676.023,0.0,0.45693733686386373,0.45693733686386373,0.0,0.0
2,Device,Conv2DBackpropFilter,gradient_tape/sequential/conv2d_1/Conv2DBackpropFilter,4,564.227,141.05675,564.227,141.05675,0.055135824346177774,0.5120731612100415,0.0,0.0
3,Device,Conv2D,sequential/conv2d_1/Conv2D,4,489.476,122.369,489.476,122.369,0.047831214666561,0.5599043758766026,0.0,0.0
4,Device,Conv2DBackpropInput,gradient_tape/sequential/conv2d_1/Conv2DBackpropInput,4,487.427,121.85675,487.427,121.85675,0.04763098797750621,0.6075353638541088,0.0,0.0
5,Device,Conv2DBackpropFilter,gradient_tape/sequential/conv2d/Conv2DBackpropFilter,2,368.642,184.321,368.642,184.321,0.03602341000807063,0.6435587738621794,0.0,0.0
6,Device,_Send,IteratorGetNext/_1,2,356.867,178.4335,356.867,178.4335,0.034872766150764546,0.6784315400129439,0.0,0.0
7,Device,ReluGrad,gradient_tape/sequential/conv2d/ReluGrad,2,280.577,140.2885,280.577,140.2885,0.027417766586103683,0.7058493065990477,0.0,0.0
8,Device,MaxPoolGrad,gradient_tape/sequential/max_pooling2d/MaxPool/MaxPoolGrad,2,242.689,121.3445,242.689,121.3445,0.02371538064422571,0.7295646872432734,0.0,0.0
9,Device,BiasAdd,sequential/conv2d/BiasAdd,2,235.521,117.7605,235.521,117.7605,0.02301492924981636,0.7525796164930898,0.0,0.0
10,Device,MatMul,sequential/dense/MatMul,2,200.706,100.353,200.706,100.353,0.0196128344819088,0.7721924509749986,0.0,0.0
11,Device,Relu,sequential/conv2d/Relu,2,192.514,96.257,192.514,96.257,0.018812318602583835,0.7910047695775824,0.0,0.0
12,Device,MatMul,gradient_tape/sequential/dense/MatMul,2,190.465,95.2325,190.465,95.2325,0.01861209191352904,0.8096168614911115,0.0,0.0
13,Device,Conv2D,sequential/conv2d/Conv2D,2,180.226,90.113,180.226,90.113,0.017611544783596382,0.8272284062747078,0.0,0.0
14,Device,MatMul,gradient_tape/sequential/dense/MatMul_1,2,180.225,90.1125,180.225,90.1125,0.017611447064372832,0.8448398533390806,0.0,0.0
15,Device,MaxPoolGrad,gradient_tape/sequential/max_pooling2d_1/MaxPool/MaxPoolGrad,2,154.624,77.312,154.624,77.312,0.015109737222258758,0.8599495905613393,0.0,0.0
16,Device,ResourceApplyAdadelta,Adadelta/Adadelta/update_4/ResourceApplyAdadelta,2,146.433,73.2165,146.433,73.2165,0.014309319062157341,0.8742589096234967,0.0,0.0
17,Device,MaxPool,sequential/max_pooling2d/MaxPool,2,137.216,68.608,137.216,68.608,0.013408640978693204,0.8876675506021899,0.0,0.0
18,Device,SoftmaxCrossEntropyWithLogits,categorical_crossentropy/softmax_cross_entropy_with_logits,2,119.809,59.9045,119.809,59.9045,0.011707642454351198,0.8993751930565411,0.0,0.0
19,Device,BiasAddGrad,gradient_tape/sequential/conv2d/BiasAdd/BiasAddGrad,2,107.521,53.7605,107.521,53.7605,0.010506868635363747,0.9098820616919049,0.0,0.0
20,Device,ReluGrad,gradient_tape/sequential/conv2d_1/ReluGrad,2,63.488,31.744,63.488,31.744,0.006203998064768497,0.9160860597566733,0.0,0.0
21,Device,BiasAdd,sequential/conv2d_1/BiasAdd,2,59.392,29.696,59.392,29.696,0.005803740125106013,0.9218897998817793,0.0,0.0
22,Device,Relu,sequential/conv2d_1/Relu,2,48.128,24.064,48.128,24.064,0.004703030791034183,0.9265928306728135,0.0,0.0
23,Device,BiasAddGrad,gradient_tape/sequential/conv2d_1/BiasAdd/BiasAddGrad,2,40.961,20.4805,40.961,20.4805,0.004002677115848387,0.9305955077886618,0.0,0.0
24,Device,MaxPool,sequential/max_pooling2d_1/MaxPool,2,40.96,20.48,40.96,20.48,0.004002579396624837,0.9345980871852867,0.0,0.0
25,Device,MatMul,sequential/dense_1/MatMul,2,35.84,17.92,35.84,17.92,0.0035022569720467326,0.9381003441573335,0.0,0.0
26,Device,MatMul,gradient_tape/sequential/dense_1/MatMul_1,2,32.768,16.384,32.768,16.384,0.0032020635172998694,0.9413024076746334,0.0,0.0
27,Device,ResourceApplyAdadelta,Adadelta/Adadelta/update_2/ResourceApplyAdadelta,2,30.72,15.36,30.72,15.36,0.0030019345474686272,0.944304342222102,0.0,0.0
28,Device,ResourceApplyAdadelta,Adadelta/Adadelta/update_6/ResourceApplyAdadelta,2,28.672,14.336,28.672,14.336,0.002801805577637386,0.9471061477997395,0.0,0.0
29,Device,Softmax,sequential/dense_1/Softmax,2,27.648,13.824,27.648,13.824,0.002701741092721765,0.9498078888924613,0.0,0.0
30,Device,ResourceApplyAdadelta,Adadelta/Adadelta/update/ResourceApplyAdadelta,2,25.6,12.8,25.6,12.8,0.002501612122890523,0.9523095010153518,0.0,0.0
31,Device,ResourceApplyAdadelta,Adadelta/Adadelta/update_5/ResourceApplyAdadelta,2,25.6,12.8,25.6,12.8,0.002501612122890523,0.9548111131382424,0.0,0.0
32,Device,ResourceApplyAdadelta,Adadelta/Adadelta/update_7/ResourceApplyAdadelta,2,25.6,12.8,25.6,12.8,0.002501612122890523,0.957312725261133,0.0,0.0
33,Device,ResourceApplyAdadelta,Adadelta/Adadelta/update_3/ResourceApplyAdadelta,2,22.529,11.2645,22.529,11.2645,0.0022015163873672105,0.9595142416485002,0.0,0.0
34,Device,Unknown,gradient_tape/sequential/max_pooling2d_1/MaxPool/MaxPoolGrad-2-TransposeNHWCToNCHW-LayoutOptimizer:Transpose,2,21.505,10.7525,21.505,10.7525,0.0021014519024515894,0.9616156935509518,0.0,0.0
35,Device,ResourceApplyAdadelta,Adadelta/Adadelta/update_1/ResourceApplyAdadelta,2,19.456,9.728,19.456,9.728,0.0019012252133967973,0.9635169187643485,0.0,0.0
36,Device,MatMul,gradient_tape/sequential/dense_1/MatMul,2,19.456,9.728,19.456,9.728,0.0019012252133967973,0.9654181439777453,0.0,0.0
37,Device,Unknown,sequential/max_pooling2d_1/MaxPool-0-2-TransposeNCHWToNHWC-LayoutOptimizer:Transpose,2,19.456,9.728,19.456,9.728,0.0019012252133967973,0.967319369191142,0.0,0.0
38,Device,RandomUniform,sequential/dropout/dropout/random_uniform/RandomUniform,2,17.408,8.704,17.408,8.704,0.0017010962435655558,0.9690204654347075,0.0,0.0
39,Device,ReluGrad,gradient_tape/sequential/dense/ReluGrad,2,16.384,8.192,16.384,8.192,0.0016010317586499347,0.9706214971933574,0.0,0.0
40,Device,Mul,sequential/dropout/dropout/Mul_1,2,14.336,7.168,14.336,7.168,0.001400902788818693,0.9720223999821761,0.0,0.0
41,Device,BiasAddGrad,gradient_tape/sequential/dense_1/BiasAdd/BiasAddGrad,2,13.313,6.6565,13.313,6.6565,0.0013009360231266223,0.9733233360053027,0.0,0.0
42,Device,BiasAddGrad,gradient_tape/sequential/dense/BiasAdd/BiasAddGrad,2,13.312,6.656,13.312,6.656,0.0013008383039030719,0.9746241743092058,0.0,0.0
43,Device,Mul,gradient_tape/sequential/dropout/dropout/Mul,2,13.312,6.656,13.312,6.656,0.0013008383039030719,0.9759250126131088,0.0,0.0
44,Device,Mul,gradient_tape/sequential/dropout/dropout/Mul_1,2,13.312,6.656,13.312,6.656,0.0013008383039030719,0.9772258509170119,0.0,0.0
45,Device,BiasAdd,sequential/dense/BiasAdd,2,12.288,6.144,12.288,6.144,0.001200773818987451,0.9784266247359993,0.0,0.0
46,Device,ArgMax,ArgMax,2,10.24,5.12,10.24,5.12,0.0010006448491562093,0.9794272695851555,0.0,0.0
47,Device,ArgMax,ArgMax_1,2,10.24,5.12,10.24,5.12,0.0010006448491562093,0.9804279144343117,0.0,0.0
48,Device,GreaterEqual,sequential/dropout/dropout/GreaterEqual,2,10.24,5.12,10.24,5.12,0.0010006448491562093,0.9814285592834678,0.0,0.0
49,Device,Mul,gradient_tape/categorical_crossentropy/softmax_cross_entropy_with_logits/mul,2,9.216,4.608,9.216,4.608,0.0009005803642405882,0.9823291396477084,0.0,0.0
50,Device,Relu,sequential/dense/Relu,2,9.216,4.608,9.216,4.608,0.0009005803642405882,0.983229720011949,0.0,0.0
51,Device,AssignAddVariableOp,AssignAddVariableOp_2,2,8.192,4.096,8.192,4.096,0.0008005158793249673,0.9840302358912739,0.0,0.0
52,Device,DivNoNan,gradient_tape/categorical_crossentropy/weighted_loss/value/div_no_nan,2,8.192,4.096,8.192,4.096,0.0008005158793249673,0.9848307517705989,0.0,0.0
53,Device,Cast,sequential/dropout/dropout/Cast,2,8.192,4.096,8.192,4.096,0.0008005158793249673,0.9856312676499238,0.0,0.0
54,Device,Mul,sequential/dropout/dropout/Mul,2,8.192,4.096,8.192,4.096,0.0008005158793249673,0.9864317835292488,0.0,0.0
55,Device,_Recv,categorical_crossentropy/weighted_loss/num_elements/_14,2,7.264,3.632,7.264,3.632,0.0007098324398701859,0.987141615969119,0.0,0.0
56,Device,Sum,Sum_2,2,7.168,3.584,7.168,3.584,0.0007004513944093465,0.9878420673635283,0.0,0.0
57,Device,Sum,categorical_crossentropy/weighted_loss/Sum,2,7.168,3.584,7.168,3.584,0.0007004513944093465,0.9885425187579376,0.0,0.0
58,Device,Cast,categorical_crossentropy/weighted_loss/num_elements/Cast,2,7.168,3.584,7.168,3.584,0.0007004513944093465,0.989242970152347,0.0,0.0
59,Device,DivNoNan,categorical_crossentropy/weighted_loss/value,2,7.168,3.584,7.168,3.584,0.0007004513944093465,0.9899434215467563,0.0,0.0
60,Device,DivNoNan,div_no_nan,2,7.168,3.584,7.168,3.584,0.0007004513944093465,0.9906438729411656,0.0,0.0
61,Device,Tile,gradient_tape/categorical_crossentropy/weighted_loss/Tile_1,2,7.168,3.584,7.168,3.584,0.0007004513944093465,0.991344324335575,0.0,0.0
62,Device,Equal,Equal,2,6.145,3.0725,6.145,3.0725,0.0006004846287172759,0.9919448089642923,0.0,0.0
63,Device,AssignAddVariableOp,AssignAddVariableOp_1,2,6.144,3.072,6.144,3.072,0.0006003869094937255,0.992545195873786,0.0,0.0
64,Device,AssignAddVariableOp,AssignAddVariableOp_3,2,6.144,3.072,6.144,3.072,0.0006003869094937255,0.9931455827832797,0.0,0.0
65,Device,AssignAddVariableOp,AssignAddVariableOp_4,2,6.144,3.072,6.144,3.072,0.0006003869094937255,0.9937459696927734,0.0,0.0
66,Device,Cast,Cast,2,6.144,3.072,6.144,3.072,0.0006003869094937255,0.9943463566022671,0.0,0.0
67,Device,Cast,Cast_1,2,6.144,3.072,6.144,3.072,0.0006003869094937255,0.9949467435117608,0.0,0.0
68,Device,Cast,Cast_2,2,6.144,3.072,6.144,3.072,0.0006003869094937255,0.9955471304212545,0.0,0.0
69,Device,_Send,IteratorGetNext/_3,2,6.144,3.072,6.144,3.072,0.0006003869094937255,0.9961475173307482,0.0,0.0
70,Device,Mul,Mul,2,6.144,3.072,6.144,3.072,0.0006003869094937255,0.996747904240242,0.0,0.0
71,Device,DivNoNan,div_no_nan_1,2,6.144,3.072,6.144,3.072,0.0006003869094937255,0.9973482911497357,0.0,0.0
72,Device,BiasAdd,sequential/dense_1/BiasAdd,2,6.144,3.072,6.144,3.072,0.0006003869094937255,0.9979486780592294,0.0,0.0
73,Device,_Recv,Size/_16,2,5.632,2.816,5.632,2.816,0.000550354667035915,0.9984990327262653,0.0,0.0
74,Device,AssignAddVariableOp,Adadelta/Adadelta/AssignAddVariableOp,2,5.12,2.56,5.12,2.56,0.0005003224245781046,0.9989993551508434,0.0,0.0
75,Device,AssignAddVariableOp,AssignAddVariableOp,2,5.12,2.56,5.12,2.56,0.0005003224245781046,0.9994996775754215,0.0,0.0
76,Device,LogicalAnd,LogicalAnd,1,3.072,3.072,3.072,3.072,0.00030019345474686276,0.9997998710301683,0.0,0.0
77,Device,_Recv,strided_slice/_12,2,2.048,1.024,2.048,1.024,0.00020012896983124184,0.9999999999999996,0.0,0.0
78,Host,IDLE,IDLE,0,38012.583,0.0,38012.583,0.0,0.0,0.0,0.8779994659834703,0.8779994659834703
79,Host,_Send,IteratorGetNext/_3,2,1872.048,936.024,1872.048,936.024,0.0,0.0,0.04323981730721703,0.9212392832906874
80,Host,_Send,IteratorGetNext/_1,2,1799.613,899.8065,1799.613,899.8065,0.0,0.0,0.04156674259617957,0.9628060258868669
81,Host,GatherV2,GatherV2,2,577.353,288.6765,577.353,288.6765,0.0,0.0,0.01333546909148359,0.9761414949783506
82,Host,_Send,IteratorGetNext/_6,2,491.19,245.595,491.19,245.595,0.0,0.0,0.011345310517215334,0.9874868054955659
83,Host,GatherV2,GatherV2_1,2,138.55,69.275,138.55,69.275,0.0,0.0,0.0032001725852728777,0.9906869780808387
84,Host,LogicalAnd,LogicalAnd,1,58.061,58.061,58.061,58.061,0.0,0.0,0.001341069797715832,0.9920280478785546
85,Host,FlushSummaryWriter,FlushSummaryWriter,1,53.372,53.372,53.372,53.372,0.0,0.0,0.0012327651477530423,0.9932608130263076
86,Host,Dataset,Iterator::Model::ParallelMapV2::Zip[1]::ForeverRepeat,2,55.115,27.5575,39.487,19.7435,0.0,0.0,0.00091205496120296,0.9941728679875106
87,Host,Dataset,Iterator::Model::ParallelMapV2::Zip[0]::FlatMap[1]::Concatenate,2,58.673,29.3365,38.819,19.4095,0.0,0.0,0.0008966257638954012,0.995069493751406
88,Host,Dataset,Iterator::Model,2,67.105,33.5525,38.18,19.09,0.0,0.0,0.0008818663970098769,0.9959513601484158
89,Host,_HostSend,categorical_crossentropy/softmax_cross_entropy_with_logits/Shape_2/_9,2,38.046,19.023,38.046,19.023,0.0,0.0,0.0008787713185080613,0.9968301314669239
90,Host,WriteSummary,WriteSummary,1,30.506,30.506,30.506,30.506,0.0,0.0,0.0007046154087790284,0.9975347468757029
91,Host,Dataset,Iterator::Model::ParallelMapV2,2,28.925,14.4625,28.925,14.4625,0.0,0.0,0.0006680981019777551,0.9982028449776806
92,Host,Dataset,Iterator::Model::ParallelMapV2::Zip[0]::FlatMap[1]::Concatenate[0]::TensorSlice,2,19.854,9.927,19.854,9.927,0.0,0.0,0.00045857976548543993,0.9986614247431661
93,Host,Dataset,Iterator::Model::ParallelMapV2::Zip,2,139.07,69.535,16.645,8.3225,0.0,0.0,0.0003844595646471818,0.9990458843078133
94,Host,Dataset,Iterator::Model::ParallelMapV2::Zip[1]::ForeverRepeat::FromTensor,4,15.628,3.907,15.628,3.907,0.0,0.0,0.00036096930467444625,0.9994068536124877
95,Host,IteratorGetNext,IteratorGetNext,2,15.554,7.777,15.554,7.777,0.0,0.0,0.00035926008221821967,0.9997661136947059
96,Host,Dataset,Iterator::Model::ParallelMapV2::Zip[0]::FlatMap,2,67.31,33.655,8.637,4.3185,0.0,0.0,0.0001994939777625539,0.9999656076724684
97,Host,Identity,Identity,1,1.489,1.489,1.489,1.489,0.0,0.0,3.4392327531370005e-05,0.9999999999999998
