Rank,Host/device,Type,Operation,#Occurrences,Total time (us),Avg. time (us),Total self-time (us),Avg. self-time (us),Total self-time on Device (%),Cumulative total-self time on Device (%),Total self-time on Host (%),Cumulative total-self time on Host (%)
1,Device,IDLE,IDLE,0,6101.562,0.0,6101.562,0.0,0.7965427406797027,0.7965427406797027,0.0,0.0
2,Device,ResourceApplyAdadelta,Adadelta/Adadelta/update_4/ResourceApplyAdadelta,2,146.432,73.216,146.432,73.216,0.019116309332464408,0.8156590500121671,0.0,0.0
3,Device,SoftmaxCrossEntropyWithLogits,categorical_crossentropy/softmax_cross_entropy_with_logits,2,130.047,65.0235,130.047,65.0235,0.016977291027637398,0.8326363410398046,0.0,0.0
4,Device,Conv2DBackpropFilter,gradient_tape/sequential/conv2d_1/Conv2DBackpropFilter,2,108.544,54.272,108.544,54.272,0.014170131393295298,0.8468064724330998,0.0,0.0
5,Device,Conv2D,sequential/conv2d_1/Conv2D,2,107.52,53.76,107.52,53.76,0.014036450908452888,0.8608429233415527,0.0,0.0
6,Device,Conv2DBackpropInput,gradient_tape/sequential/conv2d_1/Conv2DBackpropInput,2,87.04,43.52,87.04,43.52,0.01136284121160472,0.8722057645531573,0.0,0.0
7,Device,Conv2DBackpropFilter,gradient_tape/sequential/conv2d/Conv2DBackpropFilter,2,81.92,40.96,81.92,40.96,0.010694438787392678,0.88290020334055,0.0,0.0
8,Device,MatMul,sequential/dense/MatMul,2,50.176,25.088,50.176,25.088,0.006550343757278016,0.889450547097828,0.0,0.0
9,Device,MatMul,gradient_tape/sequential/dense/MatMul,2,45.056,22.528,45.056,22.528,0.005881941333065972,0.895332488430894,0.0,0.0
10,Device,Conv2D,sequential/conv2d/Conv2D,2,40.96,20.48,40.96,20.48,0.005347219393696339,0.9006797078245903,0.0,0.0
11,Device,MatMul,sequential/dense_1/MatMul,2,38.912,19.456,38.912,19.456,0.005079858424011522,0.9057595662486018,0.0,0.0
12,Device,ResourceApplyAdadelta,Adadelta/Adadelta/update_2/ResourceApplyAdadelta,2,33.792,16.896,33.792,16.896,0.00441145599979948,0.9101710222484013,0.0,0.0
13,Device,ResourceApplyAdadelta,Adadelta/Adadelta/update_6/ResourceApplyAdadelta,2,32.768,16.384,32.768,16.384,0.004277775514957071,0.9144487977633584,0.0,0.0
14,Device,ResourceApplyAdadelta,Adadelta/Adadelta/update_7/ResourceApplyAdadelta,2,29.696,14.848,29.696,14.848,0.0038767340604298458,0.9183255318237883,0.0,0.0
15,Device,ResourceApplyAdadelta,Adadelta/Adadelta/update_5/ResourceApplyAdadelta,2,27.648,13.824,27.648,13.824,0.0036093730907450286,0.9219349049145333,0.0,0.0
16,Device,Softmax,sequential/dense_1/Softmax,2,27.616,13.808,27.616,13.808,0.003605195575593703,0.925540100490127,0.0,0.0
17,Device,ResourceApplyAdadelta,Adadelta/Adadelta/update/ResourceApplyAdadelta,2,26.624,13.312,26.624,13.312,0.00347569260590262,0.9290157930960297,0.0,0.0
18,Device,ResourceApplyAdadelta,Adadelta/Adadelta/update_1/ResourceApplyAdadelta,2,25.6,12.8,25.6,12.8,0.003342012121060212,0.9323578052170899,0.0,0.0
19,Device,ResourceApplyAdadelta,Adadelta/Adadelta/update_3/ResourceApplyAdadelta,2,22.528,11.264,22.528,11.264,0.002940970666532986,0.9352987758836229,0.0,0.0
20,Device,MatMul,gradient_tape/sequential/dense/MatMul_1,2,20.48,10.24,20.48,10.24,0.0026736096968481694,0.937972385580471,0.0,0.0
21,Device,MatMul,gradient_tape/sequential/dense_1/MatMul,2,20.48,10.24,20.48,10.24,0.0026736096968481694,0.9406459952773192,0.0,0.0
22,Device,MatMul,gradient_tape/sequential/dense_1/MatMul_1,2,20.48,10.24,20.48,10.24,0.0026736096968481694,0.9433196049741673,0.0,0.0
23,Device,MaxPoolGrad,gradient_tape/sequential/max_pooling2d/MaxPool/MaxPoolGrad,2,16.384,8.192,16.384,8.192,0.0021388877574785355,0.9454584927316458,0.0,0.0
24,Device,BiasAddGrad,gradient_tape/sequential/conv2d/BiasAdd/BiasAddGrad,2,14.336,7.168,14.336,7.168,0.0018715267877937186,0.9473300195194395,0.0,0.0
25,Device,RandomUniform,sequential/dropout/dropout/random_uniform/RandomUniform,2,14.336,7.168,14.336,7.168,0.0018715267877937186,0.9492015463072332,0.0,0.0
26,Device,MaxPool,sequential/max_pooling2d/MaxPool,2,14.336,7.168,14.336,7.168,0.0018715267877937186,0.9510730730950269,0.0,0.0
27,Device,MaxPoolGrad,gradient_tape/sequential/max_pooling2d_1/MaxPool/MaxPoolGrad,2,14.335,7.1675,14.335,7.1675,0.0018713962404452397,0.952944469335472,0.0,0.0
28,Device,_Send,IteratorGetNext/_1,2,13.312,6.656,13.312,6.656,0.00173784630295131,0.9546823156384233,0.0,0.0
29,Device,Unknown,sequential/max_pooling2d_1/MaxPool-0-1-TransposeNCHWToNHWC-LayoutOptimizer:Transpose,2,13.312,6.656,13.312,6.656,0.00173784630295131,0.9564201619413746,0.0,0.0
30,Device,Unknown,gradient_tape/sequential/max_pooling2d_1/MaxPool/MaxPoolGrad-2-TransposeNHWCToNCHW-LayoutOptimizer:Transpose,2,12.288,6.144,12.288,6.144,0.0016041658181089016,0.9580243277594834,0.0,0.0
31,Device,BiasAdd,sequential/conv2d/BiasAdd,2,12.288,6.144,12.288,6.144,0.0016041658181089016,0.9596284935775923,0.0,0.0
32,Device,ArgMax,ArgMax_1,2,11.264,5.632,11.264,5.632,0.001470485333266493,0.9610989789108588,0.0,0.0
33,Device,BiasAddGrad,gradient_tape/sequential/conv2d_1/BiasAdd/BiasAddGrad,2,11.264,5.632,11.264,5.632,0.001470485333266493,0.9625694642441254,0.0,0.0
34,Device,BiasAddGrad,gradient_tape/sequential/dense_1/BiasAdd/BiasAddGrad,2,11.264,5.632,11.264,5.632,0.001470485333266493,0.9640399495773919,0.0,0.0
35,Device,ArgMax,ArgMax,2,10.24,5.12,10.24,5.12,0.0013368048484240847,0.965376754425816,0.0,0.0
36,Device,Mul,gradient_tape/categorical_crossentropy/softmax_cross_entropy_with_logits/mul,2,10.24,5.12,10.24,5.12,0.0013368048484240847,0.9667135592742402,0.0,0.0
37,Device,Relu,sequential/conv2d/Relu,2,10.24,5.12,10.24,5.12,0.0013368048484240847,0.9680503641226643,0.0,0.0
38,Device,MaxPool,sequential/max_pooling2d_1/MaxPool,2,10.24,5.12,10.24,5.12,0.0013368048484240847,0.9693871689710885,0.0,0.0
39,Device,DivNoNan,categorical_crossentropy/weighted_loss/value,2,9.216,4.608,9.216,4.608,0.0012031243635816761,0.9705902933346702,0.0,0.0
40,Device,ReluGrad,gradient_tape/sequential/conv2d/ReluGrad,2,9.216,4.608,9.216,4.608,0.0012031243635816761,0.9717934176982519,0.0,0.0
41,Device,Mul,gradient_tape/sequential/dropout/dropout/Mul,2,9.216,4.608,9.216,4.608,0.0012031243635816761,0.9729965420618336,0.0,0.0
42,Device,BiasAdd,sequential/dense/BiasAdd,2,9.216,4.608,9.216,4.608,0.0012031243635816761,0.9741996664254153,0.0,0.0
43,Device,Mul,sequential/dropout/dropout/Mul_1,2,9.216,4.608,9.216,4.608,0.0012031243635816761,0.975402790788997,0.0,0.0
44,Device,AssignAddVariableOp,AssignAddVariableOp_2,2,8.192,4.096,8.192,4.096,0.0010694438787392678,0.9764722346677364,0.0,0.0
45,Device,AssignAddVariableOp,AssignAddVariableOp_4,2,8.192,4.096,8.192,4.096,0.0010694438787392678,0.9775416785464757,0.0,0.0
46,Device,Sum,categorical_crossentropy/weighted_loss/Sum,2,8.192,4.096,8.192,4.096,0.0010694438787392678,0.978611122425215,0.0,0.0
47,Device,DivNoNan,div_no_nan_1,2,8.192,4.096,8.192,4.096,0.0010694438787392678,0.9796805663039543,0.0,0.0
48,Device,ReluGrad,gradient_tape/sequential/conv2d_1/ReluGrad,2,8.192,4.096,8.192,4.096,0.0010694438787392678,0.9807500101826936,0.0,0.0
49,Device,BiasAddGrad,gradient_tape/sequential/dense/BiasAdd/BiasAddGrad,2,8.192,4.096,8.192,4.096,0.0010694438787392678,0.9818194540614329,0.0,0.0
50,Device,ReluGrad,gradient_tape/sequential/dense/ReluGrad,2,8.192,4.096,8.192,4.096,0.0010694438787392678,0.9828888979401722,0.0,0.0
51,Device,Mul,gradient_tape/sequential/dropout/dropout/Mul_2,2,8.192,4.096,8.192,4.096,0.0010694438787392678,0.9839583418189115,0.0,0.0
52,Device,BiasAdd,sequential/conv2d_1/BiasAdd,2,8.192,4.096,8.192,4.096,0.0010694438787392678,0.9850277856976508,0.0,0.0
53,Device,Relu,sequential/conv2d_1/Relu,2,8.192,4.096,8.192,4.096,0.0010694438787392678,0.9860972295763901,0.0,0.0
54,Device,Relu,sequential/dense/Relu,2,8.192,4.096,8.192,4.096,0.0010694438787392678,0.9871666734551294,0.0,0.0
55,Device,Mul,sequential/dropout/dropout/Mul,2,8.192,4.096,8.192,4.096,0.0010694438787392678,0.9882361173338687,0.0,0.0
56,Device,AssignAddVariableOp,Adadelta/Adadelta/AssignAddVariableOp,2,7.168,3.584,7.168,3.584,0.0009357633938968593,0.9891718807277656,0.0,0.0
57,Device,AssignAddVariableOp,AssignAddVariableOp,2,7.168,3.584,7.168,3.584,0.0009357633938968593,0.9901076441216625,0.0,0.0
58,Device,AssignAddVariableOp,AssignAddVariableOp_1,2,7.168,3.584,7.168,3.584,0.0009357633938968593,0.9910434075155594,0.0,0.0
59,Device,Cast,Cast_1,2,7.168,3.584,7.168,3.584,0.0009357633938968593,0.9919791709094563,0.0,0.0
60,Device,Equal,Equal,2,7.168,3.584,7.168,3.584,0.0009357633938968593,0.9929149343033532,0.0,0.0
61,Device,DivNoNan,div_no_nan,2,7.168,3.584,7.168,3.584,0.0009357633938968593,0.9938506976972501,0.0,0.0
62,Device,BiasAdd,sequential/dense_1/BiasAdd,2,7.168,3.584,7.168,3.584,0.0009357633938968593,0.994786461091147,0.0,0.0
63,Device,GreaterEqual,sequential/dropout/dropout/GreaterEqual,2,7.168,3.584,7.168,3.584,0.0009357633938968593,0.9957222244850439,0.0,0.0
64,Device,AssignAddVariableOp,AssignAddVariableOp_3,2,6.144,3.072,6.144,3.072,0.0008020829090544508,0.9965243073940984,0.0,0.0
65,Device,Mul,Mul,2,6.144,3.072,6.144,3.072,0.0008020829090544508,0.9973263903031528,0.0,0.0
66,Device,Sum,Sum_2,2,6.144,3.072,6.144,3.072,0.0008020829090544508,0.9981284732122073,0.0,0.0
67,Device,Cast,sequential/dropout/dropout/Cast,2,6.144,3.072,6.144,3.072,0.0008020829090544508,0.9989305561212618,0.0,0.0
68,Device,_Send,IteratorGetNext/_3,2,4.096,2.048,4.096,2.048,0.0005347219393696339,0.9994652780606315,0.0,0.0
69,Device,LogicalAnd,LogicalAnd,1,4.096,4.096,4.096,4.096,0.0005347219393696339,1.000000000000001,0.0,0.0
70,Host,IDLE,IDLE,0,23023.872,0.0,23023.872,0.0,0.0,0.0,0.8696077429361163,0.8696077429361163
71,Host,_Send,IteratorGetNext/_1,2,1151.966,575.983,1151.966,575.983,0.0,0.0,0.043509560563885434,0.9131173035000018
72,Host,_Send,IteratorGetNext/_3,2,979.814,489.907,979.814,489.907,0.0,0.0,0.03700740870333226,0.950124712203334
73,Host,_Send,IteratorGetNext/_6,2,892.302,446.151,892.302,446.151,0.0,0.0,0.03370209529645502,0.9838268074997891
74,Host,LogicalAnd,LogicalAnd,1,57.142,57.142,57.142,57.142,0.0,0.0,0.0021582436545362813,0.9859850511543254
75,Host,FlushSummaryWriter,FlushSummaryWriter,1,56.794,56.794,56.794,56.794,0.0,0.0,0.00214509975352164,0.9881301509078471
76,Host,GatherV2,GatherV2,2,55.517,27.7585,55.517,27.7585,0.0,0.0,0.0020968676799707877,0.9902270185878178
77,Host,Dataset,Iterator::Model::ParallelMapV2::Zip[0]::FlatMap,2,60.541,30.2705,49.51,24.755,0.0,0.0,0.0018699843081462196,0.992097002895964
78,Host,Dataset,Iterator::Model,2,64.876,32.438,34.828,17.414,0.0,0.0,0.001315447656718169,0.9934124505526822
79,Host,WriteSummary,WriteSummary,1,30.432,30.432,30.432,30.432,0.0,0.0,0.0011494114818320694,0.9945618620345144
80,Host,Dataset,Iterator::Model::ParallelMapV2,2,30.048,15.024,30.048,15.024,0.0,0.0,0.001134907866919362,0.9956967699014337
81,Host,Dataset,Iterator::Model::ParallelMapV2::Zip[1]::ForeverRepeat,2,41.132,20.566,28.722,14.361,0.0,0.0,0.001084825071673919,0.9967815949731077
82,Host,IteratorGetNext,IteratorGetNext,2,23.702,11.851,23.702,11.851,0.0,0.0,0.0008952205225546698,0.9976768154956623
83,Host,Dataset,Iterator::Model::ParallelMapV2::Zip,2,120.594,60.297,18.921,9.4605,0.0,0.0,0.000714642962925361,0.9983914584585877
84,Host,GatherV2,GatherV2_1,2,17.717,8.8585,17.717,8.8585,0.0,0.0,0.0006691680870011427,0.9990606265455888
85,Host,Dataset,Iterator::Model::ParallelMapV2::Zip[1]::ForeverRepeat::FromTensor,4,12.41,3.1025,12.41,3.1025,0.0,0.0,0.0004687235965278648,0.9995293501421166
86,Host,Dataset,Iterator::Model::ParallelMapV2::Zip[0]::FlatMap[1]::TensorSlice,2,11.031,5.5155,11.031,5.5155,0.0,0.0,0.0004166390002658241,0.9999459891423824
87,Host,Identity,Identity,1,1.43,1.43,1.43,1.43,0.0,0.0,5.4010857617634704e-05,1.0
