Rank,Host/device,Type,Operation,#Occurrences,Total time (us),Avg. time (us),Total self-time (us),Avg. self-time (us),Total self-time on Device (%),Cumulative total-self time on Device (%),Total self-time on Host (%),Cumulative total-self time on Host (%)
1,Device,IDLE,IDLE,0,7062.628,0.0,7062.628,0.0,0.7888589335803426,0.7888589335803426,0.0,0.0
2,Device,Conv2DBackpropFilter,gradient_tape/sequential/conv2d/Conv2DBackpropFilter,2,155.648,77.824,155.648,77.824,0.017385074690881804,0.8062440082712244,0.0,0.0
3,Device,ResourceApplyAdadelta,Adadelta/Adadelta/update_4/ResourceApplyAdadelta,2,146.432,73.216,146.432,73.216,0.01635569526839538,0.8225997035396199,0.0,0.0
4,Device,Conv2D,sequential/conv2d_1/Conv2D,4,134.145,33.53625,134.145,33.53625,0.014983301066562626,0.8375830046061825,0.0,0.0
5,Device,Conv2DBackpropFilter,gradient_tape/sequential/conv2d_1/Conv2DBackpropFilter,4,129.024,32.256,129.024,32.256,0.014411311914809917,0.8519943165209924,0.0,0.0
6,Device,Conv2DBackpropInput,gradient_tape/sequential/conv2d_1/Conv2DBackpropInput,4,126.976,31.744,126.976,31.744,0.014182560932035156,0.8661768774530276,0.0,0.0
7,Device,SoftmaxCrossEntropyWithLogits,categorical_crossentropy/softmax_cross_entropy_with_logits,2,115.712,57.856,115.712,57.856,0.012924430526773972,0.8791013079798016,0.0,0.0
8,Device,MatMul,gradient_tape/sequential/dense/MatMul,2,62.464,31.232,62.464,31.232,0.006976904974630198,0.8860782129544318,0.0,0.0
9,Device,Conv2D,sequential/conv2d/Conv2D,2,58.368,29.184,58.368,29.184,0.006519403009080676,0.8925976159635125,0.0,0.0
10,Device,MatMul,sequential/dense/MatMul,2,56.32,28.16,56.32,28.16,0.006290652026305916,0.8988882679898185,0.0,0.0
11,Device,_Send,IteratorGetNext/_1,2,43.04,21.52,43.04,21.52,0.004807344872375828,0.9036956128621942,0.0,0.0
12,Device,MaxPoolGrad,gradient_tape/sequential/max_pooling2d/MaxPool/MaxPoolGrad,2,41.985,20.9925,41.985,20.9925,0.0046895068416984,0.9083851197038927,0.0,0.0
13,Device,ReluGrad,gradient_tape/sequential/conv2d/ReluGrad,2,37.888,18.944,37.888,18.944,0.0042318931813330705,0.9126170128852258,0.0,0.0
14,Device,MatMul,gradient_tape/sequential/dense/MatMul_1,2,36.864,18.432,36.864,18.432,0.00411751768994569,0.9167345305751715,0.0,0.0
15,Device,ResourceApplyAdadelta,Adadelta/Adadelta/update_2/ResourceApplyAdadelta,2,32.768,16.384,32.768,16.384,0.0036600157243961693,0.9203945462995676,0.0,0.0
16,Device,MatMul,sequential/dense_1/MatMul,2,32.768,16.384,32.768,16.384,0.0036600157243961693,0.9240545620239637,0.0,0.0
17,Device,ResourceApplyAdadelta,Adadelta/Adadelta/update_6/ResourceApplyAdadelta,2,31.744,15.872,31.744,15.872,0.003545640233008789,0.9276002022569725,0.0,0.0
18,Device,BiasAddGrad,gradient_tape/sequential/conv2d/BiasAdd/BiasAddGrad,2,28.672,14.336,28.672,14.336,0.003202513758846648,0.9308027160158191,0.0,0.0
19,Device,MaxPoolGrad,gradient_tape/sequential/max_pooling2d_1/MaxPool/MaxPoolGrad,2,28.672,14.336,28.672,14.336,0.003202513758846648,0.9340052297746657,0.0,0.0
20,Device,ResourceApplyAdadelta,Adadelta/Adadelta/update_7/ResourceApplyAdadelta,2,26.624,13.312,26.624,13.312,0.0029737627760718873,0.9369789925507376,0.0,0.0
21,Device,ResourceApplyAdadelta,Adadelta/Adadelta/update_5/ResourceApplyAdadelta,2,25.6,12.8,25.6,12.8,0.0028593872846845074,0.9398383798354221,0.0,0.0
22,Device,ResourceApplyAdadelta,Adadelta/Adadelta/update/ResourceApplyAdadelta,2,24.576,12.288,24.576,12.288,0.002745011793297127,0.9425833916287192,0.0,0.0
23,Device,MatMul,gradient_tape/sequential/dense_1/MatMul_1,2,24.576,12.288,24.576,12.288,0.002745011793297127,0.9453284034220163,0.0,0.0
24,Device,Softmax,sequential/dense_1/Softmax,2,23.552,11.776,23.552,11.776,0.0026306363019097468,0.947959039723926,0.0,0.0
25,Device,ResourceApplyAdadelta,Adadelta/Adadelta/update_3/ResourceApplyAdadelta,2,21.504,10.752,21.504,10.752,0.002401885319134986,0.950360925043061,0.0,0.0
26,Device,BiasAdd,sequential/conv2d/BiasAdd,2,20.48,10.24,20.48,10.24,0.0022875098277476058,0.9526484348708086,0.0,0.0
27,Device,ResourceApplyAdadelta,Adadelta/Adadelta/update_1/ResourceApplyAdadelta,2,19.456,9.728,19.456,9.728,0.0021731343363602254,0.9548215692071689,0.0,0.0
28,Device,MatMul,gradient_tape/sequential/dense_1/MatMul,2,18.432,9.216,18.432,9.216,0.002058758844972845,0.9568803280521417,0.0,0.0
29,Device,MaxPool,sequential/max_pooling2d/MaxPool,2,16.384,8.192,16.384,8.192,0.0018300078621980847,0.9587103359143399,0.0,0.0
30,Device,BiasAddGrad,gradient_tape/sequential/conv2d_1/BiasAdd/BiasAddGrad,2,14.336,7.168,14.336,7.168,0.001601256879423324,0.9603115927937632,0.0,0.0
31,Device,RandomUniform,sequential/dropout/dropout/random_uniform/RandomUniform,2,14.336,7.168,14.336,7.168,0.001601256879423324,0.9619128496731866,0.0,0.0
32,Device,Unknown,gradient_tape/sequential/max_pooling2d_1/MaxPool/MaxPoolGrad-2-TransposeNHWCToNCHW-LayoutOptimizer:Transpose,2,13.312,6.656,13.312,6.656,0.0014868813880359437,0.9633997310612226,0.0,0.0
33,Device,Relu,sequential/conv2d/Relu,2,12.288,6.144,12.288,6.144,0.0013725058966485635,0.9647722369578712,0.0,0.0
34,Device,BiasAdd,sequential/conv2d_1/BiasAdd,2,11.264,5.632,11.264,5.632,0.001258130405261183,0.9660303673631324,0.0,0.0
35,Device,Unknown,sequential/max_pooling2d_1/MaxPool-0-2-TransposeNCHWToNHWC-LayoutOptimizer:Transpose,2,11.264,5.632,11.264,5.632,0.001258130405261183,0.9672884977683937,0.0,0.0
36,Device,ArgMax,ArgMax,2,10.24,5.12,10.24,5.12,0.0011437549138738029,0.9684322526822674,0.0,0.0
37,Device,ArgMax,ArgMax_1,2,10.24,5.12,10.24,5.12,0.0011437549138738029,0.9695760075961412,0.0,0.0
38,Device,BiasAddGrad,gradient_tape/sequential/dense_1/BiasAdd/BiasAddGrad,2,10.24,5.12,10.24,5.12,0.0011437549138738029,0.9707197625100149,0.0,0.0
39,Device,MaxPool,sequential/max_pooling2d_1/MaxPool,2,10.24,5.12,10.24,5.12,0.0011437549138738029,0.9718635174238887,0.0,0.0
40,Device,BiasAddGrad,gradient_tape/sequential/dense/BiasAdd/BiasAddGrad,2,9.216,4.608,9.216,4.608,0.0010293794224864226,0.972892896846375,0.0,0.0
41,Device,BiasAdd,sequential/dense/BiasAdd,2,9.216,4.608,9.216,4.608,0.0010293794224864226,0.9739222762688614,0.0,0.0
42,Device,Mul,gradient_tape/categorical_crossentropy/softmax_cross_entropy_with_logits/mul,2,8.192,4.096,8.192,4.096,0.0009150039310990423,0.9748372801999604,0.0,0.0
43,Device,Tile,gradient_tape/categorical_crossentropy/weighted_loss/Tile_1,2,8.192,4.096,8.192,4.096,0.0009150039310990423,0.9757522841310594,0.0,0.0
44,Device,DivNoNan,gradient_tape/categorical_crossentropy/weighted_loss/value/div_no_nan,2,8.192,4.096,8.192,4.096,0.0009150039310990423,0.9766672880621584,0.0,0.0
45,Device,ReluGrad,gradient_tape/sequential/conv2d_1/ReluGrad,2,8.192,4.096,8.192,4.096,0.0009150039310990423,0.9775822919932574,0.0,0.0
46,Device,Mul,gradient_tape/sequential/dropout/dropout/Mul,2,8.192,4.096,8.192,4.096,0.0009150039310990423,0.9784972959243564,0.0,0.0
47,Device,Relu,sequential/conv2d_1/Relu,2,8.192,4.096,8.192,4.096,0.0009150039310990423,0.9794122998554554,0.0,0.0
48,Device,Cast,sequential/dropout/dropout/Cast,2,8.192,4.096,8.192,4.096,0.0009150039310990423,0.9803273037865544,0.0,0.0
49,Device,GreaterEqual,sequential/dropout/dropout/GreaterEqual,2,8.192,4.096,8.192,4.096,0.0009150039310990423,0.9812423077176534,0.0,0.0
50,Device,Mul,sequential/dropout/dropout/Mul,2,8.192,4.096,8.192,4.096,0.0009150039310990423,0.9821573116487524,0.0,0.0
51,Device,Mul,sequential/dropout/dropout/Mul_1,2,8.192,4.096,8.192,4.096,0.0009150039310990423,0.9830723155798514,0.0,0.0
52,Device,Cast,Cast,2,7.168,3.584,7.168,3.584,0.000800628439711662,0.983872944019563,0.0,0.0
53,Device,Sum,categorical_crossentropy/weighted_loss/Sum,2,7.168,3.584,7.168,3.584,0.000800628439711662,0.9846735724592747,0.0,0.0
54,Device,DivNoNan,categorical_crossentropy/weighted_loss/value,2,7.168,3.584,7.168,3.584,0.000800628439711662,0.9854742008989863,0.0,0.0
55,Device,DivNoNan,div_no_nan,2,7.168,3.584,7.168,3.584,0.000800628439711662,0.9862748293386979,0.0,0.0
56,Device,DivNoNan,div_no_nan_1,2,7.168,3.584,7.168,3.584,0.000800628439711662,0.9870754577784095,0.0,0.0
57,Device,Mul,gradient_tape/sequential/dropout/dropout/Mul_1,2,7.168,3.584,7.168,3.584,0.000800628439711662,0.9878760862181212,0.0,0.0
58,Device,Relu,sequential/dense/Relu,2,7.168,3.584,7.168,3.584,0.000800628439711662,0.9886767146578328,0.0,0.0
59,Device,Mul,Mul,2,6.145,3.0725,6.145,3.0725,0.0006863646431400896,0.9893630793009729,0.0,0.0
60,Device,AssignAddVariableOp,Adadelta/Adadelta/AssignAddVariableOp,2,6.144,3.072,6.144,3.072,0.0006862529483242818,0.9900493322492971,0.0,0.0
61,Device,AssignAddVariableOp,AssignAddVariableOp,2,6.144,3.072,6.144,3.072,0.0006862529483242818,0.9907355851976214,0.0,0.0
62,Device,AssignAddVariableOp,AssignAddVariableOp_1,2,6.144,3.072,6.144,3.072,0.0006862529483242818,0.9914218381459456,0.0,0.0
63,Device,AssignAddVariableOp,AssignAddVariableOp_2,2,6.144,3.072,6.144,3.072,0.0006862529483242818,0.9921080910942699,0.0,0.0
64,Device,AssignAddVariableOp,AssignAddVariableOp_3,2,6.144,3.072,6.144,3.072,0.0006862529483242818,0.9927943440425941,0.0,0.0
65,Device,AssignAddVariableOp,AssignAddVariableOp_4,2,6.144,3.072,6.144,3.072,0.0006862529483242818,0.9934805969909184,0.0,0.0
66,Device,Cast,Cast_1,2,6.144,3.072,6.144,3.072,0.0006862529483242818,0.9941668499392426,0.0,0.0
67,Device,Cast,Cast_2,2,6.144,3.072,6.144,3.072,0.0006862529483242818,0.9948531028875669,0.0,0.0
68,Device,Equal,Equal,2,6.144,3.072,6.144,3.072,0.0006862529483242818,0.9955393558358911,0.0,0.0
69,Device,Sum,Sum_2,2,6.144,3.072,6.144,3.072,0.0006862529483242818,0.9962256087842154,0.0,0.0
70,Device,Cast,categorical_crossentropy/weighted_loss/num_elements/Cast,2,6.144,3.072,6.144,3.072,0.0006862529483242818,0.9969118617325397,0.0,0.0
71,Device,ReluGrad,gradient_tape/sequential/dense/ReluGrad,2,6.144,3.072,6.144,3.072,0.0006862529483242818,0.9975981146808639,0.0,0.0
72,Device,BiasAdd,sequential/dense_1/BiasAdd,2,6.144,3.072,6.144,3.072,0.0006862529483242818,0.9982843676291882,0.0,0.0
73,Device,_Send,IteratorGetNext/_3,2,4.096,2.048,4.096,2.048,0.00045750196554952117,0.9987418695947377,0.0,0.0
74,Device,LogicalAnd,LogicalAnd,1,3.072,3.072,3.072,3.072,0.0003431264741621409,0.9990849960688998,0.0,0.0
75,Device,_Recv,categorical_crossentropy/weighted_loss/num_elements/_14,2,3.072,1.536,3.072,1.536,0.0003431264741621409,0.9994281225430619,0.0,0.0
76,Device,_Recv,strided_slice/_12,2,3.072,1.536,3.072,1.536,0.0003431264741621409,0.999771249017224,0.0,0.0
77,Device,_Recv,Size/_16,2,2.048,1.024,2.048,1.024,0.00022875098277476058,0.9999999999999988,0.0,0.0
78,Host,IDLE,IDLE,0,27366.858,0.0,27366.858,0.0,0.0,0.0,0.8819746925093542,0.8819746925093542
79,Host,_Send,IteratorGetNext/_3,2,1446.018,723.009,1446.018,723.009,0.0,0.0,0.04660203523959497,0.9285767277489492
80,Host,_Send,IteratorGetNext/_1,2,1297.783,648.8915,1297.783,648.8915,0.0,0.0,0.04182474153112013,0.9704014692800693
81,Host,_Send,IteratorGetNext/_6,2,252.122,126.061,252.122,126.061,0.0,0.0,0.008125347214680013,0.9785268164947494
82,Host,GatherV2,GatherV2,2,206.208,103.104,206.208,103.104,0.0,0.0,0.006645638216596473,0.9851724547113458
83,Host,LogicalAnd,LogicalAnd,1,61.217,61.217,61.217,61.217,0.0,0.0,0.0019728916177131164,0.9871453463290589
84,Host,FlushSummaryWriter,FlushSummaryWriter,1,52.708,52.708,52.708,52.708,0.0,0.0,0.0016986649359887439,0.9888440112650476
85,Host,Dataset,Iterator::Model,2,70.196,35.098,42.156,21.078,0.0,0.0,0.0013585967792657944,0.9902026080443134
86,Host,_HostSend,categorical_crossentropy/softmax_cross_entropy_with_logits/Shape_2/_9,2,39.372,19.686,39.372,19.686,0.0,0.0,0.0012688744755966614,0.99147148251991
87,Host,Dataset,Iterator::Model::ParallelMapV2::Zip[0]::FlatMap[1]::Concatenate,2,67.463,33.7315,37.708,18.854,0.0,0.0,0.0012152473515645358,0.9926867298714745
88,Host,Dataset,Iterator::Model::ParallelMapV2::Zip[1]::ForeverRepeat,2,51.781,25.8905,37.386,18.693,0.0,0.0,0.0012048699874188963,0.9938915998588934
89,Host,GatherV2,GatherV2_1,2,31.196,15.598,31.196,15.598,0.0,0.0,0.0010053796642465064,0.9948969795231399
90,Host,WriteSummary,WriteSummary,1,30.747,30.747,30.747,30.747,0.0,0.0,0.0009909093645527416,0.9958878888876926
91,Host,Dataset,Iterator::Model::ParallelMapV2::Zip[0]::FlatMap[1]::Concatenate[0]::TensorSlice,2,29.755,14.8775,29.755,14.8775,0.0,0.0,0.0009589393483028207,0.9968468282359955
92,Host,Dataset,Iterator::Model::ParallelMapV2,2,28.04,14.02,28.04,14.02,0.0,0.0,0.000903668604483653,0.9977504968404791
93,Host,Dataset,Iterator::Model::ParallelMapV2::Zip,2,151.217,75.6085,22.311,11.1555,0.0,0.0,0.0007190353150725671,0.9984695321555517
94,Host,IteratorGetNext,IteratorGetNext,2,21.958,10.979,21.958,10.979,0.0,0.0,0.0007076588879191174,0.9991771910434708
95,Host,Dataset,Iterator::Model::ParallelMapV2::Zip[1]::ForeverRepeat::FromTensor,4,14.395,3.59875,14.395,3.59875,0.0,0.0,0.00046391974185243167,0.9996411107853233
96,Host,Dataset,Iterator::Model::ParallelMapV2::Zip[0]::FlatMap,2,77.125,38.5625,9.662,4.831,0.0,0.0,0.00031138538004711326,0.9999524961653704
97,Host,Identity,Identity,1,1.474,1.474,1.474,1.474,0.0,0.0,4.7503834629418843e-05,0.9999999999999998
