Rank,Host/device,Type,Operation,#Occurrences,Total time (us),Avg. time (us),Total self-time (us),Avg. self-time (us),Total self-time on Device (%),Cumulative total-self time on Device (%),Total self-time on Host (%),Cumulative total-self time on Host (%)
1,Device,IDLE,IDLE,0,3080.259,0.0,3080.259,0.0,0.17837762054070283,0.17837762054070283,0.0,0.0
2,Device,Conv2DBackpropFilter,gradient_tape/sequential/conv2d_1/Conv2DBackpropFilter,4,1958.797,489.69925,1958.797,489.69925,0.11343382098137432,0.29181144152207716,0.0,0.0
3,Device,Conv2DBackpropInput,gradient_tape/sequential/conv2d_1/Conv2DBackpropInput,4,1416.052,354.013,1416.052,354.013,0.08200348942147505,0.3738149309435522,0.0,0.0
4,Device,Conv2D,sequential/conv2d_1/Conv2D,2,1159.317,579.6585,1159.317,579.6585,0.06713598041995364,0.44095091136350584,0.0,0.0
5,Device,ReluGrad,gradient_tape/sequential/conv2d/ReluGrad,2,1002.486,501.243,1002.486,501.243,0.058053906280402724,0.4990048176439086,0.0,0.0
6,Device,Conv2DBackpropFilter,gradient_tape/sequential/conv2d/Conv2DBackpropFilter,2,935.16,467.58,935.16,467.58,0.05415506151425697,0.5531598791581656,0.0,0.0
7,Device,MaxPoolGrad,gradient_tape/sequential/max_pooling2d/MaxPool/MaxPoolGrad,2,767.704,383.852,767.704,383.852,0.04445769423921161,0.5976175733973772,0.0,0.0
8,Device,BiasAdd,sequential/conv2d/BiasAdd,2,748.217,374.1085,748.217,374.1085,0.04332920319625819,0.6409467765936354,0.0,0.0
9,Device,Relu,sequential/conv2d/Relu,2,658.938,329.469,658.938,329.469,0.03815906146978213,0.6791058380634175,0.0,0.0
10,Device,MaxPoolGrad,gradient_tape/sequential/max_pooling2d_1/MaxPool/MaxPoolGrad,2,622.266,311.133,622.266,311.133,0.03603538807073722,0.7151412261341548,0.0,0.0
11,Device,_Recv,IteratorGetNext/_2,2,525.659,262.8295,525.659,262.8295,0.030440882288082043,0.7455821084222368,0.0,0.0
12,Device,Conv2D,sequential/conv2d/Conv2D,2,484.123,242.0615,484.123,242.0615,0.028035534930350554,0.7736176433525874,0.0,0.0
13,Device,MatMul,gradient_tape/sequential/dense/MatMul,2,420.22,210.11,420.22,210.11,0.0243349158962328,0.7979525592488202,0.0,0.0
14,Device,ResourceApplyAdadelta,Adadelta/Adadelta/update_4/ResourceApplyAdadelta,2,415.58,207.79,415.58,207.79,0.02406621376459099,0.8220187730134112,0.0,0.0
15,Device,MaxPool,sequential/max_pooling2d/MaxPool,2,401.34,200.67,401.34,200.67,0.02324157618817303,0.8452603492015842,0.0,0.0
16,Device,MatMul,gradient_tape/sequential/dense/MatMul_1,2,383.068,191.534,383.068,191.534,0.022183445724949086,0.8674437949265333,0.0,0.0
17,Device,MatMul,sequential/dense/MatMul,2,372.861,186.4305,372.861,186.4305,0.021592358945279274,0.8890361538718126,0.0,0.0
18,Device,BiasAddGrad,gradient_tape/sequential/conv2d/BiasAdd/BiasAddGrad,2,302.941,151.4705,302.941,151.4705,0.01754329578915963,0.9065794496609721,0.0,0.0
19,Device,ReluGrad,gradient_tape/sequential/conv2d_1/ReluGrad,2,209.086,104.543,209.086,104.543,0.012108158167340276,0.9186876078283124,0.0,0.0
20,Device,BiasAdd,sequential/conv2d_1/BiasAdd,2,161.567,80.7835,161.567,80.7835,0.009356335625640484,0.9280439434539529,0.0,0.0
21,Device,Relu,sequential/conv2d_1/Relu,2,147.838,73.919,147.838,73.919,0.008561290029668421,0.9366052334836213,0.0,0.0
22,Device,SoftmaxCrossEntropyWithLogits,categorical_crossentropy/softmax_cross_entropy_with_logits,2,109.246,54.623,109.246,54.623,0.006326429541668288,0.9429316630252896,0.0,0.0
23,Device,BiasAddGrad,gradient_tape/sequential/conv2d_1/BiasAdd/BiasAddGrad,2,107.84,53.92,107.84,53.92,0.006245008162985448,0.9491766711882751,0.0,0.0
24,Device,MaxPool,sequential/max_pooling2d_1/MaxPool,2,94.911,47.4555,94.911,47.4555,0.005496290520744731,0.9546729617090198,0.0,0.0
25,Device,Unknown,gradient_tape/sequential/max_pooling2d_1/MaxPool/MaxPoolGrad-2-TransposeNHWCToNCHW-LayoutOptimizer:Transpose,2,42.336,21.168,42.336,21.168,0.002451675311462833,0.9571246370204827,0.0,0.0
26,Device,MatMul,sequential/dense_1/MatMul,2,39.264,19.632,39.264,19.632,0.0022737759691344645,0.9593984129896171,0.0,0.0
27,Device,MatMul,gradient_tape/sequential/dense_1/MatMul_1,2,36.96,18.48,36.96,18.48,0.0021403514623881876,0.9615387644520054,0.0,0.0
28,Device,ResourceApplyAdadelta,Adadelta/Adadelta/update_2/ResourceApplyAdadelta,2,34.368,17.184,34.368,17.184,0.0019902488922986265,0.963529013344304,0.0,0.0
29,Device,Mul,sequential/dropout/dropout/Mul_1,2,33.824,16.912,33.824,16.912,0.001958745883761311,0.9654877592280653,0.0,0.0
30,Device,Unknown,sequential/max_pooling2d_1/MaxPool-0-2-TransposeNCHWToNHWC-LayoutOptimizer:Transpose,2,32.768,16.384,32.768,16.384,0.0018975929848359344,0.9673853522129012,0.0,0.0
31,Device,ReluGrad,gradient_tape/sequential/dense/ReluGrad,2,32.512,16.256,32.512,16.256,0.0018827680396419036,0.9692681202525432,0.0,0.0
32,Device,Mul,gradient_tape/sequential/dropout/dropout/Mul_1,2,30.784,15.392,30.784,15.392,0.001782699659582196,0.9710508199121254,0.0,0.0
33,Device,Mul,gradient_tape/sequential/dropout/dropout/Mul,2,29.663,14.8315,29.663,14.8315,0.0017177826144161475,0.9727686025265415,0.0,0.0
34,Device,RandomUniform,sequential/dropout/dropout/random_uniform/RandomUniform,2,28.704,14.352,28.704,14.352,0.0016622469798806964,0.9744308495064222,0.0,0.0
35,Device,ResourceApplyAdadelta,Adadelta/Adadelta/update_6/ResourceApplyAdadelta,2,27.104,13.552,27.104,13.552,0.0015695910724180043,0.9760004405788403,0.0,0.0
36,Device,MatMul,gradient_tape/sequential/dense_1/MatMul,2,24.288,12.144,24.288,12.144,0.0014065166752836662,0.977406957254124,0.0,0.0
37,Device,ResourceApplyAdadelta,Adadelta/Adadelta/update_5/ResourceApplyAdadelta,2,23.807,11.9035,23.807,11.9035,0.0013786619931026943,0.9787856192472266,0.0,0.0
38,Device,BiasAddGrad,gradient_tape/sequential/dense/BiasAdd/BiasAddGrad,2,22.88,11.44,22.88,11.44,0.001324979476716497,0.9801105987239431,0.0,0.0
39,Device,ResourceApplyAdadelta,Adadelta/Adadelta/update_7/ResourceApplyAdadelta,2,21.792,10.896,21.792,10.896,0.0012619734596418665,0.981372572183585,0.0,0.0
40,Device,ResourceApplyAdadelta,Adadelta/Adadelta/update/ResourceApplyAdadelta,2,20.864,10.432,20.864,10.432,0.0012082330333135051,0.9825808052168985,0.0,0.0
41,Device,ResourceApplyAdadelta,Adadelta/Adadelta/update_3/ResourceApplyAdadelta,2,20.416,10.208,20.416,10.208,0.0011822893792239513,0.9837630945961224,0.0,0.0
42,Device,ResourceApplyAdadelta,Adadelta/Adadelta/update_1/ResourceApplyAdadelta,2,20.288,10.144,20.288,10.144,0.001174876906626936,0.9849379715027494,0.0,0.0
43,Device,Softmax,sequential/dense_1/Softmax,2,18.912,9.456,18.912,9.456,0.0010951928262090205,0.9860331643289585,0.0,0.0
44,Device,BiasAdd,sequential/dense/BiasAdd,2,17.663,8.8315,17.663,8.8315,0.0010228633084459567,0.9870560276374044,0.0,0.0
45,Device,Mul,sequential/dropout/dropout/Mul,2,16.735,8.3675,16.735,8.3675,0.0009691228821175952,0.988025150519522,0.0,0.0
46,Device,GreaterEqual,sequential/dropout/dropout/GreaterEqual,2,16.512,8.256,16.512,8.256,0.0009562089650149826,0.988981359484537,0.0,0.0
47,Device,Cast,sequential/dropout/dropout/Cast,2,14.848,7.424,14.848,7.424,0.0008598468212537828,0.9898412063057908,0.0,0.0
48,Device,Relu,sequential/dense/Relu,2,12.16,6.08,12.16,6.08,0.00070418489671646,0.9905453912025072,0.0,0.0
49,Device,BiasAddGrad,gradient_tape/sequential/dense_1/BiasAdd/BiasAddGrad,2,11.552,5.776,11.552,5.776,0.000668975651880637,0.9912143668543878,0.0,0.0
50,Device,ArgMax,ArgMax_1,2,9.6,4.8,9.6,4.8,0.0005559354447761526,0.991770302299164,0.0,0.0
51,Device,ArgMax,ArgMax,2,8.384,4.192,8.384,4.192,0.0004855169551045066,0.9922558192542684,0.0,0.0
52,Device,Mul,gradient_tape/categorical_crossentropy/softmax_cross_entropy_with_logits/mul,2,7.808,3.904,7.808,3.904,0.00045216082841793745,0.9927079800826863,0.0,0.0
53,Device,AssignAddVariableOp,AssignAddVariableOp_3,2,7.136,3.568,7.136,3.568,0.0004132453472836068,0.99312122542997,0.0,0.0
54,Device,AssignAddVariableOp,AssignAddVariableOp,2,7.104,3.552,7.104,3.552,0.00041139222913435294,0.9935326176591043,0.0,0.0
55,Device,Sum,categorical_crossentropy/weighted_loss/Sum,2,6.912,3.456,6.912,3.456,0.00040027352023882986,0.9939328911793431,0.0,0.0
56,Device,DivNoNan,div_no_nan,2,6.656,3.328,6.656,3.328,0.00038544857504479915,0.9943183397543879,0.0,0.0
57,Device,BiasAdd,sequential/dense_1/BiasAdd,2,5.92,2.96,5.92,2.96,0.0003428268576119608,0.9946611666119999,0.0,0.0
58,Device,AssignAddVariableOp,Adadelta/Adadelta/AssignAddVariableOp,2,5.728,2.864,5.728,2.864,0.0003317081487164377,0.9949928747607163,0.0,0.0
59,Device,Cast,Cast_1,2,5.728,2.864,5.728,2.864,0.0003317081487164377,0.9953245829094327,0.0,0.0
60,Device,Cast,Cast,2,5.664,2.832,5.664,2.832,0.00032800191241793,0.9956525848218506,0.0,0.0
61,Device,Tile,gradient_tape/categorical_crossentropy/weighted_loss/Tile_1,2,5.664,2.832,5.664,2.832,0.00032800191241793,0.9959805867342685,0.0,0.0
62,Device,DivNoNan,div_no_nan_1,2,5.536,2.768,5.536,2.768,0.00032058943982091464,0.9963011761740894,0.0,0.0
63,Device,AssignAddVariableOp,AssignAddVariableOp_4,2,5.408,2.704,5.408,2.704,0.0003131769672238993,0.9966143531413133,0.0,0.0
64,Device,Equal,Equal,2,5.344,2.672,5.344,2.672,0.00030947073092539167,0.9969238238722387,0.0,0.0
65,Device,Cast,Cast_2,2,5.248,2.624,5.248,2.624,0.00030391137647763013,0.9972277352487163,0.0,0.0
66,Device,DivNoNan,gradient_tape/categorical_crossentropy/weighted_loss/value/div_no_nan,2,5.216,2.608,5.216,2.608,0.0003020582583283763,0.9975297935070447,0.0,0.0
67,Device,Sum,Sum_2,2,5.152,2.576,5.152,2.576,0.0002983520220298686,0.9978281455290746,0.0,0.0
68,Device,AssignAddVariableOp,AssignAddVariableOp_1,2,5.024,2.512,5.024,2.512,0.0002909395494328532,0.9981190850785074,0.0,0.0
69,Device,Cast,categorical_crossentropy/weighted_loss/num_elements/Cast,2,4.896,2.448,4.896,2.448,0.0002835270768358378,0.9984026121553433,0.0,0.0
70,Device,AssignAddVariableOp,AssignAddVariableOp_2,2,4.608,2.304,4.608,2.304,0.00026684901349255326,0.9986694611688358,0.0,0.0
71,Device,Mul,Mul,2,4.448,2.224,4.448,2.224,0.0002575834227462841,0.9989270445915821,0.0,0.0
72,Device,DivNoNan,categorical_crossentropy/weighted_loss/value,2,4.128,2.064,4.128,2.064,0.00023905224125374565,0.9991660968328359,0.0,0.0
73,Device,_Recv,IteratorGetNext/_4,2,3.712,1.856,3.712,1.856,0.0002149617053134457,0.9993810585381493,0.0,0.0
74,Device,_Recv,strided_slice/_12,2,3.072,1.536,3.072,1.536,0.00017789934232836883,0.9995589578804777,0.0,0.0
75,Device,LogicalAnd,LogicalAnd,1,2.688,2.688,2.688,2.688,0.00015566192453732276,0.999714619805015,0.0,0.0
76,Device,_Recv,Size/_16,2,2.464,1.232,2.464,1.232,0.00014269009749254583,0.9998573099025075,0.0,0.0
77,Device,_Recv,categorical_crossentropy/weighted_loss/num_elements/_14,2,2.464,1.232,2.464,1.232,0.00014269009749254583,1.0,0.0,0.0
78,Host,IDLE,IDLE,0,50408.835,0.0,50408.835,0.0,0.0,0.0,0.9448272250431597,0.9448272250431597
79,Host,_Send,IteratorGetNext/_6,2,1694.096,847.048,1694.096,847.048,0.0,0.0,0.03175292630025504,0.9765801513434148
80,Host,GatherV2,GatherV2,2,664.366,332.183,664.366,332.183,0.0,0.0,0.012452402127385484,0.9890325534708003
81,Host,IteratorGetNext,IteratorGetNext,2,273.705,136.8525,273.705,136.8525,0.0,0.0,0.005130131169078555,0.9941626846398789
82,Host,GatherV2,GatherV2_1,2,80.323,40.1615,80.323,40.1615,0.0,0.0,0.0015055169832260895,0.995668201623105
83,Host,LogicalAnd,LogicalAnd,1,42.035,42.035,42.035,42.035,0.0,0.0,0.0007878740384436422,0.9964560756615486
84,Host,FlushSummaryWriter,FlushSummaryWriter,1,37.174,37.174,37.174,37.174,0.0,0.0,0.0006967629238754361,0.997152838585424
85,Host,Dataset,Iterator::Model,2,47.641,23.8205,31.295,15.6475,0.0,0.0,0.0005865711438823311,0.9977394097293064
86,Host,Dataset,Iterator::Model::ParallelMapV2::Zip[1]::ForeverRepeat,2,31.371,15.6855,25.323,12.6615,0.0,0.0,0.0004746362382659297,0.9982140459675723
87,Host,WriteSummary,WriteSummary,1,20.628,20.628,20.628,20.628,0.0,0.0,0.000386636509218876,0.9986006824767912
88,Host,Dataset,Iterator::Model::ParallelMapV2::Zip[0]::FlatMap[1]::Concatenate,2,29.016,14.508,18.619,9.3095,0.0,0.0,0.0003489812470984221,0.9989496637238896
89,Host,Dataset,Iterator::Model::ParallelMapV2,2,16.346,8.173,16.346,8.173,0.0,0.0,0.00030637775740215953,0.9992560414812918
90,Host,Dataset,Iterator::Model::ParallelMapV2::Zip[0]::FlatMap[1]::Concatenate[0]::TensorSlice,2,10.397,5.1985,10.397,5.1985,0.0,0.0,0.00019487394737001425,0.9994509154286618
91,Host,_HostSend,categorical_crossentropy/softmax_cross_entropy_with_logits/Shape_2/_9,2,9.068,4.534,9.068,4.534,0.0,0.0,0.00016996411991452236,0.9996208795485764
92,Host,Dataset,Iterator::Model::ParallelMapV2::Zip,2,70.086,35.043,7.227,3.6135,0.0,0.0,0.00013545772988776502,0.9997563372784641
93,Host,Dataset,Iterator::Model::ParallelMapV2::Zip[1]::ForeverRepeat::FromTensor,4,6.048,1.512,6.048,1.512,0.0,0.0,0.00011335939537307359,0.9998696966738372
94,Host,_Send,IteratorGetNext/_1,2,2.644,1.322,2.644,1.322,0.0,0.0,4.955724890317569e-05,0.9999192539227404
95,Host,Dataset,Iterator::Model::ParallelMapV2::Zip[0]::FlatMap,2,31.488,15.744,2.472,1.236,0.0,0.0,4.633340366439119e-05,0.9999655873264048
96,Host,_Send,IteratorGetNext/_3,2,1.089,0.5445,1.089,0.5445,0.0,0.0,2.0411438750211165e-05,0.999985998765155
97,Host,Identity,Identity,1,0.747,0.747,0.747,0.747,0.0,0.0,1.4001234845186172e-05,1.0000000000000002
