Rank,Host/device,Type,Operation,#Occurrences,Total time (us),Avg. time (us),Total self-time (us),Avg. self-time (us),Total self-time on Device (%),Cumulative total-self time on Device (%),Total self-time on Host (%),Cumulative total-self time on Host (%)
1,Device,IDLE,IDLE,0,3039.746,0.0,3039.746,0.0,0.2816591928084917,0.2816591928084917,0.0,0.0
2,Device,Conv2DBackpropFilter,gradient_tape/sequential/conv2d_1/Conv2DBackpropFilter,4,1019.863,254.96575,1019.863,254.96575,0.09449927374038712,0.37615846654887886,0.0,0.0
3,Device,Conv2DBackpropInput,gradient_tape/sequential/conv2d_1/Conv2DBackpropInput,4,778.616,194.654,778.616,194.654,0.07214561811012386,0.44830408465900273,0.0,0.0
4,Device,Conv2D,sequential/conv2d_1/Conv2D,4,742.97,185.7425,742.97,185.7425,0.06884270280507815,0.5171467874640809,0.0,0.0
5,Device,ReluGrad,gradient_tape/sequential/conv2d/ReluGrad,2,486.524,243.262,486.524,243.262,0.04508072619289856,0.5622275136569795,0.0,0.0
6,Device,Conv2DBackpropFilter,gradient_tape/sequential/conv2d/Conv2DBackpropFilter,2,469.403,234.7015,469.403,234.7015,0.04349431501246632,0.6057218286694459,0.0,0.0
7,Device,ResourceApplyAdadelta,Adadelta/Adadelta/update_4/ResourceApplyAdadelta,2,420.348,210.174,420.348,210.174,0.038948937963456116,0.644670766632902,0.0,0.0
8,Device,MaxPoolGrad,gradient_tape/sequential/max_pooling2d/MaxPool/MaxPoolGrad,2,381.308,190.654,381.308,190.654,0.03533153871784694,0.6800023053507489,0.0,0.0
9,Device,BiasAdd,sequential/conv2d/BiasAdd,2,369.532,184.766,369.532,184.766,0.034240388781466465,0.7142426941322154,0.0,0.0
10,Device,Relu,sequential/conv2d/Relu,2,328.445,164.2225,328.445,164.2225,0.030433316988322398,0.7446760111205378,0.0,0.0
11,Device,MaxPoolGrad,gradient_tape/sequential/max_pooling2d_1/MaxPool/MaxPoolGrad,2,293.981,146.9905,293.981,146.9905,0.0272399243756002,0.771915935496138,0.0,0.0
12,Device,_Recv,IteratorGetNext/_2,2,261.982,130.991,261.982,130.991,0.02427493568553237,0.7961908711816704,0.0,0.0
13,Device,Conv2D,sequential/conv2d/Conv2D,2,248.414,124.207,248.414,124.207,0.023017741193615736,0.8192086123752862,0.0,0.0
14,Device,MatMul,gradient_tape/sequential/dense/MatMul,2,209.982,104.991,209.982,104.991,0.0194566784936349,0.838665290868921,0.0,0.0
15,Device,MatMul,gradient_tape/sequential/dense/MatMul_1,2,209.694,104.847,209.694,104.847,0.019429992761495155,0.8580952836304162,0.0,0.0
16,Device,MaxPool,sequential/max_pooling2d/MaxPool,2,209.31,104.655,209.31,104.655,0.01939441178530884,0.8774896954157251,0.0,0.0
17,Device,MatMul,sequential/dense/MatMul,2,188.638,94.319,188.638,94.319,0.01747896923394529,0.8949686646496704,0.0,0.0
18,Device,BiasAddGrad,gradient_tape/sequential/conv2d/BiasAdd/BiasAddGrad,2,160.286,80.143,160.286,80.143,0.014851907158855347,0.9098205718085257,0.0,0.0
19,Device,SoftmaxCrossEntropyWithLogits,categorical_crossentropy/softmax_cross_entropy_with_logits,2,93.503,46.7515,93.503,46.7515,0.008663875042576714,0.9184844468511024,0.0,0.0
20,Device,ReluGrad,gradient_tape/sequential/conv2d_1/ReluGrad,2,88.448,44.224,88.448,44.224,0.00819548484824899,0.9266799316993514,0.0,0.0
21,Device,BiasAdd,sequential/conv2d_1/BiasAdd,2,71.519,35.7595,71.519,35.7595,0.006626864155909908,0.9333067958552613,0.0,0.0
22,Device,BiasAddGrad,gradient_tape/sequential/conv2d_1/BiasAdd/BiasAddGrad,2,63.04,31.52,63.04,31.52,0.0058412102572541645,0.9391480061125155,0.0,0.0
23,Device,Relu,sequential/conv2d_1/Relu,2,53.087,26.5435,53.087,26.5435,0.004918977298966559,0.944066983411482,0.0,0.0
24,Device,ResourceApplyAdadelta,Adadelta/Adadelta/update_2/ResourceApplyAdadelta,2,32.8,16.4,32.8,16.4,0.003039208382581481,0.9471061917940634,0.0,0.0
25,Device,MaxPool,sequential/max_pooling2d_1/MaxPool,2,32.096,16.048,32.096,16.048,0.0029739765929065617,0.95008016838697,0.0,0.0
26,Device,MatMul,sequential/dense_1/MatMul,2,29.152,14.576,29.152,14.576,0.0027011891088114435,0.9527813574957814,0.0,0.0
27,Device,ResourceApplyAdadelta,Adadelta/Adadelta/update_6/ResourceApplyAdadelta,2,26.048,13.024,26.048,13.024,0.002413576217972025,0.9551949337137534,0.0,0.0
28,Device,MatMul,gradient_tape/sequential/dense_1/MatMul_1,2,23.199,11.5995,23.199,11.5995,0.0021495913191313352,0.9573445250328847,0.0,0.0
29,Device,Unknown,gradient_tape/sequential/max_pooling2d_1/MaxPool/MaxPoolGrad-2-TransposeNHWCToNCHW-LayoutOptimizer:Transpose,2,23.199,11.5995,23.199,11.5995,0.0021495913191313352,0.959494116352016,0.0,0.0
30,Device,ResourceApplyAdadelta,Adadelta/Adadelta/update_7/ResourceApplyAdadelta,2,22.752,11.376,22.752,11.376,0.002108172839039447,0.9616022891910554,0.0,0.0
31,Device,ResourceApplyAdadelta,Adadelta/Adadelta/update_3/ResourceApplyAdadelta,2,20.448,10.224,20.448,10.224,0.0018946869819215285,0.9634969761729769,0.0,0.0
32,Device,ResourceApplyAdadelta,Adadelta/Adadelta/update_5/ResourceApplyAdadelta,2,20.416,10.208,20.416,10.208,0.0018917219005726686,0.9653886980735495,0.0,0.0
33,Device,ResourceApplyAdadelta,Adadelta/Adadelta/update_1/ResourceApplyAdadelta,2,19.968,9.984,19.968,9.984,0.0018502107616886288,0.9672389088352382,0.0,0.0
34,Device,ResourceApplyAdadelta,Adadelta/Adadelta/update/ResourceApplyAdadelta,2,19.456,9.728,19.456,9.728,0.001802769460106869,0.969041678295345,0.0,0.0
35,Device,Unknown,sequential/max_pooling2d_1/MaxPool-0-2-TransposeNCHWToNHWC-LayoutOptimizer:Transpose,2,17.856,8.928,17.856,8.928,0.00165451539266387,0.970696193688009,0.0,0.0
36,Device,Softmax,sequential/dense_1/Softmax,2,17.696,8.848,17.696,8.848,0.00163968998591957,0.9723358836739285,0.0,0.0
37,Device,Mul,gradient_tape/sequential/dropout/dropout/Mul,2,16.256,8.128,16.256,8.128,0.001506261325220871,0.9738421449991495,0.0,0.0
38,Device,MatMul,gradient_tape/sequential/dense_1/MatMul,2,16.032,8.016,16.032,8.016,0.001485505755778851,0.9753276507549283,0.0,0.0
39,Device,BiasAddGrad,gradient_tape/sequential/dense/BiasAdd/BiasAddGrad,2,15.072,7.536,15.072,7.536,0.0013965533153130513,0.9767242040702414,0.0,0.0
40,Device,ReluGrad,gradient_tape/sequential/dense/ReluGrad,2,14.784,7.392,14.784,7.392,0.0013698675831733118,0.9780940716534147,0.0,0.0
41,Device,RandomUniform,sequential/dropout/dropout/random_uniform/RandomUniform,2,14.4,7.2,14.4,7.2,0.001334286606986992,0.9794283582604016,0.0,0.0
42,Device,Mul,gradient_tape/sequential/dropout/dropout/Mul_1,2,13.855,6.9275,13.855,6.9275,0.0012837875652642204,0.9807121458256659,0.0,0.0
43,Device,BiasAddGrad,gradient_tape/sequential/dense_1/BiasAdd/BiasAddGrad,2,13.184,6.592,13.184,6.592,0.0012216135157303125,0.9819337593413963,0.0,0.0
44,Device,BiasAdd,sequential/dense/BiasAdd,2,11.616,5.808,11.616,5.808,0.0010763245296361735,0.9830100838710324,0.0,0.0
45,Device,Mul,sequential/dropout/dropout/Mul_1,2,10.528,5.264,10.528,5.264,0.0009755117637749341,0.9839855956348074,0.0,0.0
46,Device,Relu,sequential/dense/Relu,2,9.504,4.752,9.504,4.752,0.0008806291606114145,0.9848662247954187,0.0,0.0
47,Device,Cast,sequential/dropout/dropout/Cast,2,8.64,4.32,8.64,4.32,0.0008005719641921952,0.9856667967596109,0.0,0.0
48,Device,GreaterEqual,sequential/dropout/dropout/GreaterEqual,2,8.544,4.272,8.544,4.272,0.0007916767201456152,0.9864584734797565,0.0,0.0
49,Device,Mul,sequential/dropout/dropout/Mul,2,8.512,4.256,8.512,4.256,0.0007887116387967553,0.9872471851185532,0.0,0.0
50,Device,ArgMax,ArgMax_1,2,7.904,3.952,7.904,3.952,0.0007323750931684155,0.9879795602117216,0.0,0.0
51,Device,Mul,gradient_tape/categorical_crossentropy/softmax_cross_entropy_with_logits/mul,2,7.296,3.648,7.296,3.648,0.0006760385475400759,0.9886555987592617,0.0,0.0
52,Device,DivNoNan,gradient_tape/categorical_crossentropy/weighted_loss/value/div_no_nan,2,6.336,3.168,6.336,3.168,0.0005870861070742764,0.9892426848663359,0.0,0.0
53,Device,AssignAddVariableOp,AssignAddVariableOp_2,2,6.144,3.072,6.144,3.072,0.0005692956189811165,0.989811980485317,0.0,0.0
54,Device,AssignAddVariableOp,AssignAddVariableOp_4,2,6.016,3.008,6.016,3.008,0.0005574352935856766,0.9903694157789027,0.0,0.0
55,Device,Mul,Mul,2,5.952,2.976,5.952,2.976,0.0005515051308879566,0.9909209209097907,0.0,0.0
56,Device,DivNoNan,div_no_nan,2,5.888,2.944,5.888,2.944,0.0005455749681902367,0.9914664958779809,0.0,0.0
57,Device,ArgMax,ArgMax,2,5.728,2.864,5.728,2.864,0.0005307495614459368,0.9919972454394268,0.0,0.0
58,Device,Cast,categorical_crossentropy/weighted_loss/num_elements/Cast,2,5.632,2.816,5.632,2.816,0.0005218543173993568,0.9925190997568262,0.0,0.0
59,Device,AssignAddVariableOp,AssignAddVariableOp_1,2,5.568,2.784,5.568,2.784,0.0005159241547016368,0.9930350239115278,0.0,0.0
60,Device,AssignAddVariableOp,AssignAddVariableOp_3,2,5.568,2.784,5.568,2.784,0.0005159241547016368,0.9935509480662293,0.0,0.0
61,Device,Cast,Cast,2,5.504,2.752,5.504,2.752,0.0005099939920039169,0.9940609420582333,0.0,0.0
62,Device,Sum,Sum_2,2,5.408,2.704,5.408,2.704,0.000501098747957337,0.9945620408061906,0.0,0.0
63,Device,DivNoNan,div_no_nan_1,2,5.248,2.624,5.248,2.624,0.00048627334121303706,0.9950483141474036,0.0,0.0
64,Device,Tile,gradient_tape/categorical_crossentropy/weighted_loss/Tile_1,2,5.184,2.592,5.184,2.592,0.0004803431785153171,0.9955286573259189,0.0,0.0
65,Device,AssignAddVariableOp,Adadelta/Adadelta/AssignAddVariableOp,2,5.152,2.576,5.152,2.576,0.0004773780971664571,0.9960060354230853,0.0,0.0
66,Device,Equal,Equal,2,4.864,2.432,4.864,2.432,0.00045069236502671723,0.996456727788112,0.0,0.0
67,Device,Cast,Cast_2,2,4.64,2.32,4.64,2.32,0.00042993679558469736,0.9968866645836967,0.0,0.0
68,Device,BiasAdd,sequential/dense_1/BiasAdd,2,4.608,2.304,4.608,2.304,0.00042697171423583736,0.9973136362979326,0.0,0.0
69,Device,AssignAddVariableOp,AssignAddVariableOp,2,4.448,2.224,4.448,2.224,0.0004121463074915375,0.9977257826054241,0.0,0.0
70,Device,DivNoNan,categorical_crossentropy/weighted_loss/value,2,4.416,2.208,4.416,2.208,0.00040918122614267755,0.9981349638315667,0.0,0.0
71,Device,Cast,Cast_1,2,4.16,2.08,4.16,2.08,0.0003854605753517977,0.9985204244069186,0.0,0.0
72,Device,Sum,categorical_crossentropy/weighted_loss/Sum,2,4.16,2.08,4.16,2.08,0.0003854605753517977,0.9989058849822704,0.0,0.0
73,Device,_Recv,categorical_crossentropy/weighted_loss/num_elements/_14,2,3.456,1.728,3.456,1.728,0.00032022878567687803,0.9992261137679472,0.0,0.0
74,Device,_Recv,IteratorGetNext/_4,2,2.592,1.296,2.592,1.296,0.00024017158925765855,0.9994662853572049,0.0,0.0
75,Device,_Recv,Size/_16,2,2.56,1.28,2.56,1.28,0.00023720650790879855,0.9997034918651138,0.0,0.0
76,Device,LogicalAnd,LogicalAnd,1,2.368,2.368,2.368,2.368,0.00021941601981563866,0.9999229078849294,0.0,0.0
77,Device,_Recv,strided_slice/_12,2,0.832,0.416,0.832,0.416,7.709211507035953e-05,0.9999999999999998,0.0,0.0
78,Host,IDLE,IDLE,0,27667.657,0.0,27667.657,0.0,0.0,0.0,0.9573340594048579,0.9573340594048579
79,Host,GatherV2,GatherV2,2,476.515,238.2575,476.515,238.2575,0.0,0.0,0.016487989543794976,0.9738220489486529
80,Host,GatherV2,GatherV2_1,2,265.339,132.6695,265.339,132.6695,0.0,0.0,0.009181047097281335,0.9830030960459342
81,Host,IteratorGetNext,IteratorGetNext,2,227.103,113.5515,227.103,113.5515,0.0,0.0,0.007858035716324714,0.9908611317622589
82,Host,LogicalAnd,LogicalAnd,1,43.551,43.551,43.551,43.551,0.0,0.0,0.0015069167447442685,0.9923680485070031
83,Host,FlushSummaryWriter,FlushSummaryWriter,1,39.179,39.179,39.179,39.179,0.0,0.0,0.0013556403100350323,0.9937236888170381
84,Host,_Send,IteratorGetNext/_6,2,35.152,17.576,35.152,17.576,0.0,0.0,0.0012163012884032634,0.9949399901054413
85,Host,Dataset,Iterator::Model,2,50.059,25.0295,31.799,15.8995,0.0,0.0,0.001100283473769213,0.9960402735792105
86,Host,Dataset,Iterator::Model::ParallelMapV2::Zip[1]::ForeverRepeat,2,30.219,15.1095,24.965,12.4825,0.0,0.0,0.000863818891243385,0.996904092470454
87,Host,WriteSummary,WriteSummary,1,21.747,21.747,21.747,21.747,0.0,0.0,0.0007524722382483435,0.9976565647087023
88,Host,Dataset,Iterator::Model::ParallelMapV2::Zip[0]::FlatMap[1]::Concatenate,2,29.91,14.955,19.855,9.9275,0.0,0.0,0.000687006772907567,0.9983435714816099
89,Host,Dataset,Iterator::Model::ParallelMapV2,2,18.26,9.13,18.26,9.13,0.0,0.0,0.0006318178631726101,0.9989753893447825
90,Host,Dataset,Iterator::Model::ParallelMapV2::Zip[0]::FlatMap[1]::Concatenate[0]::TensorSlice,2,10.055,5.0275,10.055,5.0275,0.0,0.0,0.0003479150391128474,0.9993233043838953
91,Host,Dataset,Iterator::Model::ParallelMapV2::Zip,2,70.805,35.4025,8.111,4.0555,0.0,0.0,0.00028065031151111944,0.9996039546954064
92,Host,Dataset,Iterator::Model::ParallelMapV2::Zip[1]::ForeverRepeat::FromTensor,4,5.254,1.3135,5.254,1.3135,0.0,0.0,0.00018179469075076086,0.9997857493861572
93,Host,Dataset,Iterator::Model::ParallelMapV2::Zip[0]::FlatMap,2,32.475,16.2375,2.565,1.2825,0.0,0.0,8.875207114116893e-05,0.9998745014572983
94,Host,_Send,IteratorGetNext/_1,2,1.769,0.8845,1.769,0.8845,0.0,0.0,6.120951806967947e-05,0.9999357109753679
95,Host,_Send,IteratorGetNext/_3,2,1.058,0.529,1.058,0.529,0.0,0.0,3.6608066770899315e-05,0.9999723190421388
96,Host,Identity,Identity,1,0.8,0.8,0.8,0.8,0.0,0.0,2.768095786079343e-05,0.9999999999999996
