Rank,Host/device,Type,Operation,#Occurrences,Total time (us),Avg. time (us),Total self-time (us),Avg. self-time (us),Total self-time on Device (%),Cumulative total-self time on Device (%),Total self-time on Host (%),Cumulative total-self time on Host (%)
1,Device,IDLE,IDLE,0,3021.919,0.0,3021.919,0.0,0.6372452637616614,0.6372452637616614,0.0,0.0
2,Device,ResourceApplyAdadelta,Adadelta/Adadelta/update_4/ResourceApplyAdadelta,2,425.467,212.7335,425.467,212.7335,0.08972008536194477,0.7269653491236061,0.0,0.0
3,Device,Conv2DBackpropFilter,gradient_tape/sequential/conv2d_1/Conv2DBackpropFilter,4,137.022,34.2555,137.022,34.2555,0.02889442785566071,0.7558597769792668,0.0,0.0
4,Device,Conv2D,sequential/conv2d_1/Conv2D,4,128.512,32.128,128.512,32.128,0.027099886971337958,0.7829596639506047,0.0,0.0
5,Device,Conv2DBackpropInput,gradient_tape/sequential/conv2d_1/Conv2DBackpropInput,4,111.423,27.85575,111.423,27.85575,0.023496254871197938,0.8064559188218026,0.0,0.0
6,Device,Conv2DBackpropFilter,gradient_tape/sequential/conv2d/Conv2DBackpropFilter,2,90.048,45.024,90.048,45.024,0.018988815223442482,0.8254447340452451,0.0,0.0
7,Device,SoftmaxCrossEntropyWithLogits,categorical_crossentropy/softmax_cross_entropy_with_logits,2,81.087,40.5435,81.087,40.5435,0.017099169998481704,0.8425439040437268,0.0,0.0
8,Device,MatMul,gradient_tape/sequential/dense/MatMul,2,75.392,37.696,75.392,37.696,0.015898240464261013,0.8584421445079878,0.0,0.0
9,Device,MatMul,sequential/dense/MatMul,2,65.407,32.7035,65.407,32.7035,0.013792659884946944,0.8722348043929348,0.0,0.0
10,Device,Conv2D,sequential/conv2d/Conv2D,2,39.648,19.824,39.648,19.824,0.008360747001366468,0.8805955513943012,0.0,0.0
11,Device,MatMul,gradient_tape/sequential/dense/MatMul_1,2,35.263,17.6315,35.263,17.6315,0.007436062891171955,0.8880316142854732,0.0,0.0
12,Device,MaxPoolGrad,gradient_tape/sequential/max_pooling2d/MaxPool/MaxPoolGrad,2,30.688,15.344,30.688,15.344,0.006471312650775174,0.8945029269362483,0.0,0.0
13,Device,ResourceApplyAdadelta,Adadelta/Adadelta/update_2/ResourceApplyAdadelta,2,27.295,13.6475,27.295,13.6475,0.005755815915110415,0.9002587428513588,0.0,0.0
14,Device,ResourceApplyAdadelta,Adadelta/Adadelta/update_6/ResourceApplyAdadelta,2,24.511,12.2555,24.511,12.2555,0.005168741670462405,0.9054274845218212,0.0,0.0
15,Device,MaxPoolGrad,gradient_tape/sequential/max_pooling2d_1/MaxPool/MaxPoolGrad,2,21.952,10.976,21.952,10.976,0.004629114158948665,0.9100565986807698,0.0,0.0
16,Device,ResourceApplyAdadelta,Adadelta/Adadelta/update_5/ResourceApplyAdadelta,2,20.32,10.16,20.32,10.16,0.004284967187948108,0.914341565868718,0.0,0.0
17,Device,ResourceApplyAdadelta,Adadelta/Adadelta/update_7/ResourceApplyAdadelta,2,19.391,9.6955,19.391,9.6955,0.004089064898695953,0.9184306307674139,0.0,0.0
18,Device,ResourceApplyAdadelta,Adadelta/Adadelta/update/ResourceApplyAdadelta,2,19.2,9.6,19.2,9.6,0.004048787894124196,0.9224794186615382,0.0,0.0
19,Device,MatMul,sequential/dense_1/MatMul,2,18.464,9.232,18.464,9.232,0.003893584358182769,0.9263730030197209,0.0,0.0
20,Device,ResourceApplyAdadelta,Adadelta/Adadelta/update_3/ResourceApplyAdadelta,2,17.728,8.864,17.728,8.864,0.0037383808222413418,0.9301113838419622,0.0,0.0
21,Device,Softmax,sequential/dense_1/Softmax,2,16.8,8.4,16.8,8.4,0.0035426894073586723,0.9336540732493209,0.0,0.0
22,Device,ResourceApplyAdadelta,Adadelta/Adadelta/update_1/ResourceApplyAdadelta,2,16.736,8.368,16.736,8.368,0.0035291934477115917,0.9371832666970326,0.0,0.0
23,Device,BiasAddGrad,gradient_tape/sequential/conv2d/BiasAdd/BiasAddGrad,2,14.944,7.472,14.944,7.472,0.0031513065775933334,0.9403345732746259,0.0,0.0
24,Device,BiasAddGrad,gradient_tape/sequential/conv2d_1/BiasAdd/BiasAddGrad,2,14.144,7.072,14.144,7.072,0.0029826070820048248,0.9433171803566307,0.0,0.0
25,Device,MaxPool,sequential/max_pooling2d/MaxPool,2,12.128,6.064,12.128,6.064,0.0025574843531217845,0.9458746647097525,0.0,0.0
26,Device,ReluGrad,gradient_tape/sequential/conv2d/ReluGrad,2,11.936,5.968,11.936,5.968,0.002516996474180542,0.948391661183933,0.0,0.0
27,Device,BiasAdd,sequential/conv2d/BiasAdd,2,11.84,5.92,11.84,5.92,0.0024967525347099214,0.950888413718643,0.0,0.0
28,Device,MatMul,gradient_tape/sequential/dense_1/MatMul,2,9.76,4.88,9.76,4.88,0.0020581338461798,0.9529465475648228,0.0,0.0
29,Device,MatMul,gradient_tape/sequential/dense_1/MatMul_1,2,9.408,4.704,9.408,4.704,0.0019839060681208563,0.9549304536329436,0.0,0.0
30,Device,Relu,sequential/conv2d/Relu,2,8.192,4.096,8.192,4.096,0.001727482834826324,0.95665793646777,0.0,0.0
31,Device,RandomUniform,sequential/dropout/dropout/random_uniform/RandomUniform,2,8.192,4.096,8.192,4.096,0.001727482834826324,0.9583854193025964,0.0,0.0
32,Device,MaxPool,sequential/max_pooling2d_1/MaxPool,2,7.808,3.904,7.808,3.904,0.00164650707694384,0.9600319263795402,0.0,0.0
33,Device,Unknown,gradient_tape/sequential/max_pooling2d_1/MaxPool/MaxPoolGrad-2-TransposeNHWCToNCHW-LayoutOptimizer:Transpose,2,7.776,3.888,7.776,3.888,0.0016397590971202996,0.9616716854766605,0.0,0.0
34,Device,Unknown,sequential/max_pooling2d_1/MaxPool-0-1-TransposeNCHWToNHWC-LayoutOptimizer:Transpose,2,7.36,3.68,7.36,3.68,0.0015520353594142755,0.9632237208360748,0.0,0.0
35,Device,BiasAddGrad,gradient_tape/sequential/dense_1/BiasAdd/BiasAddGrad,2,6.88,3.44,6.88,3.44,0.0014508156620611705,0.964674536498136,0.0,0.0
36,Device,Mul,sequential/dropout/dropout/Mul_1,2,6.592,3.296,6.592,3.296,0.0013900838436493074,0.9660646203417853,0.0,0.0
37,Device,BiasAdd,sequential/conv2d_1/BiasAdd,2,6.336,3.168,6.336,3.168,0.001336100005060985,0.9674007203468463,0.0,0.0
38,Device,BiasAdd,sequential/dense/BiasAdd,2,6.176,3.088,6.176,3.088,0.0013023601059432832,0.9687030804527896,0.0,0.0
39,Device,Relu,sequential/conv2d_1/Relu,2,6.048,3.024,6.048,3.024,0.001275368186649122,0.9699784486394387,0.0,0.0
40,Device,ReluGrad,gradient_tape/sequential/conv2d_1/ReluGrad,2,5.951,2.9755,5.951,2.9755,0.0012549133728090153,0.9712333620122477,0.0,0.0
41,Device,ArgMax,ArgMax_1,2,5.792,2.896,5.792,2.896,0.0012213843480607992,0.9724547463603086,0.0,0.0
42,Device,_Recv,IteratorGetNext/_2,1,5.728,5.728,5.728,5.728,0.0012078883884137186,0.9736626347487223,0.0,0.0
43,Device,ArgMax,ArgMax,2,5.696,2.848,5.696,2.848,0.0012011404085901782,0.9748637751573125,0.0,0.0
44,Device,Relu,sequential/dense/Relu,2,5.632,2.816,5.632,2.816,0.0011876444489430976,0.9760514196062556,0.0,0.0
45,Device,ReluGrad,gradient_tape/sequential/dense/ReluGrad,2,5.568,2.784,5.568,2.784,0.001174148489296017,0.9772255680955516,0.0,0.0
46,Device,Mul,gradient_tape/sequential/dropout/dropout/Mul_2,2,5.568,2.784,5.568,2.784,0.001174148489296017,0.9783997165848476,0.0,0.0
47,Device,BiasAdd,sequential/dense_1/BiasAdd,2,5.152,2.576,5.152,2.576,0.0010864247515899928,0.9794861413364376,0.0,0.0
48,Device,Mul,gradient_tape/categorical_crossentropy/softmax_cross_entropy_with_logits/mul,2,4.992,2.496,4.992,2.496,0.0010526848524722912,0.98053882618891,0.0,0.0
49,Device,DivNoNan,div_no_nan_1,2,4.768,2.384,4.768,2.384,0.0010054489937075088,0.9815442751826174,0.0,0.0
50,Device,DivNoNan,categorical_crossentropy/weighted_loss/value,2,4.736,2.368,4.736,2.368,0.0009987010138839685,0.9825429761965014,0.0,0.0
51,Device,AssignAddVariableOp,AssignAddVariableOp_1,2,4.704,2.352,4.704,2.352,0.0009919530340604282,0.9835349292305618,0.0,0.0
52,Device,Equal,Equal,2,4.608,2.304,4.608,2.304,0.0009717090945898071,0.9845066383251516,0.0,0.0
53,Device,DivNoNan,div_no_nan,2,4.608,2.304,4.608,2.304,0.0009717090945898071,0.9854783474197414,0.0,0.0
54,Device,Mul,sequential/dropout/dropout/Mul,2,4.608,2.304,4.608,2.304,0.0009717090945898071,0.9864500565143312,0.0,0.0
55,Device,BiasAddGrad,gradient_tape/sequential/dense/BiasAdd/BiasAddGrad,2,4.576,2.288,4.576,2.288,0.0009649611147662668,0.9874150176290974,0.0,0.0
56,Device,_Send,IteratorGetNext/_1,1,4.48,4.48,4.48,4.48,0.000944717175295646,0.9883597348043931,0.0,0.0
57,Device,Sum,categorical_crossentropy/weighted_loss/Sum,2,4.384,2.192,4.384,2.192,0.000924473235825025,0.9892842080402181,0.0,0.0
58,Device,AssignAddVariableOp,AssignAddVariableOp_4,2,4.352,2.176,4.352,2.176,0.0009177252560014846,0.9902019332962196,0.0,0.0
59,Device,GreaterEqual,sequential/dropout/dropout/GreaterEqual,2,4.352,2.176,4.352,2.176,0.0009177252560014846,0.9911196585522212,0.0,0.0
60,Device,Cast,sequential/dropout/dropout/Cast,2,4.32,2.16,4.32,2.16,0.0009109772761779443,0.9920306358283991,0.0,0.0
61,Device,Mul,Mul,2,4.224,2.112,4.224,2.112,0.0008907333367073233,0.9929213691651064,0.0,0.0
62,Device,Sum,Sum_2,2,4.224,2.112,4.224,2.112,0.0008907333367073233,0.9938121025018137,0.0,0.0
63,Device,AssignAddVariableOp,Adadelta/Adadelta/AssignAddVariableOp,2,4.16,2.08,4.16,2.08,0.0008772373770602426,0.994689339878874,0.0,0.0
64,Device,AssignAddVariableOp,AssignAddVariableOp_3,2,4.16,2.08,4.16,2.08,0.0008772373770602426,0.9955665772559342,0.0,0.0
65,Device,Mul,gradient_tape/sequential/dropout/dropout/Mul,2,4.16,2.08,4.16,2.08,0.0008772373770602426,0.9964438146329945,0.0,0.0
66,Device,AssignAddVariableOp,AssignAddVariableOp,2,4.096,2.048,4.096,2.048,0.000863741417413162,0.9973075560504077,0.0,0.0
67,Device,AssignAddVariableOp,AssignAddVariableOp_2,2,4.096,2.048,4.096,2.048,0.000863741417413162,0.9981712974678209,0.0,0.0
68,Device,Cast,Cast_1,2,4.096,2.048,4.096,2.048,0.000863741417413162,0.999035038885234,0.0,0.0
69,Device,LogicalAnd,LogicalAnd,1,2.048,2.048,2.048,2.048,0.000431870708706581,0.9994669095939406,0.0,0.0
70,Device,_Send,IteratorGetNext/_3,1,1.344,1.344,1.344,1.344,0.00028341515258869377,0.9997503247465293,0.0,0.0
71,Device,_Recv,IteratorGetNext/_4,1,1.184,1.184,1.184,1.184,0.0002496752534709921,1.0000000000000002,0.0,0.0
72,Host,IDLE,IDLE,0,12269.662,0.0,12269.662,0.0,0.0,0.0,0.9239593630423695,0.9239593630423695
73,Host,_Send,IteratorGetNext/_6,2,733.503,366.7515,733.503,366.7515,0.0,0.0,0.05523599302651264,0.9791953560688821
74,Host,GatherV2,GatherV2,2,43.789,21.8945,43.789,21.8945,0.0,0.0,0.0032975037575005994,0.9824928598263827
75,Host,LogicalAnd,LogicalAnd,1,39.448,39.448,39.448,39.448,0.0,0.0,0.0029706074179790274,0.9854634672443617
76,Host,Dataset,Iterator::Model,2,57.35,28.675,37.87,18.935,0.0,0.0,0.002851777096908988,0.9883152443412707
77,Host,FlushSummaryWriter,FlushSummaryWriter,1,35.373,35.373,35.373,35.373,0.0,0.0,0.002663742045127057,0.9909789863863978
78,Host,Dataset,Iterator::Model::ParallelMapV2::Zip[1]::ForeverRepeat,2,29.45,14.725,24.312,12.156,0.0,0.0,0.0018308002318471435,0.9928097866182449
79,Host,Dataset,Iterator::Model::ParallelMapV2,2,19.48,9.74,19.48,9.74,0.0,0.0,0.0014669294388113836,0.9942767160570564
80,Host,WriteSummary,WriteSummary,1,19.262,19.262,19.262,19.262,0.0,0.0,0.0014505130826686279,0.995727229139725
81,Host,Dataset,Iterator::Model::ParallelMapV2::Zip[0]::FlatMap,2,22.651,11.3255,16.151,8.0755,0.0,0.0,0.001216241137897467,0.9969434702776224
82,Host,IteratorGetNext,IteratorGetNext,2,12.185,6.0925,12.185,6.0925,0.0,0.0,0.0009175839431168741,0.9978610542207393
83,Host,GatherV2,GatherV2_1,2,9.702,4.851,9.702,4.851,0.0,0.0,0.0007306031527386059,0.998591657373478
84,Host,Dataset,Iterator::Model::ParallelMapV2::Zip[0]::FlatMap[1]::TensorSlice,2,6.5,3.25,6.5,3.25,0.0,0.0,0.0004894785088436341,0.9990811358823216
85,Host,Dataset,Iterator::Model::ParallelMapV2::Zip,2,58.465,29.2325,6.364,3.182,0.0,0.0,0.0004792371123509058,0.9995603729946725
86,Host,Dataset,Iterator::Model::ParallelMapV2::Zip[1]::ForeverRepeat::FromTensor,4,5.138,1.2845,5.138,1.2845,0.0,0.0,0.0003869139351443988,0.9999472869298169
87,Host,Identity,Identity,1,0.7,0.7,0.7,0.7,0.0,0.0,5.2713070183160595e-05,1.0
