Rank,Host/device,Type,Operation,#Occurrences,Total time (us),Avg. time (us),Total self-time (us),Avg. self-time (us),Total self-time on Device (%),Cumulative total-self time on Device (%),Total self-time on Host (%),Cumulative total-self time on Host (%)
1,Device,IDLE,IDLE,0,4760.852,0.0,4760.852,0.0,0.5775051535537019,0.5775051535537019,0.0,0.0
2,Device,ResourceApplyAdadelta,Adadelta/Adadelta/update_4/ResourceApplyAdadelta,2,420.22,210.11,420.22,210.11,0.050973904592357976,0.6284790581460599,0.0,0.0
3,Device,Conv2DBackpropFilter,gradient_tape/sequential/conv2d_1/Conv2DBackpropFilter,4,339.678,84.9195,339.678,84.9195,0.04120392642930601,0.6696829845753659,0.0,0.0
4,Device,Conv2DBackpropInput,gradient_tape/sequential/conv2d_1/Conv2DBackpropInput,4,308.317,77.07925,308.317,77.07925,0.03739974618581227,0.7070827307611782,0.0,0.0
5,Device,Conv2D,sequential/conv2d_1/Conv2D,2,278.11,139.055,278.11,139.055,0.0337355494887932,0.7408182802499714,0.0,0.0
6,Device,Conv2DBackpropFilter,gradient_tape/sequential/conv2d/Conv2DBackpropFilter,2,257.854,128.927,257.854,128.927,0.031278437948593286,0.7720967181985647,0.0,0.0
7,Device,MaxPoolGrad,gradient_tape/sequential/max_pooling2d/MaxPool/MaxPoolGrad,2,125.983,62.9915,125.983,62.9915,0.015282103237016407,0.7873788214355811,0.0,0.0
8,Device,MatMul,gradient_tape/sequential/dense/MatMul,2,121.215,60.6075,121.215,60.6075,0.014703731010334281,0.8020825524459154,0.0,0.0
9,Device,SoftmaxCrossEntropyWithLogits,categorical_crossentropy/softmax_cross_entropy_with_logits,2,119.869,59.9345,119.869,59.9345,0.014540457307080475,0.8166230097529958,0.0,0.0
10,Device,ReluGrad,gradient_tape/sequential/conv2d/ReluGrad,2,114.879,57.4395,114.879,57.4395,0.013935155836622463,0.8305581655896183,0.0,0.0
11,Device,MatMul,sequential/dense/MatMul,2,98.975,49.4875,98.975,49.4875,0.01200595451674987,0.8425641201063682,0.0,0.0
12,Device,MaxPoolGrad,gradient_tape/sequential/max_pooling2d_1/MaxPool/MaxPoolGrad,2,97.983,48.9915,97.983,48.9915,0.011885622040057615,0.8544497421464258,0.0,0.0
13,Device,MatMul,gradient_tape/sequential/dense/MatMul_1,2,92.991,46.4955,92.991,46.4955,0.011280077963799819,0.8657298201102256,0.0,0.0
14,Device,Conv2D,sequential/conv2d/Conv2D,2,87.071,43.5355,87.071,43.5355,0.010561964796442818,0.8762917849066684,0.0,0.0
15,Device,Relu,sequential/conv2d/Relu,2,79.903,39.9515,79.903,39.9515,0.009692465610021368,0.8859842505166897,0.0,0.0
16,Device,BiasAdd,sequential/conv2d/BiasAdd,2,78.368,39.184,78.368,39.184,0.00950626565868809,0.8954905161753778,0.0,0.0
17,Device,_Send,IteratorGetNext/_1,2,67.871,33.9355,67.871,33.9355,0.008232949118528218,0.903723465293906,0.0,0.0
18,Device,MaxPool,sequential/max_pooling2d/MaxPool,2,58.271,29.1355,58.271,29.1355,0.0070684412795709185,0.910791906573477,0.0,0.0
19,Device,BiasAddGrad,gradient_tape/sequential/conv2d/BiasAdd/BiasAddGrad,2,48.031,24.0155,48.031,24.0155,0.005826299584683132,0.9166182061581601,0.0,0.0
20,Device,ResourceApplyAdadelta,Adadelta/Adadelta/update_2/ResourceApplyAdadelta,2,38.112,19.056,38.112,19.056,0.004623096120660481,0.9212413022788206,0.0,0.0
21,Device,ResourceApplyAdadelta,Adadelta/Adadelta/update_6/ResourceApplyAdadelta,2,34.56,17.28,34.56,17.28,0.00419222822024628,0.9254335304990668,0.0,0.0
22,Device,ResourceApplyAdadelta,Adadelta/Adadelta/update_7/ResourceApplyAdadelta,2,32.128,16.064,32.128,16.064,0.00389721956771043,0.9293307500667772,0.0,0.0
23,Device,BiasAddGrad,gradient_tape/sequential/conv2d_1/BiasAdd/BiasAddGrad,2,30.047,15.0235,30.047,15.0235,0.0036447882330364573,0.9329755382998137,0.0,0.0
24,Device,ResourceApplyAdadelta,Adadelta/Adadelta/update/ResourceApplyAdadelta,2,29.824,14.912,29.824,14.912,0.003617737686360678,0.9365932759861744,0.0,0.0
25,Device,ResourceApplyAdadelta,Adadelta/Adadelta/update_5/ResourceApplyAdadelta,2,29.536,14.768,29.536,14.768,0.003582802451191959,0.9401760784373663,0.0,0.0
26,Device,MatMul,sequential/dense_1/MatMul,2,28.736,14.368,28.736,14.368,0.0034857601312788507,0.9436618385686452,0.0,0.0
27,Device,ResourceApplyAdadelta,Adadelta/Adadelta/update_3/ResourceApplyAdadelta,2,26.175,13.0875,26.175,13.0875,0.0031751034046570126,0.9468369419733021,0.0,0.0
28,Device,ResourceApplyAdadelta,Adadelta/Adadelta/update_1/ResourceApplyAdadelta,2,24.992,12.496,24.992,12.496,0.003031602074085504,0.9498685440473876,0.0,0.0
29,Device,Softmax,sequential/dense_1/Softmax,2,22.88,11.44,22.88,11.44,0.0027754103495148978,0.9526439543969025,0.0,0.0
30,Device,MatMul,gradient_tape/sequential/dense_1/MatMul_1,2,17.952,8.976,17.952,8.976,0.002177629658850151,0.9548215840557527,0.0,0.0
31,Device,MatMul,gradient_tape/sequential/dense_1/MatMul,2,16.16,8.08,16.16,8.08,0.001960254862244788,0.9567818389179975,0.0,0.0
32,Device,BiasAdd,sequential/conv2d_1/BiasAdd,2,15.327,7.6635,15.327,7.6635,0.0018592095466352639,0.9586410484646327,0.0,0.0
33,Device,MaxPool,sequential/max_pooling2d_1/MaxPool,2,13.632,6.816,13.632,6.816,0.0016536011313193657,0.9602946495959521,0.0,0.0
34,Device,ReluGrad,gradient_tape/sequential/conv2d_1/ReluGrad,2,13.536,6.768,13.536,6.768,0.0016419560529297927,0.961936605648882,0.0,0.0
35,Device,Unknown,gradient_tape/sequential/max_pooling2d_1/MaxPool/MaxPoolGrad-2-TransposeNHWCToNCHW-LayoutOptimizer:Transpose,2,12.639,6.3195,12.639,6.3195,0.00153314735172722,0.9634697530006092,0.0,0.0
36,Device,RandomUniform,sequential/dropout/dropout/random_uniform/RandomUniform,2,12.287,6.1435,12.287,6.1435,0.0014904487309654526,0.9649602017315747,0.0,0.0
37,Device,BiasAdd,sequential/dense/BiasAdd,2,11.808,5.904,11.808,5.904,0.0014323446419174787,0.9663925463734921,0.0,0.0
38,Device,Unknown,sequential/max_pooling2d_1/MaxPool-0-2-TransposeNCHWToNHWC-LayoutOptimizer:Transpose,2,11.424,5.712,11.424,5.712,0.0013857643283591867,0.9677783107018514,0.0,0.0
39,Device,BiasAddGrad,gradient_tape/sequential/dense/BiasAdd/BiasAddGrad,2,11.136,5.568,11.136,5.568,0.0013508290931904677,0.9691291397950419,0.0,0.0
40,Device,Relu,sequential/conv2d_1/Relu,2,9.888,4.944,9.888,4.944,0.0011994430741260188,0.9703285828691679,0.0,0.0
41,Device,BiasAddGrad,gradient_tape/sequential/dense_1/BiasAdd/BiasAddGrad,2,9.504,4.752,9.504,4.752,0.0011528627605677268,0.9714814456297356,0.0,0.0
42,Device,ArgMax,ArgMax,2,9.312,4.656,9.312,4.656,0.0011295726037885807,0.9726110182335241,0.0,0.0
43,Device,ArgMax,ArgMax_1,2,8.928,4.464,8.928,4.464,0.0010829922902302889,0.9736940105237544,0.0,0.0
44,Device,Mul,sequential/dropout/dropout/Mul_1,2,8.895,4.4475,8.895,4.4475,0.001078989294533873,0.9747729998182882,0.0,0.0
45,Device,Mul,gradient_tape/sequential/dropout/dropout/Mul_1,2,8.608,4.304,8.608,4.304,0.0010441753622650455,0.9758171751805533,0.0,0.0
46,Device,DivNoNan,div_no_nan_1,2,8.192,4.096,8.192,4.096,0.0009937133559102293,0.9768108885364636,0.0,0.0
47,Device,Mul,gradient_tape/categorical_crossentropy/softmax_cross_entropy_with_logits/mul,2,8.192,4.096,8.192,4.096,0.0009937133559102293,0.9778046018923738,0.0,0.0
48,Device,ReluGrad,gradient_tape/sequential/dense/ReluGrad,2,8.192,4.096,8.192,4.096,0.0009937133559102293,0.9787983152482841,0.0,0.0
49,Device,Mul,gradient_tape/sequential/dropout/dropout/Mul,2,8.16,4.08,8.16,4.08,0.0009898316631137048,0.9797881469113978,0.0,0.0
50,Device,Relu,sequential/dense/Relu,2,8.16,4.08,8.16,4.08,0.0009898316631137048,0.9807779785745115,0.0,0.0
51,Device,Mul,sequential/dropout/dropout/Mul,2,8.16,4.08,8.16,4.08,0.0009898316631137048,0.9817678102376253,0.0,0.0
52,Device,DivNoNan,gradient_tape/categorical_crossentropy/weighted_loss/value/div_no_nan,2,8.096,4.048,8.096,4.048,0.0009820682775206562,0.982749878515146,0.0,0.0
53,Device,GreaterEqual,sequential/dropout/dropout/GreaterEqual,2,8.096,4.048,8.096,4.048,0.0009820682775206562,0.9837319467926666,0.0,0.0
54,Device,AssignAddVariableOp,AssignAddVariableOp_1,2,8.032,4.016,8.032,4.016,0.0009743048919276075,0.9847062516845942,0.0,0.0
55,Device,BiasAdd,sequential/dense_1/BiasAdd,2,7.552,3.776,7.552,3.776,0.0009160794999797425,0.985622331184574,0.0,0.0
56,Device,DivNoNan,div_no_nan,2,7.392,3.696,7.392,3.696,0.0008966710359971209,0.9865190022205711,0.0,0.0
57,Device,Cast,categorical_crossentropy/weighted_loss/num_elements/Cast,2,7.135,3.5675,7.135,3.5675,0.0008654961907250348,0.9873844984112962,0.0,0.0
58,Device,Tile,gradient_tape/categorical_crossentropy/weighted_loss/Tile_1,2,7.104,3.552,7.104,3.552,0.0008617358008284018,0.9882462342121245,0.0,0.0
59,Device,DivNoNan,categorical_crossentropy/weighted_loss/value,2,6.976,3.488,6.976,3.488,0.0008462090296423046,0.9890924432417668,0.0,0.0
60,Device,Cast,sequential/dropout/dropout/Cast,2,6.912,3.456,6.912,3.456,0.0008384456440492558,0.989930888885816,0.0,0.0
61,Device,Equal,Equal,2,6.752,3.376,6.752,3.376,0.0008190371800666341,0.9907499260658826,0.0,0.0
62,Device,AssignAddVariableOp,Adadelta/Adadelta/AssignAddVariableOp,2,6.72,3.36,6.72,3.36,0.0008151554872701098,0.9915650815531527,0.0,0.0
63,Device,Cast,Cast,2,6.592,3.296,6.592,3.296,0.0007996287160840125,0.9923647102692367,0.0,0.0
64,Device,Sum,categorical_crossentropy/weighted_loss/Sum,2,6.528,3.264,6.528,3.264,0.0007918653304909638,0.9931565755997276,0.0,0.0
65,Device,Mul,Mul,2,6.464,3.232,6.464,3.232,0.0007841019448979153,0.9939406775446255,0.0,0.0
66,Device,AssignAddVariableOp,AssignAddVariableOp_4,2,6.336,3.168,6.336,3.168,0.0007685751737118179,0.9947092527183373,0.0,0.0
67,Device,Cast,Cast_1,2,6.24,3.12,6.24,3.12,0.000756930095322245,0.9954661828136596,0.0,0.0
68,Device,Sum,Sum_2,2,6.208,3.104,6.208,3.104,0.0007530484025257205,0.9962192312161854,0.0,0.0
69,Device,AssignAddVariableOp,AssignAddVariableOp_3,2,6.112,3.056,6.112,3.056,0.0007414033241361476,0.9969606345403216,0.0,0.0
70,Device,AssignAddVariableOp,AssignAddVariableOp,2,5.792,2.896,5.792,2.896,0.0007025863961709042,0.9976632209364925,0.0,0.0
71,Device,AssignAddVariableOp,AssignAddVariableOp_2,2,5.504,2.752,5.504,2.752,0.0006676511610021851,0.9983308720974947,0.0,0.0
72,Device,Cast,Cast_2,2,5.12,2.56,5.12,2.56,0.0006210708474438932,0.9989519429449386,0.0,0.0
73,Device,LogicalAnd,LogicalAnd,1,2.592,2.592,2.592,2.592,0.000314417116518471,0.9992663600614571,0.0,0.0
74,Device,_Recv,Size/_16,2,2.016,1.008,2.016,1.008,0.00024454664618103294,0.9995109067076381,0.0,0.0
75,Device,_Recv,categorical_crossentropy/weighted_loss/num_elements/_14,2,1.76,0.88,1.76,0.88,0.0002134931038088383,0.9997243998114469,0.0,0.0
76,Device,_Send,IteratorGetNext/_3,2,1.664,0.832,1.664,0.832,0.0002018480254192653,0.9999262478368661,0.0,0.0
77,Device,_Recv,strided_slice/_12,2,0.608,0.304,0.608,0.304,7.375216313396232e-05,1.0,0.0,0.0
78,Host,IDLE,IDLE,0,15374.132,0.0,15374.132,0.0,0.0,0.0,0.8329985979909811,0.8329985979909811
79,Host,IteratorGetNext,IteratorGetNext,2,1740.8,870.4,1740.8,870.4,0.0,0.0,0.09431972870941266,0.9273183267003937
80,Host,_Send,IteratorGetNext/_1,2,977.073,488.5365,977.073,488.5365,0.0,0.0,0.05293960264780099,0.9802579293481947
81,Host,GatherV2,GatherV2,2,108.127,54.0635,108.127,54.0635,0.0,0.0,0.005858518673117339,0.986116448021312
82,Host,LogicalAnd,LogicalAnd,1,56.975,56.975,56.975,56.975,0.0,0.0,0.0030870097330071154,0.9892034577543192
83,Host,FlushSummaryWriter,FlushSummaryWriter,1,41.436,41.436,41.436,41.436,0.0,0.0,0.0022450782851581017,0.9914485360394772
84,Host,Dataset,Iterator::Model,2,43.129,21.5645,25.88,12.94,0.0,0.0,0.0014022257462084097,0.9928507617856857
85,Host,Dataset,Iterator::Model::ParallelMapV2::Zip[1]::ForeverRepeat,2,31.408,15.704,25.282,12.641,0.0,0.0,0.00136982501219633,0.9942205867978819
86,Host,WriteSummary,WriteSummary,1,25.166,25.166,25.166,25.166,0.0,0.0,0.0013635399199799399,0.9955841267178619
87,Host,Dataset,Iterator::Model::ParallelMapV2::Zip[0]::FlatMap[1]::Concatenate,2,29.865,14.9325,22.085,11.0425,0.0,0.0,0.001196605703439441,0.9967807324213014
88,Host,Dataset,Iterator::Model::ParallelMapV2,2,17.249,8.6245,17.249,8.6245,0.0,0.0,0.000934582376211316,0.9977153147975127
89,Host,GatherV2,GatherV2_1,2,15.935,7.9675,15.935,7.9675,0.0,0.0,0.0008633874523118628,0.9985787022498246
90,Host,Dataset,Iterator::Model::ParallelMapV2::Zip,2,72.772,36.386,8.685,4.3425,0.0,0.0,0.00047056918878748223,0.9990492714386121
91,Host,Dataset,Iterator::Model::ParallelMapV2::Zip[0]::FlatMap[1]::Concatenate[0]::TensorSlice,2,7.78,3.89,7.78,3.89,0.0,0.0,0.0004215346331337492,0.9994708060717459
92,Host,Dataset,Iterator::Model::ParallelMapV2::Zip[1]::ForeverRepeat::FromTensor,4,6.126,1.5315,6.126,1.5315,0.0,0.0,0.00033191788722073876,0.9998027239589666
93,Host,Dataset,Iterator::Model::ParallelMapV2::Zip[0]::FlatMap,2,32.679,16.3395,2.814,1.407,0.0,0.0,0.00015246766807691133,0.9999551916270435
94,Host,Identity,Identity,1,0.827,0.827,0.827,0.827,0.0,0.0,4.480837295650521e-05,1.0
