Rank,Host/device,Type,Operation,#Occurrences,Total time (us),Avg. time (us),Total self-time (us),Avg. self-time (us),Total self-time on Device (%),Cumulative total-self time on Device (%),Total self-time on Host (%),Cumulative total-self time on Host (%)
1,Device,IDLE,IDLE,0,8514.899,0.0,8514.899,0.0,0.6578451025651783,0.6578451025651783,0.0,0.0
2,Device,Conv2DBackpropFilter,gradient_tape/sequential/conv2d_1/Conv2DBackpropFilter,4,535.803,133.95075,535.803,133.95075,0.04139513334095098,0.6992402359061293,0.0,0.0
3,Device,Conv2DBackpropInput,gradient_tape/sequential/conv2d_1/Conv2DBackpropInput,4,425.691,106.42275,425.691,106.42275,0.03288808705259725,0.7321283229587265,0.0,0.0
4,Device,ResourceApplyAdadelta,Adadelta/Adadelta/update_4/ResourceApplyAdadelta,2,418.812,209.406,418.812,209.406,0.03235662843394002,0.7644849513926666,0.0,0.0
5,Device,Conv2D,sequential/conv2d_1/Conv2D,4,416.06,104.015,416.06,104.015,0.03214401408322848,0.7966289654758951,0.0,0.0
6,Device,Conv2DBackpropFilter,gradient_tape/sequential/conv2d/Conv2DBackpropFilter,2,288.285,144.1425,288.285,144.1425,0.0222723575926153,0.8189013230685104,0.0,0.0
7,Device,ReluGrad,gradient_tape/sequential/conv2d/ReluGrad,2,237.854,118.927,237.854,118.927,0.01837615326095329,0.8372774763294637,0.0,0.0
8,Device,MaxPoolGrad,gradient_tape/sequential/max_pooling2d/MaxPool/MaxPoolGrad,2,194.558,97.279,194.558,97.279,0.015031185627084472,0.8523086619565482,0.0,0.0
9,Device,BiasAdd,sequential/conv2d/BiasAdd,2,182.686,91.343,182.686,91.343,0.014113977207154443,0.8664226391637027,0.0,0.0
10,Device,Relu,sequential/conv2d/Relu,2,168.286,84.143,168.286,84.143,0.013001460255756832,0.8794240994194595,0.0,0.0
11,Device,MaxPoolGrad,gradient_tape/sequential/max_pooling2d_1/MaxPool/MaxPoolGrad,2,131.039,65.5195,131.039,65.5195,0.010123826999596635,0.8895479264190562,0.0,0.0
12,Device,_Send,IteratorGetNext/_1,2,130.976,65.488,130.976,65.488,0.010118959737934271,0.8996668861569905,0.0,0.0
13,Device,MatMul,gradient_tape/sequential/dense/MatMul,2,127.455,63.7275,127.455,63.7275,0.00984693389169323,0.9095138200486838,0.0,0.0
14,Device,Conv2D,sequential/conv2d/Conv2D,2,123.199,61.5995,123.199,61.5995,0.009518123326057936,0.9190319433747417,0.0,0.0
15,Device,MaxPool,sequential/max_pooling2d/MaxPool,2,114.687,57.3435,114.687,57.3435,0.008860502194787349,0.9278924455695291,0.0,0.0
16,Device,MatMul,sequential/dense/MatMul,2,104.511,52.2555,104.511,52.2555,0.008074323549133035,0.9359667691186622,0.0,0.0
17,Device,MatMul,gradient_tape/sequential/dense/MatMul_1,2,100.127,50.0635,100.127,50.0635,0.007735623943929764,0.943702393062592,0.0,0.0
18,Device,BiasAddGrad,gradient_tape/sequential/conv2d/BiasAdd/BiasAddGrad,2,85.503,42.7515,85.503,42.7515,0.00660580117328819,0.9503081942358802,0.0,0.0
19,Device,SoftmaxCrossEntropyWithLogits,categorical_crossentropy/softmax_cross_entropy_with_logits,2,80.446,40.223,80.446,40.223,0.006215106852231404,0.9565233010881116,0.0,0.0
20,Device,BiasAddGrad,gradient_tape/sequential/conv2d_1/BiasAdd/BiasAddGrad,2,32.768,16.384,32.768,16.384,0.002531594129402564,0.9590548952175141,0.0,0.0
21,Device,ResourceApplyAdadelta,Adadelta/Adadelta/update_2/ResourceApplyAdadelta,2,30.912,15.456,30.912,15.456,0.0023882030556668715,0.961443098273181,0.0,0.0
22,Device,BiasAdd,sequential/conv2d_1/BiasAdd,2,23.328,11.664,23.328,11.664,0.0018022774612641299,0.9632453757344451,0.0,0.0
23,Device,ResourceApplyAdadelta,Adadelta/Adadelta/update_6/ResourceApplyAdadelta,2,23.264,11.632,23.264,11.632,0.0017973329414801404,0.9650427086759252,0.0,0.0
24,Device,ReluGrad,gradient_tape/sequential/conv2d_1/ReluGrad,2,22.464,11.232,22.464,11.232,0.0017355264441802731,0.9667782351201055,0.0,0.0
25,Device,ResourceApplyAdadelta,Adadelta/Adadelta/update_7/ResourceApplyAdadelta,2,20.032,10.016,20.032,10.016,0.0015476346923886768,0.9683258698124942,0.0,0.0
26,Device,ResourceApplyAdadelta,Adadelta/Adadelta/update/ResourceApplyAdadelta,2,19.936,9.968,19.936,9.968,0.0015402179127126927,0.9698660877252069,0.0,0.0
27,Device,MatMul,sequential/dense_1/MatMul,2,19.328,9.664,19.328,9.664,0.0014932449747647935,0.9713593326999717,0.0,0.0
28,Device,ResourceApplyAdadelta,Adadelta/Adadelta/update_1/ResourceApplyAdadelta,2,19.039,9.5195,19.039,9.5195,0.0014709173776152166,0.9728302500775868,0.0,0.0
29,Device,ResourceApplyAdadelta,Adadelta/Adadelta/update_5/ResourceApplyAdadelta,2,18.911,9.4555,18.911,9.4555,0.0014610283380472378,0.9742912784156341,0.0,0.0
30,Device,ResourceApplyAdadelta,Adadelta/Adadelta/update_3/ResourceApplyAdadelta,2,18.048,9.024,18.048,9.024,0.0013943545790850056,0.9756856329947191,0.0,0.0
31,Device,Softmax,sequential/dense_1/Softmax,2,17.919,8.9595,17.919,8.9595,0.0013843882813954023,0.9770700212761145,0.0,0.0
32,Device,Unknown,gradient_tape/sequential/max_pooling2d_1/MaxPool/MaxPoolGrad-2-TransposeNHWCToNCHW-LayoutOptimizer:Transpose,2,14.24,7.12,14.24,7.12,0.0011001556519376376,0.9781701769280522,0.0,0.0
33,Device,MaxPool,sequential/max_pooling2d_1/MaxPool,2,13.568,6.784,13.568,6.784,0.001048238194205749,0.9792184151222579,0.0,0.0
34,Device,MatMul,gradient_tape/sequential/dense_1/MatMul_1,2,13.344,6.672,13.344,6.672,0.0010309323749617863,0.9802493474972197,0.0,0.0
35,Device,RandomUniform,sequential/dropout/dropout/random_uniform/RandomUniform,2,12.447,6.2235,12.447,6.2235,0.0009616318398643099,0.981210979337084,0.0,0.0
36,Device,BiasAddGrad,gradient_tape/sequential/dense_1/BiasAdd/BiasAddGrad,2,12.288,6.144,12.288,6.144,0.0009493477985259614,0.98216032713561,0.0,0.0
37,Device,Relu,sequential/conv2d_1/Relu,2,11.008,5.504,11.008,5.504,0.0008504574028461737,0.9830107845384561,0.0,0.0
38,Device,Unknown,sequential/max_pooling2d_1/MaxPool-0-2-TransposeNCHWToNHWC-LayoutOptimizer:Transpose,2,10.656,5.328,10.656,5.328,0.0008232625440342322,0.9838340470824903,0.0,0.0
39,Device,MatMul,gradient_tape/sequential/dense_1/MatMul,2,10.208,5.104,10.208,5.104,0.0007886509055463065,0.9846226979880366,0.0,0.0
40,Device,BiasAddGrad,gradient_tape/sequential/dense/BiasAdd/BiasAddGrad,2,8.512,4.256,8.512,4.256,0.0006576211312705879,0.9852803191193071,0.0,0.0
41,Device,BiasAdd,sequential/dense/BiasAdd,2,8.192,4.096,8.192,4.096,0.000632898532350641,0.9859132176516577,0.0,0.0
42,Device,GreaterEqual,sequential/dropout/dropout/GreaterEqual,2,8.192,4.096,8.192,4.096,0.000632898532350641,0.9865461161840083,0.0,0.0
43,Device,Mul,gradient_tape/sequential/dropout/dropout/Mul_1,2,7.424,3.712,7.424,3.712,0.0005735642949427684,0.9871196804789512,0.0,0.0
44,Device,Mul,sequential/dropout/dropout/Mul_1,2,7.392,3.696,7.392,3.696,0.0005710920350507737,0.987690772514002,0.0,0.0
45,Device,ReluGrad,gradient_tape/sequential/dense/ReluGrad,2,7.36,3.68,7.36,3.68,0.000568619775158779,0.9882593922891607,0.0,0.0
46,Device,Relu,sequential/dense/Relu,2,7.04,3.52,7.04,3.52,0.0005438971762388321,0.9888032894653995,0.0,0.0
47,Device,Cast,sequential/dropout/dropout/Cast,2,6.848,3.424,6.848,3.424,0.0005290636168868639,0.9893323530822864,0.0,0.0
48,Device,Mul,gradient_tape/sequential/dropout/dropout/Mul,2,6.688,3.344,6.688,3.344,0.0005167023174268904,0.9898490553997132,0.0,0.0
49,Device,ArgMax,ArgMax_1,2,6.432,3.216,6.432,3.216,0.0004969242382909329,0.9903459796380042,0.0,0.0
50,Device,ArgMax,ArgMax,2,6.271,3.1355,6.271,3.1355,0.00048448568070933465,0.9908304653187135,0.0,0.0
51,Device,Mul,gradient_tape/categorical_crossentropy/softmax_cross_entropy_with_logits/mul,2,6.144,3.072,6.144,3.072,0.0004746738992629807,0.9913051392179766,0.0,0.0
52,Device,Mul,sequential/dropout/dropout/Mul,2,5.952,2.976,5.952,2.976,0.0004598403399110126,0.9917649795578876,0.0,0.0
53,Device,Sum,categorical_crossentropy/weighted_loss/Sum,2,5.535,2.7675,5.535,2.7675,0.0004276237031934568,0.992192603261081,0.0,0.0
54,Device,Mul,Mul,2,5.504,2.752,5.504,2.752,0.00042522870142308686,0.9926178319625042,0.0,0.0
55,Device,DivNoNan,div_no_nan,2,5.504,2.752,5.504,2.752,0.00042522870142308686,0.9930430606639273,0.0,0.0
56,Device,AssignAddVariableOp,Adadelta/Adadelta/AssignAddVariableOp,2,5.472,2.736,5.472,2.736,0.0004227564415310922,0.9934658171054584,0.0,0.0
57,Device,Cast,categorical_crossentropy/weighted_loss/num_elements/Cast,2,5.344,2.672,5.344,2.672,0.00041286740196311343,0.9938786845074216,0.0,0.0
58,Device,DivNoNan,gradient_tape/categorical_crossentropy/weighted_loss/value/div_no_nan,2,5.28,2.64,5.28,2.64,0.0004079228821791241,0.9942866073896007,0.0,0.0
59,Device,BiasAdd,sequential/dense_1/BiasAdd,2,5.12,2.56,5.12,2.56,0.0003955615827191506,0.9946821689723199,0.0,0.0
60,Device,Equal,Equal,2,4.736,2.368,4.736,2.368,0.0003658944640152143,0.9950480634363351,0.0,0.0
61,Device,AssignAddVariableOp,AssignAddVariableOp_4,2,4.608,2.304,4.608,2.304,0.0003560054244472355,0.9954040688607824,0.0,0.0
62,Device,DivNoNan,div_no_nan_1,2,4.608,2.304,4.608,2.304,0.0003560054244472355,0.9957600742852296,0.0,0.0
63,Device,Cast,Cast_2,2,4.48,2.24,4.48,2.24,0.0003461163848792568,0.9961061906701089,0.0,0.0
64,Device,DivNoNan,categorical_crossentropy/weighted_loss/value,2,4.48,2.24,4.48,2.24,0.0003461163848792568,0.9964523070549881,0.0,0.0
65,Device,Tile,gradient_tape/categorical_crossentropy/weighted_loss/Tile_1,2,4.48,2.24,4.48,2.24,0.0003461163848792568,0.9967984234398674,0.0,0.0
66,Device,AssignAddVariableOp,AssignAddVariableOp_2,2,4.448,2.224,4.448,2.224,0.0003436441249872621,0.9971420675648546,0.0,0.0
67,Device,AssignAddVariableOp,AssignAddVariableOp_3,2,4.448,2.224,4.448,2.224,0.0003436441249872621,0.9974857116898418,0.0,0.0
68,Device,AssignAddVariableOp,AssignAddVariableOp_1,2,4.352,2.176,4.352,2.176,0.00033622734531127803,0.997821939035153,0.0,0.0
69,Device,Sum,Sum_2,2,4.288,2.144,4.288,2.144,0.00033128282552728864,0.9981532218606803,0.0,0.0
70,Device,Cast,Cast_1,2,4.256,2.128,4.256,2.128,0.00032881056563529394,0.9984820324263156,0.0,0.0
71,Device,Cast,Cast,2,4.16,2.08,4.16,2.08,0.00032139378595930985,0.9988034262122749,0.0,0.0
72,Device,AssignAddVariableOp,AssignAddVariableOp,2,4.096,2.048,4.096,2.048,0.0003164492661753205,0.9991198754784503,0.0,0.0
73,Device,_Recv,strided_slice/_12,2,2.432,1.216,2.432,1.216,0.00018789175179159654,0.9993077672302418,0.0,0.0
74,Device,_Recv,categorical_crossentropy/weighted_loss/num_elements/_14,2,2.4,1.2,2.4,1.2,0.00018541949189960184,0.9994931867221415,0.0,0.0
75,Device,LogicalAnd,LogicalAnd,1,2.368,2.368,2.368,2.368,0.00018294723200760715,0.9996761339541491,0.0,0.0
76,Device,_Send,IteratorGetNext/_3,1,1.824,1.824,1.824,1.824,0.0001409188138436974,0.9998170527679928,0.0,0.0
77,Device,_Recv,IteratorGetNext/_4,1,1.76,1.76,1.76,1.76,0.00013597429405970803,0.9999530270620526,0.0,0.0
78,Device,_Recv,Size/_16,2,0.608,0.304,0.608,0.304,4.6972937947899135e-05,1.0000000000000004,0.0,0.0
79,Host,IDLE,IDLE,0,42290.883,0.0,42290.883,0.0,0.0,0.0,0.8871848540379579,0.8871848540379579
80,Host,IteratorGetNext,IteratorGetNext,2,1973.535,986.7675,1973.535,986.7675,0.0,0.0,0.04140113037871073,0.9285859844166686
81,Host,_Send,IteratorGetNext/_1,2,1762.791,881.3955,1762.791,881.3955,0.0,0.0,0.03698010930711534,0.965566093723784
82,Host,_Send,IteratorGetNext/_3,2,854.513,427.2565,854.513,427.2565,0.0,0.0,0.017926109303003618,0.9834922030267876
83,Host,GatherV2,GatherV2,2,421.168,210.584,421.168,210.584,0.0,0.0,0.008835329132415103,0.9923275321592028
84,Host,_Send,IteratorGetNext/_6,2,68.834,34.417,68.834,34.417,0.0,0.0,0.0014440105741667488,0.9937715427333695
85,Host,LogicalAnd,LogicalAnd,1,54.361,54.361,54.361,54.361,0.0,0.0,0.0011403936836778135,0.9949119364170473
86,Host,FlushSummaryWriter,FlushSummaryWriter,1,39.603,39.603,39.603,39.603,0.0,0.0,0.000830798017966786,0.9957427344350142
87,Host,Dataset,Iterator::Model::ParallelMapV2::Zip[1]::ForeverRepeat,2,43.229,21.6145,36.819,18.4095,0.0,0.0,0.0007723948242183444,0.9965151292592325
88,Host,Dataset,Iterator::Model,2,56.654,28.327,33.902,16.951,0.0,0.0,0.0007112015353662596,0.9972263307945988
89,Host,GatherV2,GatherV2_1,2,29.134,14.567,29.134,14.567,0.0,0.0,0.0006111776748085838,0.9978375084694073
90,Host,WriteSummary,WriteSummary,1,25.778,25.778,25.778,25.778,0.0,0.0,0.000540774974298609,0.9983782834437059
91,Host,Dataset,Iterator::Model::ParallelMapV2,2,22.752,11.376,22.752,11.376,0.0,0.0,0.0004772950661510571,0.998855578509857
92,Host,Dataset,Iterator::Model::ParallelMapV2::Zip[0]::FlatMap[1]::Concatenate,2,33.713,16.8565,21.746,10.873,0.0,0.0,0.0004561910385250039,0.999311769548382
93,Host,Dataset,Iterator::Model::ParallelMapV2::Zip[0]::FlatMap[1]::Concatenate[0]::TensorSlice,2,11.967,5.9835,11.967,5.9835,0.0,0.0,0.000251045624851868,0.9995628151732339
94,Host,Dataset,Iterator::Model::ParallelMapV2::Zip,2,90.476,45.238,10.296,5.148,0.0,0.0,0.00021599112170759863,0.9997788062949414
95,Host,Dataset,Iterator::Model::ParallelMapV2::Zip[1]::ForeverRepeat::FromTensor,4,6.41,1.6025,6.41,1.6025,0.0,0.0,0.00013446999710039893,0.9999132762920419
96,Host,Dataset,Iterator::Model::ParallelMapV2::Zip[0]::FlatMap,2,36.951,18.4755,3.238,1.619,0.0,0.0,6.792727778644176e-05,0.9999812035698283
97,Host,Identity,Identity,1,0.896,0.896,0.896,0.896,0.0,0.0,1.8796430171912235e-05,1.0000000000000002
