Rank,Host/device,Type,Operation,#Occurrences,Total time (us),Avg. time (us),Total self-time (us),Avg. self-time (us),Total self-time on Device (%),Cumulative total-self time on Device (%),Total self-time on Host (%),Cumulative total-self time on Host (%)
1,Device,IDLE,IDLE,0,2674.981,0.0,2674.981,0.0,0.5587533883150574,0.5587533883150574,0.0,0.0
2,Device,ResourceApplyAdadelta,Adadelta/Adadelta/update_4/ResourceApplyAdadelta,2,422.94,211.47,422.94,211.47,0.08834423797924933,0.6470976262943067,0.0,0.0
3,Device,Conv2DBackpropFilter,gradient_tape/sequential/conv2d/Conv2DBackpropFilter,2,190.654,95.327,190.654,95.327,0.03982404678605902,0.6869216730803657,0.0,0.0
4,Device,Conv2DBackpropFilter,gradient_tape/sequential/conv2d_1/Conv2DBackpropFilter,4,170.687,42.67175,170.687,42.67175,0.035653314767967396,0.7225749878483331,0.0,0.0
5,Device,Conv2D,sequential/conv2d_1/Conv2D,4,163.038,40.7595,163.038,40.7595,0.0340555820486614,0.7566305698969945,0.0,0.0
6,Device,Conv2DBackpropInput,gradient_tape/sequential/conv2d_1/Conv2DBackpropInput,4,148.831,37.20775,148.831,37.20775,0.031088006059227444,0.787718575956222,0.0,0.0
7,Device,MatMul,gradient_tape/sequential/dense/MatMul,2,86.462,43.231,86.462,43.231,0.01806029106767356,0.8057788670238956,0.0,0.0
8,Device,SoftmaxCrossEntropyWithLogits,categorical_crossentropy/softmax_cross_entropy_with_logits,2,82.015,41.0075,82.015,41.0075,0.017131396126798443,0.822910263150694,0.0,0.0
9,Device,MatMul,sequential/dense/MatMul,2,67.551,33.7755,67.551,33.7755,0.014110137654835844,0.8370204008055299,0.0,0.0
10,Device,MaxPoolGrad,gradient_tape/sequential/max_pooling2d/MaxPool/MaxPoolGrad,2,53.344,26.672,53.344,26.672,0.011142561665401892,0.8481629624709317,0.0,0.0
11,Device,Conv2D,sequential/conv2d/Conv2D,2,53.216,26.608,53.216,26.608,0.011115824864765055,0.8592787873356967,0.0,0.0
12,Device,ReluGrad,gradient_tape/sequential/conv2d/ReluGrad,2,47.903,23.9515,47.903,23.9515,0.010006038757081337,0.8692848260927781,0.0,0.0
13,Device,MatMul,gradient_tape/sequential/dense/MatMul_1,2,43.904,21.952,43.904,21.952,0.009170722618435151,0.8784555487112132,0.0,0.0
14,Device,MaxPoolGrad,gradient_tape/sequential/max_pooling2d_1/MaxPool/MaxPoolGrad,2,36.799,18.3995,36.799,18.3995,0.007686621301835711,0.886142170013049,0.0,0.0
15,Device,_Send,IteratorGetNext/_1,2,35.04,17.52,35.04,17.52,0.007319199174334176,0.8934613691873832,0.0,0.0
16,Device,BiasAddGrad,gradient_tape/sequential/conv2d/BiasAdd/BiasAddGrad,2,33.855,16.9275,33.855,16.9275,0.007071674887188456,0.9005330440745716,0.0,0.0
17,Device,ResourceApplyAdadelta,Adadelta/Adadelta/update_2/ResourceApplyAdadelta,2,30.464,15.232,30.464,15.232,0.006363358551567246,0.9068964026261388,0.0,0.0
18,Device,ResourceApplyAdadelta,Adadelta/Adadelta/update_6/ResourceApplyAdadelta,2,22.976,11.488,22.976,11.488,0.004799255714312272,0.9116956583404511,0.0,0.0
19,Device,ResourceApplyAdadelta,Adadelta/Adadelta/update_7/ResourceApplyAdadelta,2,21.888,10.944,21.888,10.944,0.004571992908899157,0.9162676512493503,0.0,0.0
20,Device,ResourceApplyAdadelta,Adadelta/Adadelta/update_5/ResourceApplyAdadelta,2,20.992,10.496,20.992,10.496,0.004384835304441296,0.9206524865537916,0.0,0.0
21,Device,ResourceApplyAdadelta,Adadelta/Adadelta/update/ResourceApplyAdadelta,2,18.688,9.344,18.688,9.344,0.003903572892978227,0.9245560594467699,0.0,0.0
22,Device,MatMul,sequential/dense_1/MatMul,2,17.92,8.96,17.92,8.96,0.0037431520891572046,0.9282992115359271,0.0,0.0
23,Device,ResourceApplyAdadelta,Adadelta/Adadelta/update_1/ResourceApplyAdadelta,2,17.344,8.672,17.344,8.672,0.003622836486291437,0.9319220480222186,0.0,0.0
24,Device,ResourceApplyAdadelta,Adadelta/Adadelta/update_3/ResourceApplyAdadelta,2,17.312,8.656,17.312,8.656,0.003616152286132228,0.9355382003083508,0.0,0.0
25,Device,BiasAdd,sequential/conv2d/BiasAdd,2,17.216,8.608,17.216,8.608,0.0035960996856545997,0.9391342999940053,0.0,0.0
26,Device,BiasAddGrad,gradient_tape/sequential/conv2d_1/BiasAdd/BiasAddGrad,2,16.415,8.2075,16.415,8.2075,0.003428785800419392,0.9425630857944247,0.0,0.0
27,Device,Softmax,sequential/dense_1/Softmax,2,16.32,8.16,16.32,8.16,0.0034089420811967393,0.9459720278756214,0.0,0.0
28,Device,MaxPool,sequential/max_pooling2d/MaxPool,2,15.967,7.9835,15.967,7.9835,0.003335206998190462,0.9493072348738119,0.0,0.0
29,Device,MatMul,gradient_tape/sequential/dense_1/MatMul_1,2,11.424,5.712,11.424,5.712,0.0023862594568377173,0.9516934943306495,0.0,0.0
30,Device,MatMul,gradient_tape/sequential/dense_1/MatMul,2,10.24,5.12,10.24,5.12,0.002138944050946974,0.9538324383815965,0.0,0.0
31,Device,Relu,sequential/conv2d/Relu,2,10.24,5.12,10.24,5.12,0.002138944050946974,0.9559713824325434,0.0,0.0
32,Device,BiasAdd,sequential/conv2d_1/BiasAdd,2,8.416,4.208,8.416,4.208,0.0017579446418720442,0.9577293270744155,0.0,0.0
33,Device,RandomUniform,sequential/dropout/dropout/random_uniform/RandomUniform,2,8.064,4.032,8.064,4.032,0.001684418440120742,0.9594137455145363,0.0,0.0
34,Device,MaxPool,sequential/max_pooling2d_1/MaxPool,2,7.84,3.92,7.84,3.92,0.0016376290390062768,0.9610513745535426,0.0,0.0
35,Device,Unknown,gradient_tape/sequential/max_pooling2d_1/MaxPool/MaxPoolGrad-2-TransposeNHWCToNCHW-LayoutOptimizer:Transpose,2,7.808,3.904,7.808,3.904,0.0016309448388470674,0.9626823193923897,0.0,0.0
36,Device,Relu,sequential/dense/Relu,2,7.424,3.712,7.424,3.712,0.001550734436936556,0.9642330538293262,0.0,0.0
37,Device,ArgMax,ArgMax_1,2,7.2,3.6,7.2,3.6,0.001503945035822091,0.9657369988651483,0.0,0.0
38,Device,BiasAddGrad,gradient_tape/sequential/dense_1/BiasAdd/BiasAddGrad,2,7.136,3.568,7.136,3.568,0.0014905766355036724,0.967227575500652,0.0,0.0
39,Device,DivNoNan,div_no_nan,2,6.592,3.296,6.592,3.296,0.0013769452327971143,0.968604520733449,0.0,0.0
40,Device,ArgMax,ArgMax,2,6.496,3.248,6.496,3.248,0.0013568926323194867,0.9699614133657686,0.0,0.0
41,Device,Mul,sequential/dropout/dropout/Mul_1,2,6.464,3.232,6.464,3.232,0.0013502084321602773,0.9713116217979288,0.0,0.0
42,Device,Relu,sequential/conv2d_1/Relu,2,6.368,3.184,6.368,3.184,0.0013301558316826494,0.9726417776296115,0.0,0.0
43,Device,BiasAdd,sequential/dense/BiasAdd,2,5.952,2.976,5.952,2.976,0.0012432612296129286,0.9738850388592244,0.0,0.0
44,Device,GreaterEqual,sequential/dropout/dropout/GreaterEqual,2,5.92,2.96,5.92,2.96,0.0012365770294537192,0.9751216158886781,0.0,0.0
45,Device,Mul,gradient_tape/categorical_crossentropy/softmax_cross_entropy_with_logits/mul,2,5.887,2.9435,5.887,2.9435,0.0012296839480395345,0.9763512998367176,0.0,0.0
46,Device,BiasAddGrad,gradient_tape/sequential/dense/BiasAdd/BiasAddGrad,2,5.76,2.88,5.76,2.88,0.0012031560286576727,0.9775544558653754,0.0,0.0
47,Device,Mul,gradient_tape/sequential/dropout/dropout/Mul,2,5.76,2.88,5.76,2.88,0.0012031560286576727,0.9787576118940331,0.0,0.0
48,Device,AssignAddVariableOp,AssignAddVariableOp,2,5.728,2.864,5.728,2.864,0.0011964718284984634,0.9799540837225316,0.0,0.0
49,Device,ReluGrad,gradient_tape/sequential/dense/ReluGrad,2,5.728,2.864,5.728,2.864,0.0011964718284984634,0.98115055555103,0.0,0.0
50,Device,Mul,sequential/dropout/dropout/Mul,2,5.6,2.8,5.6,2.8,0.0011697350278616263,0.9823202905788917,0.0,0.0
51,Device,AssignAddVariableOp,AssignAddVariableOp_2,2,5.568,2.784,5.568,2.784,0.001163050827702417,0.9834833414065941,0.0,0.0
52,Device,Unknown,sequential/max_pooling2d_1/MaxPool-0-1-TransposeNCHWToNHWC-LayoutOptimizer:Transpose,2,5.504,2.752,5.504,2.752,0.0011496824273839984,0.9846330238339781,0.0,0.0
53,Device,AssignAddVariableOp,AssignAddVariableOp_3,2,5.472,2.736,5.472,2.736,0.0011429982272247892,0.9857760220612029,0.0,0.0
54,Device,AssignAddVariableOp,AssignAddVariableOp_4,2,5.312,2.656,5.312,2.656,0.0011095772264287428,0.9868855992876316,0.0,0.0
55,Device,Sum,categorical_crossentropy/weighted_loss/Sum,2,5.28,2.64,5.28,2.64,0.0011028930262695334,0.9879884923139012,0.0,0.0
56,Device,DivNoNan,div_no_nan_1,2,5.088,2.544,5.088,2.544,0.0010627878253142776,0.9890512801392155,0.0,0.0
57,Device,ReluGrad,gradient_tape/sequential/conv2d_1/ReluGrad,2,4.864,2.432,4.864,2.432,0.0010159984241998126,0.9900672785634154,0.0,0.0
58,Device,AssignAddVariableOp,Adadelta/Adadelta/AssignAddVariableOp,2,4.64,2.32,4.64,2.32,0.0009692090230853474,0.9910364875865008,0.0,0.0
59,Device,DivNoNan,categorical_crossentropy/weighted_loss/value,2,4.576,2.288,4.576,2.288,0.0009558406227669289,0.9919923282092676,0.0,0.0
60,Device,Cast,Cast_1,2,4.384,2.192,4.384,2.192,0.0009157354218116733,0.9929080636310793,0.0,0.0
61,Device,Mul,Mul,2,4.384,2.192,4.384,2.192,0.0009157354218116733,0.993823799052891,0.0,0.0
62,Device,Cast,sequential/dropout/dropout/Cast,2,4.384,2.192,4.384,2.192,0.0009157354218116733,0.9947395344747026,0.0,0.0
63,Device,AssignAddVariableOp,AssignAddVariableOp_1,2,4.352,2.176,4.352,2.176,0.0009090512216524639,0.9956485856963551,0.0,0.0
64,Device,Sum,Sum_2,2,4.32,2.16,4.32,2.16,0.0009023670214932546,0.9965509527178483,0.0,0.0
65,Device,Mul,gradient_tape/sequential/dropout/dropout/Mul_2,2,4.32,2.16,4.32,2.16,0.0009023670214932546,0.9974533197393416,0.0,0.0
66,Device,BiasAdd,sequential/dense_1/BiasAdd,2,4.256,2.128,4.256,2.128,0.0008889986211748361,0.9983423183605165,0.0,0.0
67,Device,Equal,Equal,2,4.096,2.048,4.096,2.048,0.0008555776203787895,0.9991978959808953,0.0,0.0
68,Device,LogicalAnd,LogicalAnd,1,2.048,2.048,2.048,2.048,0.00042778881018939476,0.9996256847910846,0.0,0.0
69,Device,_Send,IteratorGetNext/_3,2,1.792,0.896,1.792,0.896,0.0003743152089157204,1.0000000000000002,0.0,0.0
70,Host,IDLE,IDLE,0,14780.719,0.0,14780.719,0.0,0.0,0.0,0.8724145720144081,0.8724145720144081
71,Host,_Send,IteratorGetNext/_1,2,921.887,460.9435,921.887,460.9435,0.0,0.0,0.05441329698173997,0.926827868996148
72,Host,_Send,IteratorGetNext/_3,2,875.37,437.685,875.37,437.685,0.0,0.0,0.051667685713005736,0.9784955547091537
73,Host,_Send,IteratorGetNext/_6,2,64.05,32.025,64.05,32.025,0.0,0.0,0.0037804759929150156,0.9822760307020687
74,Host,GatherV2,GatherV2,2,63.256,31.628,63.256,31.628,0.0,0.0,0.0037336110758443754,0.9860096417779131
75,Host,LogicalAnd,LogicalAnd,1,46.32,46.32,46.32,46.32,0.0,0.0,0.0027339835752041145,0.9887436253531172
76,Host,FlushSummaryWriter,FlushSummaryWriter,1,32.052,32.052,32.052,32.052,0.0,0.0,0.0018918316397332098,0.9906354569928504
77,Host,Dataset,Iterator::Model::ParallelMapV2::Zip[0]::FlatMap,2,39.089,19.5445,31.72,15.86,0.0,0.0,0.0018722357298245791,0.9925076927226749
78,Host,Dataset,Iterator::Model::ParallelMapV2::Zip[1]::ForeverRepeat,2,28.901,14.4505,23.729,11.8645,0.0,0.0,0.0014005763440418486,0.9939082690667168
79,Host,Dataset,Iterator::Model,2,39.871,19.9355,23.373,11.6865,0.0,0.0,0.0013795638623325943,0.9952878329290494
80,Host,WriteSummary,WriteSummary,1,21.964,21.964,21.964,21.964,0.0,0.0,0.0012963992928709664,0.9965842322219204
81,Host,Dataset,Iterator::Model::ParallelMapV2,2,16.498,8.249,16.498,8.249,0.0,0.0,0.0009737750652788748,0.9975580072871992
82,Host,IteratorGetNext,IteratorGetNext,2,13.186,6.593,13.186,6.593,0.0,0.0,0.0007782881567927775,0.998336295443992
83,Host,GatherV2,GatherV2_1,2,8.251,4.1255,8.251,4.1255,0.0,0.0,0.00048700558028948936,0.9988233010242815
84,Host,Dataset,Iterator::Model::ParallelMapV2::Zip[0]::FlatMap[1]::TensorSlice,2,7.369,3.6845,7.369,3.6845,0.0,0.0,0.0004349465666165613,0.9992582475908981
85,Host,Dataset,Iterator::Model::ParallelMapV2::Zip,2,74.73,37.365,6.74,3.37,0.0,0.0,0.00039782058067521013,0.9996560681715733
86,Host,Dataset,Iterator::Model::ParallelMapV2::Zip[1]::ForeverRepeat::FromTensor,4,5.172,1.293,5.172,1.293,0.0,0.0,0.000305271223034449,0.9999613393946077
87,Host,Identity,Identity,1,0.655,0.655,0.655,0.655,0.0,0.0,3.8660605392027096e-05,0.9999999999999998
